Brand,Media L1,Media L2,Message,Confirm VAT,Confirm CTC,wc Mon,Volume,Spend
ClientBrand,Direct Mail,,Unclassified,EXCLUDING,CTC,2011-10-17,Missing Data,425000.0
ClientBrand,Direct Mail,,Unclassified,EXCLUDING,CTC,2011-10-24,Missing Data,425000.0
ClientBrand,Direct Mail,,Unclassified,EXCLUDING,CTC,2011-11-28,Missing Data,245000.0
ClientBrand,Direct Mail,,Unclassified,EXCLUDING,CTC,2011-12-05,Missing Data,245000.0
ClientBrand,Direct Mail,,Unclassified,EXCLUDING,CTC,2012-03-12,Missing Data,182283.0
ClientBrand,Direct Mail,,Unclassified,EXCLUDING,CTC,2012-03-19,Missing Data,47214.0
ClientBrand,Direct Mail,,Unclassified,EXCLUDING,CTC,2012-05-14,Missing Data,140592.62
ClientBrand,Direct Mail,,Unclassified,EXCLUDING,CTC,2012-05-21,Missing Data,63164.8
ClientBrand,Direct Mail,,Unclassified,EXCLUDING,CTC,2012-10-15,Missing Data,228023.86892
ClientBrand,Direct Mail,,Unclassified,EXCLUDING,CTC,2012-10-22,Missing Data,141753.61862
ClientBrand,Direct Mail,,Unclassified,EXCLUDING,CTC,2012-11-26,Missing Data,339860.51
ClientBrand,Direct Mail,,Unclassified,EXCLUDING,CTC,2013-05-13,Missing Data,153846.0
ClientBrand,Direct Mail,,Unclassified,EXCLUDING,CTC,2013-08-05,Missing Data,696.0
ClientBrand,Direct Mail,,Unclassified,EXCLUDING,CTC,2015-03-02,Missing Data,11220.622
ClientBrand,Direct Mail,,Unclassified,EXCLUDING,CTC,2015-03-09,Missing Data,11220.622
ClientBrand,Direct Mail,,Unclassified,EXCLUDING,CTC,2015-03-16,Missing Data,11220.622
ClientBrand,Direct Mail,,Unclassified,EXCLUDING,CTC,2015-03-23,Missing Data,11220.622
ClientBrand,Direct Mail,,Unclassified,EXCLUDING,CTC,2015-03-30,Missing Data,11220.622
ClientBrand,Direct Mail,,Unclassified,EXCLUDING,CTC,2015-04-06,Missing Data,17182.9925
ClientBrand,Direct Mail,,Unclassified,EXCLUDING,CTC,2015-04-13,Missing Data,17182.9925
ClientBrand,Direct Mail,,Unclassified,EXCLUDING,CTC,2015-04-20,Missing Data,17182.9925
ClientBrand,Direct Mail,,Unclassified,EXCLUDING,CTC,2015-04-27,Missing Data,17182.9925
ClientBrand,Direct Mail,,Unclassified,EXCLUDING,CTC,2015-05-04,Missing Data,7701.7
ClientBrand,Direct Mail,,Unclassified,EXCLUDING,CTC,2015-05-11,Missing Data,7701.7
ClientBrand,Direct Mail,,Unclassified,EXCLUDING,CTC,2015-05-18,Missing Data,7701.7
ClientBrand,Direct Mail,,Unclassified,EXCLUDING,CTC,2015-05-25,Missing Data,7701.7
ClientBrand,Direct Mail,,Unclassified,EXCLUDING,CTC,2015-06-01,Missing Data,3248.13
ClientBrand,Direct Mail,,Unclassified,EXCLUDING,CTC,2015-06-08,Missing Data,3248.13
ClientBrand,Direct Mail,,Unclassified,EXCLUDING,CTC,2015-06-15,Missing Data,3248.13
ClientBrand,Direct Mail,,Unclassified,EXCLUDING,CTC,2015-06-22,Missing Data,3248.13
ClientBrand,Direct Mail,,Unclassified,EXCLUDING,CTC,2015-06-29,Missing Data,3248.13
ClientBrand,Direct Mail,,Unclassified,EXCLUDING,CTC,2015-09-07,Missing Data,17555.7475
ClientBrand,Direct Mail,,Unclassified,EXCLUDING,CTC,2015-09-14,Missing Data,17555.7475
ClientBrand,Direct Mail,,Unclassified,EXCLUDING,CTC,2015-09-21,Missing Data,17555.7475
ClientBrand,Direct Mail,,Unclassified,EXCLUDING,CTC,2015-09-28,Missing Data,17555.7475
ClientBrand,Direct Mail,,Unclassified,EXCLUDING,CTC,2015-10-05,Missing Data,17555.7475
ClientBrand,Direct Mail,,Unclassified,EXCLUDING,CTC,2015-10-12,Missing Data,17555.7475
ClientBrand,Direct Mail,,Unclassified,EXCLUDING,CTC,2015-10-19,Missing Data,17555.7475
ClientBrand,Direct Mail,,Unclassified,EXCLUDING,CTC,2015-10-26,Missing Data,17555.7475
ClientBrand,Direct Mail,,Unclassified,EXCLUDING,CTC,2015-11-02,Missing Data,14042.8
ClientBrand,Direct Mail,,Unclassified,EXCLUDING,CTC,2015-11-09,Missing Data,14042.8
ClientBrand,Direct Mail,,Unclassified,EXCLUDING,CTC,2015-11-16,Missing Data,14042.8
ClientBrand,Direct Mail,,Unclassified,EXCLUDING,CTC,2015-11-23,Missing Data,14042.8
ClientBrand,Direct Mail,,Unclassified,EXCLUDING,CTC,2015-11-30,Missing Data,14042.8
ClientBrand,Direct Mail,,Unclassified,EXCLUDING,CTC,2015-12-07,Missing Data,10077.5
ClientBrand,Direct Mail,,Unclassified,EXCLUDING,CTC,2015-12-14,Missing Data,10077.5
ClientBrand,Direct Mail,,Unclassified,EXCLUDING,CTC,2015-12-21,Missing Data,10077.5
ClientBrand,Direct Mail,,Unclassified,EXCLUDING,CTC,2015-12-28,Missing Data,10077.5
ClientBrand,Direct Mail,Data Cost,Unclassified,EXCLUDING,CTC,2016-01-25,34215,10264.5
ClientBrand,Direct Mail,Management Cost,Unclassified,EXCLUDING,CTC,2016-01-25,Not Applicable,3350.3360000000002
ClientBrand,Direct Mail,Postage,Unclassified,EXCLUDING,CTC,2016-01-25,Not Applicable,6329.775
ClientBrand,Direct Mail,Print Cost,Unclassified,EXCLUDING,CTC,2016-01-25,Not Applicable,4790.1
ClientBrand,Direct Mail,Data Cost,Unclassified,EXCLUDING,CTC,2016-02-01,34215,10264.5
ClientBrand,Direct Mail,Management Cost,Unclassified,EXCLUDING,CTC,2016-02-01,Not Applicable,1787.92
ClientBrand,Direct Mail,Postage,Unclassified,EXCLUDING,CTC,2016-02-01,Not Applicable,6329.775
ClientBrand,Direct Mail,Print Cost,Unclassified,EXCLUDING,CTC,2016-02-01,Not Applicable,4790.1
ClientBrand,Direct Mail,Data Cost,Unclassified,EXCLUDING,CTC,2016-02-15,34215,10264.5
ClientBrand,Direct Mail,Management Cost,Unclassified,EXCLUDING,CTC,2016-02-15,Not Applicable,1787.92
ClientBrand,Direct Mail,Postage,Unclassified,EXCLUDING,CTC,2016-02-15,Not Applicable,6329.775
ClientBrand,Direct Mail,Print Cost,Unclassified,EXCLUDING,CTC,2016-02-15,Not Applicable,4790.1
ClientBrand,Direct Mail,Data Cost,Unclassified,EXCLUDING,CTC,2016-03-07,34215,10264.5
ClientBrand,Direct Mail,Management Cost,Unclassified,EXCLUDING,CTC,2016-03-07,Not Applicable,1166.890666666667
ClientBrand,Direct Mail,Postage,Unclassified,EXCLUDING,CTC,2016-03-07,Not Applicable,6329.775
ClientBrand,Direct Mail,Print Cost,Unclassified,EXCLUDING,CTC,2016-03-07,Not Applicable,4790.1
ClientBrand,Direct Mail,Data Cost,Unclassified,EXCLUDING,CTC,2016-03-14,34215,10264.5
ClientBrand,Direct Mail,Management Cost,Unclassified,EXCLUDING,CTC,2016-03-14,Not Applicable,1166.890666666667
ClientBrand,Direct Mail,Postage,Unclassified,EXCLUDING,CTC,2016-03-14,Not Applicable,6329.775
ClientBrand,Direct Mail,Print Cost,Unclassified,EXCLUDING,CTC,2016-03-14,Not Applicable,4790.1
ClientBrand,Direct Mail,Data Cost,Unclassified,EXCLUDING,CTC,2016-03-28,34215,10264.5
ClientBrand,Direct Mail,Management Cost,Unclassified,EXCLUDING,CTC,2016-03-28,Not Applicable,1166.890666666667
ClientBrand,Direct Mail,Postage,Unclassified,EXCLUDING,CTC,2016-03-28,Not Applicable,6329.775
ClientBrand,Direct Mail,Print Cost,Unclassified,EXCLUDING,CTC,2016-03-28,Not Applicable,4790.1
ClientBrand,Direct Mail,Data Cost,Unclassified,EXCLUDING,CTC,2016-04-11,34215,10264.5
ClientBrand,Direct Mail,Management Cost,Unclassified,EXCLUDING,CTC,2016-04-11,Not Applicable,1750.336
ClientBrand,Direct Mail,Postage,Unclassified,EXCLUDING,CTC,2016-04-11,Not Applicable,6329.775
ClientBrand,Direct Mail,Print Cost,Unclassified,EXCLUDING,CTC,2016-04-11,Not Applicable,4790.1
ClientBrand,Direct Mail,Data Cost,Unclassified,EXCLUDING,CTC,2016-04-25,34215,10264.5
ClientBrand,Direct Mail,Management Cost,Unclassified,EXCLUDING,CTC,2016-04-25,Not Applicable,1750.336
ClientBrand,Direct Mail,Postage,Unclassified,EXCLUDING,CTC,2016-04-25,Not Applicable,6329.775
ClientBrand,Direct Mail,Print Cost,Unclassified,EXCLUDING,CTC,2016-04-25,Not Applicable,4790.1
ClientBrand,Direct Mail,Data Cost,Unclassified,EXCLUDING,CTC,2016-05-02,21622,6486.599999999999
ClientBrand,Direct Mail,Management Cost,Unclassified,EXCLUDING,CTC,2016-05-02,Not Applicable,1198.225549762316
ClientBrand,Direct Mail,Postage,Unclassified,EXCLUDING,CTC,2016-05-02,Not Applicable,4000.07
ClientBrand,Direct Mail,Print Cost,Unclassified,EXCLUDING,CTC,2016-05-02,Not Applicable,3027.0800000000004
ClientBrand,Direct Mail,Data Cost,Unclassified,EXCLUDING,CTC,2016-05-16,21622,6486.599999999999
ClientBrand,Direct Mail,Management Cost,Unclassified,EXCLUDING,CTC,2016-05-16,Not Applicable,1198.225549762316
ClientBrand,Direct Mail,Postage,Unclassified,EXCLUDING,CTC,2016-05-16,Not Applicable,4000.07
ClientBrand,Direct Mail,Print Cost,Unclassified,EXCLUDING,CTC,2016-05-16,Not Applicable,3027.0800000000004
ClientBrand,Direct Mail,Data Cost,Unclassified,EXCLUDING,CTC,2016-05-30,22810,6843.0
ClientBrand,Direct Mail,Management Cost,Unclassified,EXCLUDING,CTC,2016-05-30,Not Applicable,1264.060900475369
ClientBrand,Direct Mail,Postage,Unclassified,EXCLUDING,CTC,2016-05-30,Not Applicable,4219.85
ClientBrand,Direct Mail,Print Cost,Unclassified,EXCLUDING,CTC,2016-05-30,Not Applicable,3193.4
ClientBrand,Direct Mail,Data Cost,Unclassified,EXCLUDING,CTC,2016-06-13,22810,6843.0
ClientBrand,Direct Mail,Management Cost,Unclassified,EXCLUDING,CTC,2016-06-13,Not Applicable,3132.859711236661
ClientBrand,Direct Mail,Postage,Unclassified,EXCLUDING,CTC,2016-06-13,Not Applicable,4219.85
ClientBrand,Direct Mail,Print Cost,Unclassified,EXCLUDING,CTC,2016-06-13,Not Applicable,3193.4
ClientBrand,Direct Mail,Data Cost,Unclassified,EXCLUDING,CTC,2016-06-27,2678,803.4
ClientBrand,Direct Mail,Management Cost,Unclassified,EXCLUDING,CTC,2016-06-27,Not Applicable,367.81228876333967
ClientBrand,Direct Mail,Postage,Unclassified,EXCLUDING,CTC,2016-06-27,Not Applicable,495.43
ClientBrand,Direct Mail,Print Cost,Unclassified,EXCLUDING,CTC,2016-06-27,Not Applicable,374.92
ClientBrand,Direct Mail,Data Cost,Unclassified,EXCLUDING,CTC,2016-07-11,2678,803.4
ClientBrand,Direct Mail,Management Cost,Unclassified,EXCLUDING,CTC,2016-07-11,Not Applicable,1750.3360000000002
ClientBrand,Direct Mail,Postage,Unclassified,EXCLUDING,CTC,2016-07-11,Not Applicable,495.43
ClientBrand,Direct Mail,Print Cost,Unclassified,EXCLUDING,CTC,2016-07-11,Not Applicable,374.92
ClientBrand,Direct Mail,Data Cost,Unclassified,EXCLUDING,CTC,2016-07-25,2678,803.4
ClientBrand,Direct Mail,Management Cost,Unclassified,EXCLUDING,CTC,2016-07-25,Not Applicable,1750.3360000000002
ClientBrand,Direct Mail,Postage,Unclassified,EXCLUDING,CTC,2016-07-25,Not Applicable,495.43
ClientBrand,Direct Mail,Print Cost,Unclassified,EXCLUDING,CTC,2016-07-25,Not Applicable,374.92
ClientBrand,Direct Mail,Data Cost,Unclassified,EXCLUDING,CTC,2016-08-08,22810,6843.0
ClientBrand,Direct Mail,Management Cost,Unclassified,EXCLUDING,CTC,2016-08-08,Not Applicable,1787.9240000000004
ClientBrand,Direct Mail,Postage,Unclassified,EXCLUDING,CTC,2016-08-08,Not Applicable,4219.85
ClientBrand,Direct Mail,Print Cost,Unclassified,EXCLUDING,CTC,2016-08-08,Not Applicable,3193.4
ClientBrand,Direct Mail,Data Cost,Unclassified,EXCLUDING,CTC,2016-08-22,22810,6843.0
ClientBrand,Direct Mail,Management Cost,Unclassified,EXCLUDING,CTC,2016-08-22,Not Applicable,1787.9240000000004
ClientBrand,Direct Mail,Postage,Unclassified,EXCLUDING,CTC,2016-08-22,Not Applicable,4219.85
ClientBrand,Direct Mail,Print Cost,Unclassified,EXCLUDING,CTC,2016-08-22,Not Applicable,3193.4
ClientBrand,Direct Mail,Data Cost,Unclassified,EXCLUDING,CTC,2016-09-05,13412,4023.6
ClientBrand,Direct Mail,Management Cost,Unclassified,EXCLUDING,CTC,2016-09-05,Not Applicable,1750.3400000000001
ClientBrand,Direct Mail,Postage,Unclassified,EXCLUDING,CTC,2016-09-05,Not Applicable,2481.22
ClientBrand,Direct Mail,Print Cost,Unclassified,EXCLUDING,CTC,2016-09-05,Not Applicable,1877.6800000000003
ClientBrand,Direct Mail,Data Cost,Unclassified,EXCLUDING,CTC,2016-09-19,13412,4023.6
ClientBrand,Direct Mail,Management Cost,Unclassified,EXCLUDING,CTC,2016-09-19,Not Applicable,1750.3400000000001
ClientBrand,Direct Mail,Postage,Unclassified,EXCLUDING,CTC,2016-09-19,Not Applicable,2481.22
ClientBrand,Direct Mail,Print Cost,Unclassified,EXCLUDING,CTC,2016-09-19,Not Applicable,1877.6800000000003
ClientBrand,Direct Mail,Data Cost,Unclassified,EXCLUDING,CTC,2016-10-03,22810,6843.0
ClientBrand,Direct Mail,Management Cost,Unclassified,EXCLUDING,CTC,2016-10-03,Not Applicable,1191.9466666666667
ClientBrand,Direct Mail,Postage,Unclassified,EXCLUDING,CTC,2016-10-03,Not Applicable,4219.85
ClientBrand,Direct Mail,Print Cost,Unclassified,EXCLUDING,CTC,2016-10-03,Not Applicable,3193.4
ClientBrand,Direct Mail,Data Cost,Unclassified,EXCLUDING,CTC,2016-10-17,22810,6843.0
ClientBrand,Direct Mail,Management Cost,Unclassified,EXCLUDING,CTC,2016-10-17,Not Applicable,1191.9466666666667
ClientBrand,Direct Mail,Postage,Unclassified,EXCLUDING,CTC,2016-10-17,Not Applicable,4219.85
ClientBrand,Direct Mail,Print Cost,Unclassified,EXCLUDING,CTC,2016-10-17,Not Applicable,3193.4
ClientBrand,Direct Mail,Data Cost,Unclassified,EXCLUDING,CTC,2016-10-31,22810,6843.0
ClientBrand,Direct Mail,Management Cost,Unclassified,EXCLUDING,CTC,2016-10-31,Not Applicable,1191.9466666666667
ClientBrand,Direct Mail,Postage,Unclassified,EXCLUDING,CTC,2016-10-31,Not Applicable,4219.85
ClientBrand,Direct Mail,Print Cost,Unclassified,EXCLUDING,CTC,2016-10-31,Not Applicable,3193.4
ClientBrand,Direct Mail,Data Cost,Unclassified,EXCLUDING,CTC,2016-11-14,22810,6843.0
ClientBrand,Direct Mail,Management Cost,Unclassified,EXCLUDING,CTC,2016-11-14,Not Applicable,1404.7274702695097
ClientBrand,Direct Mail,Postage,Unclassified,EXCLUDING,CTC,2016-11-14,Not Applicable,4219.85
ClientBrand,Direct Mail,Print Cost,Unclassified,EXCLUDING,CTC,2016-11-14,Not Applicable,3193.4
ClientBrand,Direct Mail,Data Cost,Unclassified,EXCLUDING,CTC,2016-11-28,34034,10210.199999999999
ClientBrand,Direct Mail,Management Cost,Unclassified,EXCLUDING,CTC,2016-11-28,Not Applicable,2095.9445297304906
ClientBrand,Direct Mail,Postage,Unclassified,EXCLUDING,CTC,2016-11-28,Not Applicable,6296.29
ClientBrand,Direct Mail,Print Cost,Unclassified,EXCLUDING,CTC,2016-11-28,Not Applicable,4764.76
ClientBrand,Direct Mail,Data Cost,Unclassified,EXCLUDING,CTC,2017-01-16,10000,3000.0
ClientBrand,Direct Mail,Management Cost,Unclassified,EXCLUDING,CTC,2017-01-16,Not Applicable,1354.4
ClientBrand,Direct Mail,Postage,Unclassified,EXCLUDING,CTC,2017-01-16,Not Applicable,2160.0
ClientBrand,Direct Mail,Print Cost,Unclassified,EXCLUDING,CTC,2017-01-16,Not Applicable,2092.0
ClientBrand,Direct Mail,Data Cost,Unclassified,EXCLUDING,CTC,2017-01-30,14150,4245.0
ClientBrand,Direct Mail,Management Cost,Unclassified,EXCLUDING,CTC,2017-01-30,Not Applicable,1373.0
ClientBrand,Direct Mail,Postage,Unclassified,EXCLUDING,CTC,2017-01-30,Not Applicable,3178.755
ClientBrand,Direct Mail,Print Cost,Unclassified,EXCLUDING,CTC,2017-01-30,Not Applicable,1923.4999999999998
ClientBrand,Direct Mail,Data Cost,Unclassified,EXCLUDING,CTC,2017-02-20,14150,4245.0
ClientBrand,Direct Mail,Management Cost,Unclassified,EXCLUDING,CTC,2017-02-20,Not Applicable,1373.0
ClientBrand,Direct Mail,Postage,Unclassified,EXCLUDING,CTC,2017-02-20,Not Applicable,3178.755
ClientBrand,Direct Mail,Print Cost,Unclassified,EXCLUDING,CTC,2017-02-20,Not Applicable,1923.4999999999998
ClientBrand,Direct Mail,Data Cost,Unclassified,EXCLUDING,CTC,2017-03-06,14150,4245.0
ClientBrand,Direct Mail,Management Cost,Unclassified,EXCLUDING,CTC,2017-03-06,Not Applicable,1373.0
ClientBrand,Direct Mail,Postage,Unclassified,EXCLUDING,CTC,2017-03-06,Not Applicable,3177.445
ClientBrand,Direct Mail,Print Cost,Unclassified,EXCLUDING,CTC,2017-03-06,Not Applicable,1873.5
ClientBrand,Direct Mail,Data Cost,Unclassified,EXCLUDING,CTC,2017-03-20,14150,4245.0
ClientBrand,Direct Mail,Management Cost,Unclassified,EXCLUDING,CTC,2017-03-20,Not Applicable,1373.0
ClientBrand,Direct Mail,Postage,Unclassified,EXCLUDING,CTC,2017-03-20,Not Applicable,3177.445
ClientBrand,Direct Mail,Print Cost,Unclassified,EXCLUDING,CTC,2017-03-20,Not Applicable,1873.5
ClientBrand,Direct Mail,Data Cost,Unclassified,EXCLUDING,CTC,2017-04-03,14150,4245.0
ClientBrand,Direct Mail,Management Cost,Unclassified,EXCLUDING,CTC,2017-04-03,Not Applicable,2746.0
ClientBrand,Direct Mail,Postage,Unclassified,EXCLUDING,CTC,2017-04-03,Not Applicable,2442.0
ClientBrand,Direct Mail,Print Cost,Unclassified,EXCLUDING,CTC,2017-04-03,Not Applicable,2155.0
ClientBrand,Direct Mail,Data Cost,Unclassified,EXCLUDING,CTC,2017-04-24,14150,4245.0
ClientBrand,Direct Mail,Management Cost,Unclassified,EXCLUDING,CTC,2017-04-24,Not Applicable,2746.0
ClientBrand,Direct Mail,Postage,Unclassified,EXCLUDING,CTC,2017-04-24,Not Applicable,2442.0
ClientBrand,Direct Mail,Print Cost,Unclassified,EXCLUDING,CTC,2017-04-24,Not Applicable,2155.0
ClientBrand,Direct Mail,Data Cost,Unclassified,EXCLUDING,CTC,2017-05-08,14150,4245.0
ClientBrand,Direct Mail,Management Cost,Unclassified,EXCLUDING,CTC,2017-05-08,Not Applicable,915.3333333333334
ClientBrand,Direct Mail,Postage,Unclassified,EXCLUDING,CTC,2017-05-08,Not Applicable,1627.6666666666665
ClientBrand,Direct Mail,Print Cost,Unclassified,EXCLUDING,CTC,2017-05-08,Not Applicable,980.3333333333333
ClientBrand,Direct Mail,Data Cost,Unclassified,EXCLUDING,CTC,2017-05-22,14150,4245.0
ClientBrand,Direct Mail,Management Cost,Unclassified,EXCLUDING,CTC,2017-05-22,Not Applicable,915.3333333333334
ClientBrand,Direct Mail,Postage,Unclassified,EXCLUDING,CTC,2017-05-22,Not Applicable,1627.6666666666665
ClientBrand,Direct Mail,Print Cost,Unclassified,EXCLUDING,CTC,2017-05-22,Not Applicable,980.3333333333333
ClientBrand,Direct Mail,Data Cost,Unclassified,EXCLUDING,CTC,2017-06-05,14150,4245.0
ClientBrand,Direct Mail,Management Cost,Unclassified,EXCLUDING,CTC,2017-06-05,Not Applicable,1373.0
ClientBrand,Direct Mail,Postage,Unclassified,EXCLUDING,CTC,2017-06-05,Not Applicable,3661.2650000000003
ClientBrand,Direct Mail,Print Cost,Unclassified,EXCLUDING,CTC,2017-06-05,Not Applicable,2443.0
ClientBrand,Direct Mail,Data Cost,Unclassified,EXCLUDING,CTC,2017-06-19,14150,4245.0
ClientBrand,Direct Mail,Management Cost,Unclassified,EXCLUDING,CTC,2017-06-19,Not Applicable,1373.0
ClientBrand,Direct Mail,Postage,Unclassified,EXCLUDING,CTC,2017-06-19,Not Applicable,3661.2650000000003
ClientBrand,Direct Mail,Print Cost,Unclassified,EXCLUDING,CTC,2017-06-19,Not Applicable,2443.0
ClientBrand,Direct Mail,Data Cost,Unclassified,EXCLUDING,CTC,2017-07-03,14150,4245.0
ClientBrand,Direct Mail,Management Cost,Unclassified,EXCLUDING,CTC,2017-07-03,Not Applicable,1373.0
ClientBrand,Direct Mail,Postage,Unclassified,EXCLUDING,CTC,2017-07-03,Not Applicable,2441.0
ClientBrand,Direct Mail,Print Cost,Unclassified,EXCLUDING,CTC,2017-07-03,Not Applicable,1578.5
ClientBrand,Direct Mail,Data Cost,Unclassified,EXCLUDING,CTC,2017-07-17,14150,4245.0
ClientBrand,Direct Mail,Management Cost,Unclassified,EXCLUDING,CTC,2017-07-17,Not Applicable,1373.0
ClientBrand,Direct Mail,Postage,Unclassified,EXCLUDING,CTC,2017-07-17,Not Applicable,2441.0
ClientBrand,Direct Mail,Print Cost,Unclassified,EXCLUDING,CTC,2017-07-17,Not Applicable,1578.5
ClientBrand,Direct Mail,Data Cost,Unclassified,EXCLUDING,CTC,2017-07-31,9434,2830.2
ClientBrand,Direct Mail,Management Cost,Unclassified,EXCLUDING,CTC,2017-07-31,Not Applicable,915.3980212014134
ClientBrand,Direct Mail,Postage,Unclassified,EXCLUDING,CTC,2017-07-31,Not Applicable,1088.7436042402826
ClientBrand,Direct Mail,Print Cost,Unclassified,EXCLUDING,CTC,2017-07-31,Not Applicable,847.0598586572438
ClientBrand,Direct Mail,Data Cost,Unclassified,EXCLUDING,CTC,2017-08-14,9434,2830.2
ClientBrand,Direct Mail,Management Cost,Unclassified,EXCLUDING,CTC,2017-08-14,Not Applicable,915.3980212014134
ClientBrand,Direct Mail,Postage,Unclassified,EXCLUDING,CTC,2017-08-14,Not Applicable,1088.7436042402826
ClientBrand,Direct Mail,Print Cost,Unclassified,EXCLUDING,CTC,2017-08-14,Not Applicable,847.0598586572438
ClientBrand,Direct Mail,Data Cost,Unclassified,EXCLUDING,CTC,2017-08-28,9432,2829.6
ClientBrand,Direct Mail,Management Cost,Unclassified,EXCLUDING,CTC,2017-08-28,Not Applicable,915.2039575971731
ClientBrand,Direct Mail,Postage,Unclassified,EXCLUDING,CTC,2017-08-28,Not Applicable,1088.5127915194346
ClientBrand,Direct Mail,Print Cost,Unclassified,EXCLUDING,CTC,2017-08-28,Not Applicable,846.8802826855124
ClientBrand,Direct Mail,Data Cost,Unclassified,EXCLUDING,CTC,2017-09-11,3420,1026.0
ClientBrand,Direct Mail,Management Cost,Unclassified,EXCLUDING,CTC,2017-09-11,Not Applicable,1200.0
ClientBrand,Direct Mail,Postage,Unclassified,EXCLUDING,CTC,2017-09-11,Not Applicable,815.0
ClientBrand,Direct Mail,Print Cost,Unclassified,EXCLUDING,CTC,2017-09-11,Not Applicable,1600.0
ClientBrand,Direct Mail,Data Cost,Unclassified,EXCLUDING,CTC,2017-11-06,3420,1026.0
ClientBrand,Direct Mail,Management Cost,Unclassified,EXCLUDING,CTC,2017-11-06,Not Applicable,1200.0
ClientBrand,Direct Mail,Postage,Unclassified,EXCLUDING,CTC,2017-11-06,Not Applicable,1110.0
ClientBrand,Direct Mail,Print Cost,Unclassified,EXCLUDING,CTC,2017-11-06,Not Applicable,1815.0
ClientBrand,Email,Data Cost,Unclassified,EXCLUDING,CTC,2016-01-25,34215,10264.5
ClientBrand,Email,Management Cost,Unclassified,EXCLUDING,CTC,2016-01-25,Not Applicable,4575.021800766284
ClientBrand,Email,Data Cost,Unclassified,EXCLUDING,CTC,2016-02-01,34215,10264.5
ClientBrand,Email,Management Cost,Unclassified,EXCLUDING,CTC,2016-02-01,Not Applicable,1953.1827203065134
ClientBrand,Email,Data Cost,Unclassified,EXCLUDING,CTC,2016-02-15,34215,10264.5
ClientBrand,Email,Management Cost,Unclassified,EXCLUDING,CTC,2016-02-15,Not Applicable,1953.1827203065134
ClientBrand,Email,Data Cost,Unclassified,EXCLUDING,CTC,2016-03-07,34215,10264.5
ClientBrand,Email,Management Cost,Unclassified,EXCLUDING,CTC,2016-03-07,Not Applicable,2390.1559003831417
ClientBrand,Email,Data Cost,Unclassified,EXCLUDING,CTC,2016-03-14,34215,10264.5
ClientBrand,Email,Management Cost,Unclassified,EXCLUDING,CTC,2016-03-14,Not Applicable,2390.1559003831417
ClientBrand,Email,Data Cost,Unclassified,EXCLUDING,CTC,2016-03-28,34215,10264.5
ClientBrand,Email,Management Cost,Unclassified,EXCLUDING,CTC,2016-03-28,Not Applicable,2390.1559003831417
ClientBrand,Email,Data Cost,Unclassified,EXCLUDING,CTC,2016-04-11,34215,10264.5
ClientBrand,Email,Management Cost,Unclassified,EXCLUDING,CTC,2016-04-11,Not Applicable,2390.1559003831417
ClientBrand,Email,Data Cost,Unclassified,EXCLUDING,CTC,2016-04-25,34215,10264.5
ClientBrand,Email,Management Cost,Unclassified,EXCLUDING,CTC,2016-04-25,Not Applicable,2390.1559003831417
ClientBrand,Email,Data Cost,Unclassified,EXCLUDING,CTC,2016-05-02,25848,7754.4
ClientBrand,Email,Management Cost,Unclassified,EXCLUDING,CTC,2016-05-02,Not Applicable,1232.7615459662288
ClientBrand,Email,Data Cost,Unclassified,EXCLUDING,CTC,2016-05-09,25848,7754.4
ClientBrand,Email,Management Cost,Unclassified,EXCLUDING,CTC,2016-05-09,Not Applicable,1232.7615459662288
ClientBrand,Email,Data Cost,Unclassified,EXCLUDING,CTC,2016-05-16,25848,7754.4
ClientBrand,Email,Management Cost,Unclassified,EXCLUDING,CTC,2016-05-16,Not Applicable,1232.7615459662288
ClientBrand,Email,Data Cost,Unclassified,EXCLUDING,CTC,2016-05-30,37584,11275.199999999999
ClientBrand,Email,Management Cost,Unclassified,EXCLUDING,CTC,2016-05-30,Not Applicable,1792.4833621013133
ClientBrand,Email,Data Cost,Unclassified,EXCLUDING,CTC,2016-06-06,18792,5637.599999999999
ClientBrand,Email,Management Cost,Unclassified,EXCLUDING,CTC,2016-06-06,Not Applicable,1312.752
ClientBrand,Email,Data Cost,Unclassified,EXCLUDING,CTC,2016-06-13,18792,5637.599999999999
ClientBrand,Email,Management Cost,Unclassified,EXCLUDING,CTC,2016-06-13,Not Applicable,1312.752
ClientBrand,Email,Data Cost,Unclassified,EXCLUDING,CTC,2016-06-27,37584,11275.199999999999
ClientBrand,Email,Management Cost,Unclassified,EXCLUDING,CTC,2016-06-27,Not Applicable,2625.504
ClientBrand,Email,Data Cost,Unclassified,EXCLUDING,CTC,2016-07-04,18792,5637.599999999999
ClientBrand,Email,Management Cost,Unclassified,EXCLUDING,CTC,2016-07-04,Not Applicable,1312.752
ClientBrand,Email,Data Cost,Unclassified,EXCLUDING,CTC,2016-07-11,18792,5637.599999999999
ClientBrand,Email,Management Cost,Unclassified,EXCLUDING,CTC,2016-07-11,Not Applicable,1312.752
ClientBrand,Email,Data Cost,Unclassified,EXCLUDING,CTC,2016-07-25,37584,11275.199999999999
ClientBrand,Email,Management Cost,Unclassified,EXCLUDING,CTC,2016-07-25,Not Applicable,2625.504
ClientBrand,Email,Data Cost,Unclassified,EXCLUDING,CTC,2016-08-01,18792,5637.599999999999
ClientBrand,Email,Management Cost,Unclassified,EXCLUDING,CTC,2016-08-01,Not Applicable,1072.7315662076157
ClientBrand,Email,Data Cost,Unclassified,EXCLUDING,CTC,2016-08-08,18792,5637.599999999999
ClientBrand,Email,Management Cost,Unclassified,EXCLUDING,CTC,2016-08-08,Not Applicable,1072.7315662076157
ClientBrand,Email,Data Cost,Unclassified,EXCLUDING,CTC,2016-08-22,37584,11275.199999999999
ClientBrand,Email,Management Cost,Unclassified,EXCLUDING,CTC,2016-08-22,Not Applicable,2145.4631324152315
ClientBrand,Email,Data Cost,Unclassified,EXCLUDING,CTC,2016-08-29,18794,5638.2
ClientBrand,Email,Management Cost,Unclassified,EXCLUDING,CTC,2016-08-29,Not Applicable,1072.8457351695365
ClientBrand,Email,Data Cost,Unclassified,EXCLUDING,CTC,2016-09-05,18794,5638.2
ClientBrand,Email,Management Cost,Unclassified,EXCLUDING,CTC,2016-09-05,Not Applicable,1312.8597828921113
ClientBrand,Email,Data Cost,Unclassified,EXCLUDING,CTC,2016-09-19,37584,11275.199999999999
ClientBrand,Email,Management Cost,Unclassified,EXCLUDING,CTC,2016-09-19,Not Applicable,2625.4401447385926
ClientBrand,Email,Data Cost,Unclassified,EXCLUDING,CTC,2016-09-26,18792,5637.599999999999
ClientBrand,Email,Management Cost,Unclassified,EXCLUDING,CTC,2016-09-26,Not Applicable,1312.7200723692963
ClientBrand,Email,Data Cost,Unclassified,EXCLUDING,CTC,2016-10-03,18792,5637.599999999999
ClientBrand,Email,Management Cost,Unclassified,EXCLUDING,CTC,2016-10-03,Not Applicable,1072.752
ClientBrand,Email,Data Cost,Unclassified,EXCLUDING,CTC,2016-10-17,37584,11275.199999999999
ClientBrand,Email,Management Cost,Unclassified,EXCLUDING,CTC,2016-10-17,Not Applicable,2145.504
ClientBrand,Email,Data Cost,Unclassified,EXCLUDING,CTC,2016-10-24,18792,5637.599999999999
ClientBrand,Email,Management Cost,Unclassified,EXCLUDING,CTC,2016-10-24,Not Applicable,1072.752
ClientBrand,Email,Data Cost,Unclassified,EXCLUDING,CTC,2016-10-31,18792,5637.599999999999
ClientBrand,Email,Management Cost,Unclassified,EXCLUDING,CTC,2016-10-31,Not Applicable,1072.752
ClientBrand,Email,Data Cost,Unclassified,EXCLUDING,CTC,2016-11-14,37584,11275.199999999999
ClientBrand,Email,Management Cost,Unclassified,EXCLUDING,CTC,2016-11-14,Not Applicable,2625.504
ClientBrand,Email,Data Cost,Unclassified,EXCLUDING,CTC,2016-11-21,18792,5637.599999999999
ClientBrand,Email,Management Cost,Unclassified,EXCLUDING,CTC,2016-11-21,Not Applicable,1312.752
ClientBrand,Email,Data Cost,Unclassified,EXCLUDING,CTC,2016-11-28,18792,5637.599999999999
ClientBrand,Email,Management Cost,Unclassified,EXCLUDING,CTC,2016-11-28,Not Applicable,1312.752
ClientBrand,Email,Data Cost,Unclassified,EXCLUDING,CTC,2017-01-09,19300,5790.0
ClientBrand,Email,Management Cost,Unclassified,EXCLUDING,CTC,2017-01-09,Not Applicable,1015.8
ClientBrand,Email,Data Cost,Unclassified,EXCLUDING,CTC,2017-01-23,19300,5790.0
ClientBrand,Email,Management Cost,Unclassified,EXCLUDING,CTC,2017-01-23,Not Applicable,1015.8
ClientBrand,Email,Data Cost,Unclassified,EXCLUDING,CTC,2017-01-30,28834,8650.199999999999
ClientBrand,Email,Management Cost,Unclassified,EXCLUDING,CTC,2017-01-30,Not Applicable,1373.03174566474
ClientBrand,Email,Data Cost,Unclassified,EXCLUDING,CTC,2017-02-06,28834,8650.199999999999
ClientBrand,Email,Management Cost,Unclassified,EXCLUDING,CTC,2017-02-06,Not Applicable,1373.03174566474
ClientBrand,Email,Data Cost,Unclassified,EXCLUDING,CTC,2017-02-13,28832,8649.6
ClientBrand,Email,Management Cost,Unclassified,EXCLUDING,CTC,2017-02-13,Not Applicable,1372.9365086705202
ClientBrand,Email,Data Cost,Unclassified,EXCLUDING,CTC,2017-02-27,21626,6487.8
ClientBrand,Email,Management Cost,Unclassified,EXCLUDING,CTC,2017-02-27,Not Applicable,1029.7976184971099
ClientBrand,Email,Data Cost,Unclassified,EXCLUDING,CTC,2017-03-06,21626,6487.8
ClientBrand,Email,Management Cost,Unclassified,EXCLUDING,CTC,2017-03-06,Not Applicable,1029.7976184971099
ClientBrand,Email,Data Cost,Unclassified,EXCLUDING,CTC,2017-03-13,21624,6487.2
ClientBrand,Email,Management Cost,Unclassified,EXCLUDING,CTC,2017-03-13,Not Applicable,1029.7023815028901
ClientBrand,Email,Data Cost,Unclassified,EXCLUDING,CTC,2017-03-27,21624,6487.2
ClientBrand,Email,Management Cost,Unclassified,EXCLUDING,CTC,2017-03-27,Not Applicable,1029.7023815028901
ClientBrand,Email,Data Cost,Unclassified,EXCLUDING,CTC,2017-04-03,28834,8650.199999999999
ClientBrand,Email,Management Cost,Unclassified,EXCLUDING,CTC,2017-04-03,Not Applicable,1373.03174566474
ClientBrand,Email,Data Cost,Unclassified,EXCLUDING,CTC,2017-04-10,28834,8650.199999999999
ClientBrand,Email,Management Cost,Unclassified,EXCLUDING,CTC,2017-04-10,Not Applicable,1373.03174566474
ClientBrand,Email,Data Cost,Unclassified,EXCLUDING,CTC,2017-04-17,28832,8649.6
ClientBrand,Email,Management Cost,Unclassified,EXCLUDING,CTC,2017-04-17,Not Applicable,1372.9365086705202
ClientBrand,Email,Data Cost,Unclassified,EXCLUDING,CTC,2017-05-01,28834,8650.199999999999
ClientBrand,Email,Management Cost,Unclassified,EXCLUDING,CTC,2017-05-01,Not Applicable,1373.03174566474
ClientBrand,Email,Data Cost,Unclassified,EXCLUDING,CTC,2017-05-08,28834,8650.199999999999
ClientBrand,Email,Management Cost,Unclassified,EXCLUDING,CTC,2017-05-08,Not Applicable,1373.03174566474
ClientBrand,Email,Data Cost,Unclassified,EXCLUDING,CTC,2017-05-15,28832,8649.6
ClientBrand,Email,Management Cost,Unclassified,EXCLUDING,CTC,2017-05-15,Not Applicable,1372.9365086705202
ClientBrand,Email,Data Cost,Unclassified,EXCLUDING,CTC,2017-05-29,21626,6487.8
ClientBrand,Email,Management Cost,Unclassified,EXCLUDING,CTC,2017-05-29,Not Applicable,1373.1693232619084
ClientBrand,Email,Data Cost,Unclassified,EXCLUDING,CTC,2017-06-05,21626,6487.8
ClientBrand,Email,Management Cost,Unclassified,EXCLUDING,CTC,2017-06-05,Not Applicable,1373.1693232619084
ClientBrand,Email,Data Cost,Unclassified,EXCLUDING,CTC,2017-06-12,21624,6487.2
ClientBrand,Email,Management Cost,Unclassified,EXCLUDING,CTC,2017-06-12,Not Applicable,1373.042330815477
ClientBrand,Email,Data Cost,Unclassified,EXCLUDING,CTC,2017-06-26,21624,6487.2
ClientBrand,Email,Management Cost,Unclassified,EXCLUDING,CTC,2017-06-26,Not Applicable,1373.042330815477
ClientBrand,Email,Data Cost,Unclassified,EXCLUDING,CTC,2017-07-03,28834,8650.199999999999
ClientBrand,Email,Management Cost,Unclassified,EXCLUDING,CTC,2017-07-03,Not Applicable,1098.4355554733454
ClientBrand,Email,Data Cost,Unclassified,EXCLUDING,CTC,2017-07-10,28834,8650.199999999999
ClientBrand,Email,Management Cost,Unclassified,EXCLUDING,CTC,2017-07-10,Not Applicable,1098.4355554733454
ClientBrand,Email,Data Cost,Unclassified,EXCLUDING,CTC,2017-07-24,28832,8649.6
ClientBrand,Email,Management Cost,Unclassified,EXCLUDING,CTC,2017-07-24,Not Applicable,1098.3593651733195
ClientBrand,Email,Data Cost,Unclassified,EXCLUDING,CTC,2017-07-31,28834,8650.199999999999
ClientBrand,Email,Management Cost,Unclassified,EXCLUDING,CTC,2017-07-31,Not Applicable,1373.03174566474
ClientBrand,Email,Data Cost,Unclassified,EXCLUDING,CTC,2017-08-07,28834,8650.199999999999
ClientBrand,Email,Management Cost,Unclassified,EXCLUDING,CTC,2017-08-07,Not Applicable,1373.03174566474
ClientBrand,Email,Data Cost,Unclassified,EXCLUDING,CTC,2017-08-21,28832,8649.6
ClientBrand,Email,Management Cost,Unclassified,EXCLUDING,CTC,2017-08-21,Not Applicable,1372.9365086705202
ClientBrand,Email,Data Cost,Unclassified,EXCLUDING,CTC,2017-08-28,21626,6487.8
ClientBrand,Email,Management Cost,Unclassified,EXCLUDING,CTC,2017-08-28,Not Applicable,1029.7976184971099
ClientBrand,Email,Data Cost,Unclassified,EXCLUDING,CTC,2017-09-04,28836,8650.8
ClientBrand,Email,Management Cost,Unclassified,EXCLUDING,CTC,2017-09-04,Not Applicable,600.0554913294798
ClientBrand,Email,Data Cost,Unclassified,EXCLUDING,CTC,2017-09-18,28832,8649.6
ClientBrand,Email,Management Cost,Unclassified,EXCLUDING,CTC,2017-09-18,Not Applicable,599.9722543352601
ClientBrand,Email,Data Cost,Unclassified,EXCLUDING,CTC,2017-09-25,28832,8649.6
ClientBrand,Email,Management Cost,Unclassified,EXCLUDING,CTC,2017-09-25,Not Applicable,599.9722543352601
ClientBrand,Email,Data Cost,Unclassified,EXCLUDING,CTC,2017-10-02,28836,8650.8
ClientBrand,Email,Management Cost,Unclassified,EXCLUDING,CTC,2017-10-02,Not Applicable,600.0554913294798
ClientBrand,Email,Data Cost,Unclassified,EXCLUDING,CTC,2017-10-16,28832,8649.6
ClientBrand,Email,Management Cost,Unclassified,EXCLUDING,CTC,2017-10-16,Not Applicable,599.9722543352601
ClientBrand,Email,Data Cost,Unclassified,EXCLUDING,CTC,2017-10-23,28832,8649.6
ClientBrand,Email,Management Cost,Unclassified,EXCLUDING,CTC,2017-10-23,Not Applicable,599.9722543352601
ClientBrand,Email,Data Cost,Unclassified,EXCLUDING,CTC,2017-10-30,28836,8650.8
ClientBrand,Email,Management Cost,Unclassified,EXCLUDING,CTC,2017-10-30,Not Applicable,600.0554913294798
ClientBrand,Email,Data Cost,Unclassified,EXCLUDING,CTC,2017-11-13,28832,8649.6
ClientBrand,Email,Management Cost,Unclassified,EXCLUDING,CTC,2017-11-13,Not Applicable,599.9722543352601
ClientBrand,Email,Data Cost,Unclassified,EXCLUDING,CTC,2017-11-20,28832,8649.6
ClientBrand,Email,Management Cost,Unclassified,EXCLUDING,CTC,2017-11-20,Not Applicable,599.9722543352601
ClientBrand,Homemovers,Data Cost,Unclassified,EXCLUDING,CTC,2018-01-29,Missing Data,18000.0
ClientBrand,Homemovers,Management Cost,Unclassified,EXCLUDING,CTC,2018-01-29,Missing Data,2000.0
ClientBrand,Homemovers,Print Cost,Unclassified,EXCLUDING,CTC,2018-01-29,Missing Data,1861.0
ClientBrand,Homemovers,Postage,Unclassified,EXCLUDING,CTC,2018-01-29,Missing Data,2258.02
ClientBrand,Homemovers,Data Cost,Unclassified,EXCLUDING,CTC,2018-02-26,Missing Data,21750.0
ClientBrand,Homemovers,Management Cost,Unclassified,EXCLUDING,CTC,2018-02-26,Missing Data,2000.0
ClientBrand,Homemovers,Print Cost,Unclassified,EXCLUDING,CTC,2018-02-26,Missing Data,1777.0
ClientBrand,Homemovers,Postage,Unclassified,EXCLUDING,CTC,2018-02-26,Missing Data,2026.17
ClientBrand,Homemovers,Data Cost,Unclassified,EXCLUDING,CTC,2018-03-26,Missing Data,21750.0
ClientBrand,Homemovers,Management Cost,Unclassified,EXCLUDING,CTC,2018-03-26,Missing Data,2000.0
ClientBrand,Homemovers,Print Cost,Unclassified,EXCLUDING,CTC,2018-03-26,Missing Data,2769.0
ClientBrand,Homemovers,Postage,Unclassified,EXCLUDING,CTC,2018-03-26,Missing Data,4015.63
ClientBrand,Homemovers,Data Cost,Unclassified,EXCLUDING,CTC,2018-04-30,Missing Data,27750.0
ClientBrand,Homemovers,Management Cost,Unclassified,EXCLUDING,CTC,2018-04-30,Missing Data,2000.0
ClientBrand,Homemovers,Print Cost,Unclassified,EXCLUDING,CTC,2018-04-30,Missing Data,2770.0
ClientBrand,Homemovers,Postage,Unclassified,EXCLUDING,CTC,2018-04-30,Missing Data,4578.0
