Brand,Media L1,Media L2,Message,Device,Confirm VAT,Confirm CTC,wc Mon,Impressions,Clicks,Spend,Comment
ClientBrand,Digital Display,,Unclassified,Unknown,EXCLUDING,CTC,2013-12-09,881,87,1.7488361317313916, GDN
ClientBrand,Digital Display,,Unclassified,Unknown,EXCLUDING,CTC,2013-12-16,540,11,1.0719313406753144, GDN
ClientBrand,Digital Display,,Unclassified,Unknown,EXCLUDING,CTC,2013-12-23,28575136,20163,56723.30341196191, GDN
ClientBrand,Digital Display,,Unclassified,Unknown,EXCLUDING,CTC,2013-12-30,9917,50,19.685820565698315, GDN
ClientBrand,Digital Display,,Unclassified,Unknown,EXCLUDING,CTC,2014-02-17,666672,821,1466.4686420210323, GDN
ClientBrand,Digital Display,,Unclassified,Unknown,EXCLUDING,CTC,2014-02-24,3697123,1064,12147.579096156094, GDN
ClientBrand,Digital Display,,Unclassified,Unknown,EXCLUDING,CTC,2014-03-03,2936056,788,9047.705116842906, GDN
ClientBrand,Digital Display,,Unclassified,Unknown,EXCLUDING,CTC,2014-03-10,1174784,381,3361.441941150326, GDN
ClientBrand,Digital Display,,Unclassified,Unknown,EXCLUDING,CTC,2014-03-17,83,0,0.2598384097110992, GDN
ClientBrand,Digital Display,,Unclassified,Unknown,EXCLUDING,CTC,2014-03-24,38,0,0.12127805577892742, GDN
ClientBrand,Digital Display,,Unclassified,Unknown,EXCLUDING,CTC,2014-03-31,27,0,0.09331251556908458, GDN
ClientBrand,Digital Display,,Unclassified,Unknown,EXCLUDING,CTC,2014-04-14,8,0,0.027019985896408923, GDN
ClientBrand,Digital Display,,Unclassified,Unknown,EXCLUDING,CTC,2014-04-21,67,0,0.2679869575336129, GDN
ClientBrand,Digital Display,,Unclassified,Unknown,EXCLUDING,CTC,2014-04-28,1,0,0.004084185959952609, GDN
ClientBrand,Digital Display,,Unclassified,Unknown,EXCLUDING,CTC,2014-05-05,9,0,0.03675767363957348, GDN
ClientBrand,Digital Display,,Unclassified,Unknown,EXCLUDING,CTC,2014-05-12,4,0,0.016336743839810437, GDN
ClientBrand,Digital Display,,Unclassified,Unknown,EXCLUDING,CTC,2014-05-19,7,0,0.02858930171966826, GDN
ClientBrand,Digital Display,,Unclassified,Unknown,EXCLUDING,CTC,2015-01-26,7643,40,14.38, GDN
ClientBrand,Digital Display,,Unclassified,Unknown,EXCLUDING,CTC,2015-02-02,258496,798,514.4300000000001, GDN
ClientBrand,Digital Display,,Unclassified,Unknown,EXCLUDING,CTC,2015-02-02,992850,995,4054.149284, DBM (data is w/c Sun)
ClientBrand,Digital Display,,Unclassified,Unknown,EXCLUDING,CTC,2015-02-09,233001,787,472.98, GDN
ClientBrand,Digital Display,,Unclassified,Unknown,EXCLUDING,CTC,2015-02-09,1666515,1765,6576.463086, DBM (data is w/c Sun)
ClientBrand,Digital Display,,Unclassified,Unknown,EXCLUDING,CTC,2015-02-16,192094,761,411.41999999999996, GDN
ClientBrand,Digital Display,,Unclassified,Unknown,EXCLUDING,CTC,2015-02-16,704323,701,2909.796653, DBM (data is w/c Sun)
ClientBrand,Digital Display,,Unclassified,Unknown,EXCLUDING,CTC,2015-02-23,363601,1101,745.5699999999999, GDN
ClientBrand,Digital Display,,Unclassified,Unknown,EXCLUDING,CTC,2015-02-23,963,1,6.912074, DBM (data is w/c Sun)
ClientBrand,Digital Display,,Unclassified,Unknown,EXCLUDING,CTC,2015-03-02,1643660,3717,2385.74, GDN
ClientBrand,Digital Display,,Unclassified,Unknown,EXCLUDING,CTC,2015-03-02,451,0,2.095612, DBM (data is w/c Sun)
ClientBrand,Digital Display,,Unclassified,Unknown,EXCLUDING,CTC,2015-03-09,1414581,3499,2073.72, GDN
ClientBrand,Digital Display,,Unclassified,Unknown,EXCLUDING,CTC,2015-03-09,106943,92,515.984661, DBM (data is w/c Sun)
ClientBrand,Digital Display,,Unclassified,Unknown,EXCLUDING,CTC,2015-03-16,229994,396,477.70000000000005, GDN
ClientBrand,Digital Display,,Unclassified,Unknown,EXCLUDING,CTC,2015-03-23,163151,510,413.1, GDN
ClientBrand,Digital Display,,Unclassified,Unknown,EXCLUDING,CTC,2015-03-30,382495,749,519.8199999999999, GDN
ClientBrand,Digital Display,,Unclassified,Unknown,EXCLUDING,CTC,2015-03-30,150,0,0.380122, DBM (data is w/c Sun)
ClientBrand,Digital Display,,Unclassified,Unknown,EXCLUDING,CTC,2015-04-06,408012,670,491.28, GDN
ClientBrand,Digital Display,,Unclassified,Unknown,EXCLUDING,CTC,2015-04-06,763476,502,3617.270602, DBM (data is w/c Sun)
ClientBrand,Digital Display,,Unclassified,Unknown,EXCLUDING,CTC,2015-04-13,302313,487,419.47, GDN
ClientBrand,Digital Display,,Unclassified,Unknown,EXCLUDING,CTC,2015-04-13,905873,666,3695.5429, DBM (data is w/c Sun)
ClientBrand,Digital Display,,Unclassified,Unknown,EXCLUDING,CTC,2015-04-20,313126,628,456.64, GDN
ClientBrand,Digital Display,,Unclassified,Unknown,EXCLUDING,CTC,2015-04-20,1667705,916,5577.908994, DBM (data is w/c Sun)
ClientBrand,Digital Display,,Unclassified,Unknown,EXCLUDING,CTC,2015-04-27,458375,794,810.5, GDN
ClientBrand,Digital Display,,Unclassified,Unknown,EXCLUDING,CTC,2015-04-27,260799,186,1102.491261, DBM (data is w/c Sun)
ClientBrand,Digital Display,,Unclassified,Unknown,EXCLUDING,CTC,2015-05-04,946117,2410,1741.5900000000001, GDN
ClientBrand,Digital Display,,Unclassified,Unknown,EXCLUDING,CTC,2015-05-04,283084,211,1047.028867, DBM (data is w/c Sun)
ClientBrand,Digital Display,,Unclassified,Unknown,EXCLUDING,CTC,2015-05-11,1345926,3543,2431.5099999999998, GDN
ClientBrand,Digital Display,,Unclassified,Unknown,EXCLUDING,CTC,2015-05-11,248912,202,937.701736, DBM (data is w/c Sun)
ClientBrand,Digital Display,,Unclassified,Unknown,EXCLUDING,CTC,2015-05-18,969990,2024,1958.26, GDN
ClientBrand,Digital Display,,Unclassified,Unknown,EXCLUDING,CTC,2015-05-18,523851,808,3291.297403, DBM (data is w/c Sun)
ClientBrand,Digital Display,,Unclassified,Unknown,EXCLUDING,CTC,2015-05-25,1662441,2811,3167.6400000000003, GDN
ClientBrand,Digital Display,,Unclassified,Unknown,EXCLUDING,CTC,2015-05-25,448091,854,4264.944486, DBM (data is w/c Sun)
ClientBrand,Digital Display,,Unclassified,Unknown,EXCLUDING,CTC,2015-06-01,1295182,1623,1697.3, GDN
ClientBrand,Digital Display,,Unclassified,Unknown,EXCLUDING,CTC,2015-06-01,230567,218,1651.738713, DBM (data is w/c Sun)
ClientBrand,Digital Display,,Unclassified,Unknown,EXCLUDING,CTC,2015-06-08,653845,866,1005.25, GDN
ClientBrand,Digital Display,,Unclassified,Unknown,EXCLUDING,CTC,2015-06-08,462256,473,4255.707389, DBM (data is w/c Sun)
ClientBrand,Digital Display,,Unclassified,Unknown,EXCLUDING,CTC,2015-06-15,355602,574,727.41, GDN
ClientBrand,Digital Display,,Unclassified,Unknown,EXCLUDING,CTC,2015-06-15,503976,587,4413.344009, DBM (data is w/c Sun)
ClientBrand,Digital Display,,Unclassified,Unknown,EXCLUDING,CTC,2015-06-22,318410,444,562.2199999999999, GDN
ClientBrand,Digital Display,,Unclassified,Unknown,EXCLUDING,CTC,2015-06-22,71626,89,529.449177, DBM (data is w/c Sun)
ClientBrand,Digital Display,,Unclassified,Unknown,EXCLUDING,CTC,2015-06-29,347296,533,691.24, GDN
ClientBrand,Digital Display,,Unclassified,Unknown,EXCLUDING,CTC,2015-07-06,876975,1268,1499.0800000000002, GDN
ClientBrand,Digital Display,,Unclassified,Unknown,EXCLUDING,CTC,2015-07-13,1956840,3556,3415.3700000000003, GDN
ClientBrand,Digital Display,,Unclassified,Unknown,EXCLUDING,CTC,2015-07-13,88259,122,223.442975, DBM (data is w/c Sun)
ClientBrand,Digital Display,,Unclassified,Unknown,EXCLUDING,CTC,2015-07-20,1788287,3517,3471.1400000000003, GDN
ClientBrand,Digital Display,,Unclassified,Unknown,EXCLUDING,CTC,2015-07-20,748004,668,3560.121763, DBM (data is w/c Sun)
ClientBrand,Digital Display,,Unclassified,Unknown,EXCLUDING,CTC,2015-07-27,1935729,3310,3430.6900000000005, GDN
ClientBrand,Digital Display,,Unclassified,Unknown,EXCLUDING,CTC,2015-07-27,896105,769,4012.655267, DBM (data is w/c Sun)
ClientBrand,Digital Display,,Unclassified,Unknown,EXCLUDING,CTC,2015-08-03,4749246,4725,5103.830000000001, GDN
ClientBrand,Digital Display,,Unclassified,Unknown,EXCLUDING,CTC,2015-08-03,687483,616,2447.302191, DBM (data is w/c Sun)
ClientBrand,Digital Display,,Unclassified,Unknown,EXCLUDING,CTC,2015-08-10,337655,745,646.01, GDN
ClientBrand,Digital Display,,Unclassified,Unknown,EXCLUDING,CTC,2015-08-10,575593,429,2041.753908, DBM (data is w/c Sun)
ClientBrand,Digital Display,,Unclassified,Unknown,EXCLUDING,CTC,2015-08-17,304674,751,712.74, GDN
ClientBrand,Digital Display,,Unclassified,Unknown,EXCLUDING,CTC,2015-08-17,279096,278,980.076787, DBM (data is w/c Sun)
ClientBrand,Digital Display,,Unclassified,Unknown,EXCLUDING,CTC,2015-08-24,368738,885,763.77, GDN
ClientBrand,Digital Display,,Unclassified,Unknown,EXCLUDING,CTC,2015-08-24,767201,724,2607.745717, DBM (data is w/c Sun)
ClientBrand,Digital Display,,Unclassified,Unknown,EXCLUDING,CTC,2015-08-31,408401,907,761.96, GDN
ClientBrand,Digital Display,,Unclassified,Unknown,EXCLUDING,CTC,2015-08-31,135106,116,437.028302, DBM (data is w/c Sun)
ClientBrand,Digital Display,,Unclassified,Unknown,EXCLUDING,CTC,2015-09-07,833089,2058,1770.33, GDN
ClientBrand,Digital Display,,Unclassified,Unknown,EXCLUDING,CTC,2015-09-07,321424,308,1330.618776, DBM (data is w/c Sun)
ClientBrand,Digital Display,,Unclassified,Unknown,EXCLUDING,CTC,2015-09-14,2668065,3703,3716.5600000000004, GDN
ClientBrand,Digital Display,,Unclassified,Unknown,EXCLUDING,CTC,2015-09-14,333313,306,1652.717338, DBM (data is w/c Sun)
ClientBrand,Digital Display,,Unclassified,Unknown,EXCLUDING,CTC,2015-09-21,1469187,2421,1519.0500000000002, GDN
ClientBrand,Digital Display,,Unclassified,Unknown,EXCLUDING,CTC,2015-09-21,161119,136,717.960804, DBM (data is w/c Sun)
ClientBrand,Digital Display,,Unclassified,Unknown,EXCLUDING,CTC,2015-09-28,1247285,2300,1492.58, GDN
ClientBrand,Digital Display,,Unclassified,Unknown,EXCLUDING,CTC,2015-09-28,1203658,1384,7824.953082, DBM (data is w/c Sun)
ClientBrand,Digital Display,,Unclassified,Unknown,EXCLUDING,CTC,2015-10-05,29095,58,36.98, GDN
ClientBrand,Digital Display,,Unclassified,Unknown,EXCLUDING,CTC,2015-10-05,158348,136,1038.656724, DBM (data is w/c Sun)
ClientBrand,Digital Display,,Unclassified,Unknown,EXCLUDING,CTC,2015-10-12,90877,192,203.39, GDN
ClientBrand,Digital Display,,Unclassified,Unknown,EXCLUDING,CTC,2015-10-12,191493,132,1380.676063, DBM (data is w/c Sun)
ClientBrand,Digital Display,,Unclassified,Unknown,EXCLUDING,CTC,2015-10-26,373307,798,1153.41, GDN
ClientBrand,Digital Display,,Unclassified,Unknown,EXCLUDING,CTC,2015-10-26,550297,601,3295.393382, DBM (data is w/c Sun)
ClientBrand,Digital Display,,Unclassified,Unknown,EXCLUDING,CTC,2015-11-02,1219846,7056,3587.6, GDN
ClientBrand,Digital Display,,Unclassified,Unknown,EXCLUDING,CTC,2015-11-02,336246,316,2596.306836, DBM (data is w/c Sun)
ClientBrand,Digital Display,,Unclassified,Unknown,EXCLUDING,CTC,2015-11-09,1243736,6005,2251.12, GDN
ClientBrand,Digital Display,,Unclassified,Unknown,EXCLUDING,CTC,2015-11-09,250543,248,1836.19189, DBM (data is w/c Sun)
ClientBrand,Digital Display,,Unclassified,Unknown,EXCLUDING,CTC,2015-11-16,291566,301,2034.814977, DBM (data is w/c Sun)
ClientBrand,Digital Display,,Unclassified,Unknown,EXCLUDING,CTC,2015-11-23,135759,132,967.077691, DBM (data is w/c Sun)
ClientBrand,Digital Display,,Unclassified,Unknown,EXCLUDING,CTC,2015-11-30,63637,112,555.745704, DBM (data is w/c Sun)
ClientBrand,Digital Display,,Unclassified,Unknown,EXCLUDING,CTC,2015-12-07,83369,103,743.973361, DBM (data is w/c Sun)
ClientBrand,Digital Display,,Unclassified,Unknown,EXCLUDING,CTC,2015-12-14,54775,70,449.46988, DBM (data is w/c Sun)
ClientBrand,Digital Display,,Unclassified,Unknown,EXCLUDING,CTC,2015-12-21,170941,381,547.8, GDN
ClientBrand,Digital Display,,Unclassified,Unknown,EXCLUDING,CTC,2015-12-21,188439,252,930.662824, DBM (data is w/c Sun)
ClientBrand,Digital Display,,Unclassified,Unknown,EXCLUDING,CTC,2015-12-28,1195770,1722,2805.05, GDN
ClientBrand,Digital Display,,Unclassified,Unknown,EXCLUDING,CTC,2015-12-28,1179341,1232,4740.492548, DBM (data is w/c Sun)
ClientBrand,Digital Display,,Unclassified,Unknown,EXCLUDING,CTC,2016-01-04,5407907,7070,5664.43, GDN
ClientBrand,Digital Display,,Unclassified,Unknown,EXCLUDING,CTC,2016-01-04,1699328,1487,5095.063521, DBM (data is w/c Sun)
ClientBrand,Digital Display,,Unclassified,Unknown,EXCLUDING,CTC,2016-01-11,829071,1981,2177.63, GDN
ClientBrand,Digital Display,,Unclassified,Unknown,EXCLUDING,CTC,2016-01-11,2733201,2536,5767.443419, DBM (data is w/c Sun)
ClientBrand,Digital Display,,Unclassified,Unknown,EXCLUDING,CTC,2016-02-01,945053,4651,1544.97, GDN
ClientBrand,Digital Display,,Unclassified,Unknown,EXCLUDING,CTC,2016-02-08,137005,1408,305.42, GDN
ClientBrand,Digital Display,,Unclassified,Unknown,EXCLUDING,CTC,2016-02-15,531246,10338,941.5799999999999, GDN
ClientBrand,Digital Display,,Unclassified,Unknown,EXCLUDING,CTC,2016-02-22,176076,2599,393.06, GDN
ClientBrand,Digital Display,,Unclassified,Unknown,EXCLUDING,CTC,2016-02-22,1540725,699,1145.379209, DBM (data is w/c Sun)
ClientBrand,Digital Display,,Unclassified,Unknown,EXCLUDING,CTC,2016-02-29,62826,492,164.76999999999998, GDN
ClientBrand,Digital Display,,Unclassified,Unknown,EXCLUDING,CTC,2016-02-29,598909,497,567.375701, DBM (data is w/c Sun)
ClientBrand,Digital Display,,Unclassified,Unknown,EXCLUDING,CTC,2016-03-07,734372,570,597.295945, DBM (data is w/c Sun)
ClientBrand,Digital Display,,Unclassified,Unknown,EXCLUDING,CTC,2016-03-14,1696518,1343,2332.255223, DBM (data is w/c Sun)
ClientBrand,Digital Display,,Unclassified,Unknown,EXCLUDING,CTC,2016-03-21,1453580,878,2028.394405, DBM (data is w/c Sun)
ClientBrand,Digital Display,,Unclassified,Unknown,EXCLUDING,CTC,2016-03-21,722198,33,3827.567322916416, InMobi - costs are prorata'ed according to delivered impressions
ClientBrand,Digital Display,,Unclassified,Unknown,EXCLUDING,CTC,2016-03-28,1250304,58,6626.469104195367, InMobi - costs are prorata'ed according to delivered impressions
ClientBrand,Digital Display,,Unclassified,Unknown,EXCLUDING,CTC,2016-04-04,637818,1482,193.05, GDN
ClientBrand,Digital Display,,Unclassified,Unknown,EXCLUDING,CTC,2016-04-04,176270,160,273.533972, DBM (data is w/c Sun)
ClientBrand,Digital Display,,Unclassified,Unknown,EXCLUDING,CTC,2016-04-04,1197687,80,6347.604984065026, InMobi - costs are prorata'ed according to delivered impressions
ClientBrand,Digital Display,,Unclassified,Unknown,EXCLUDING,CTC,2016-04-11,571147,2713,385.12, GDN
ClientBrand,Digital Display,,Unclassified,Unknown,EXCLUDING,CTC,2016-04-11,837575,886,2278.223935, DBM (data is w/c Sun)
ClientBrand,Digital Display,,Unclassified,Unknown,EXCLUDING,CTC,2016-04-11,1163799,45,6168.002435402482, InMobi - costs are prorata'ed according to delivered impressions
ClientBrand,Digital Display,,Unclassified,Unknown,EXCLUDING,CTC,2016-04-11,1582882,5669,7478.417329379675," Dreams Easter ""TV Syncing"" campaign. Weekly costs are derived by pro-rata impressions"
ClientBrand,Digital Display,,Unclassified,Unknown,EXCLUDING,CTC,2016-04-18,88990,482,103.33, GDN
ClientBrand,Digital Display,,Unclassified,Unknown,EXCLUDING,CTC,2016-04-18,309809,342,668.328294, DBM (data is w/c Sun)
ClientBrand,Digital Display,,Unclassified,Unknown,EXCLUDING,CTC,2016-04-18,1076351,24,5704.537973780607, InMobi - costs are prorata'ed according to delivered impressions
ClientBrand,Digital Display,,Unclassified,Unknown,EXCLUDING,CTC,2016-04-18,2498305,35231,11803.386105897906," Dreams Easter ""TV Syncing"" campaign. Weekly costs are derived by pro-rata impressions"
ClientBrand,Digital Display,,Unclassified,Unknown,EXCLUDING,CTC,2016-04-25,926262,15,4909.083331246008, InMobi - costs are prorata'ed according to delivered impressions
ClientBrand,Digital Display,,Unclassified,Unknown,EXCLUDING,CTC,2016-04-25,2405042,22847,11362.759681824642," Dreams Easter ""TV Syncing"" campaign. Weekly costs are derived by pro-rata impressions"
ClientBrand,Digital Display,,Unclassified,Unknown,EXCLUDING,CTC,2016-05-02,91084,10,482.73484839409525, InMobi - costs are prorata'ed according to delivered impressions
ClientBrand,Digital Display,,Unclassified,Unknown,EXCLUDING,CTC,2016-05-02,78830,223,372.4368828977774," Dreams Easter ""TV Syncing"" campaign. Weekly costs are derived by pro-rata impressions"
ClientBrand,Digital Display,HPTO,Unclassified,Unknown,EXCLUDING,CTC,2017-01-09,240584,Missing Data,Free Of Charge,HPTO Digital Free of charge
ClientBrand,Digital Display,Prospecting,Unclassified,Mobile,EXCLUDING,CTC,2017-01-09,75028,Missing Data,Free Of Charge,Mobile Digital Free of charge
ClientBrand,Digital Display,Prospecting,Unclassified,Unknown,EXCLUDING,CTC,2017-01-09,395908,Missing Data,Free Of Charge, Free of charge
ClientBrand,Digital Display,Prospecting,Unclassified,Mobile,EXCLUDING,CTC,2017-01-16,75029,Missing Data,Free Of Charge,Mobile Digital Free of charge
ClientBrand,Digital Display,Prospecting,Unclassified,Unknown,EXCLUDING,CTC,2017-01-16,395909,Missing Data,Free Of Charge, Free of charge
ClientBrand,Digital Display,Prospecting,Unclassified,Mobile,EXCLUDING,CTC,2017-01-23,75028,Missing Data,Free Of Charge,Mobile Digital Free of charge
ClientBrand,Digital Display,Prospecting,Unclassified,Unknown,EXCLUDING,CTC,2017-01-23,395909,Missing Data,Free Of Charge, Free of charge
ClientBrand,Digital Display,Prospecting,Unclassified,Mobile,EXCLUDING,CTC,2017-01-30,75029,Missing Data,Free Of Charge,Mobile Digital Free of charge
ClientBrand,Digital Display,Prospecting,Unclassified,Unknown,EXCLUDING,CTC,2017-01-30,395909,Missing Data,Free Of Charge, Free of charge
ClientBrand,Digital Display,HPTO,Unclassified,Unknown,EXCLUDING,CTC,2017-02-06,119774,Missing Data,Free Of Charge,HPTO Digital Free of charge
ClientBrand,Digital Display,Prospecting,Unclassified,Mobile,EXCLUDING,CTC,2017-02-06,159488,Missing Data,Free Of Charge,Mobile Digital Free of charge
ClientBrand,Digital Display,Prospecting,Unclassified,Unknown,EXCLUDING,CTC,2017-02-06,439330,Missing Data,Free Of Charge, Free of charge
ClientBrand,Digital Display,HPTO,Unclassified,Unknown,EXCLUDING,CTC,2017-02-13,119775,Missing Data,Free Of Charge,HPTO Digital Free of charge
ClientBrand,Digital Display,Prospecting,Unclassified,Mobile,EXCLUDING,CTC,2017-02-13,39872,Missing Data,Free Of Charge,Mobile Digital Free of charge
ClientBrand,Digital Display,Prospecting,Unclassified,Unknown,EXCLUDING,CTC,2017-02-13,109833,Missing Data,Free Of Charge, Free of charge
ClientBrand,Digital Display,HPTO,Unclassified,Unknown,EXCLUDING,CTC,2017-03-20,107382,Missing Data,Free Of Charge,HPTO Digital Free of charge
ClientBrand,Digital Display,Prospecting,Unclassified,Mobile,EXCLUDING,CTC,2017-03-20,179633,Missing Data,Free Of Charge,Mobile Digital Free of charge
ClientBrand,Digital Display,Prospecting,Unclassified,Unknown,EXCLUDING,CTC,2017-03-20,393012,Missing Data,Free Of Charge, Free of charge
ClientBrand,Digital Display,,Unclassified,Computer,EXCLUDING,CTC,2017-04-03,3297,67,3.6100000000000003,Computers_Other GDN
ClientBrand,Digital Display,,Unclassified,Mobile,EXCLUDING,CTC,2017-04-03,2127,462,19.67,Mobile phones_Other GDN
ClientBrand,Digital Display,,Unclassified,Tablet,EXCLUDING,CTC,2017-04-03,262,85,4.27,Tablets_Other GDN
ClientBrand,Digital Display,,Unclassified,Computer,EXCLUDING,CTC,2017-04-10,407,11,0.47,Computers_Other GDN
ClientBrand,Digital Display,,Unclassified,Mobile,EXCLUDING,CTC,2017-04-10,325,133,3.89,Mobile phones_Other GDN
ClientBrand,Digital Display,,Unclassified,Tablet,EXCLUDING,CTC,2017-04-10,63,16,0.58,Tablets_Other GDN
ClientBrand,Digital Display,Prospecting,Unclassified,Mobile,EXCLUDING,CTC,2017-04-17,100612,Missing Data,Free Of Charge,Mobile Digital Free of charge
ClientBrand,Digital Display,Prospecting,Unclassified,Unknown,EXCLUDING,CTC,2017-04-17,347265,Missing Data,Free Of Charge, Free of charge
ClientBrand,Digital Display,,Unclassified,Computer,EXCLUDING,CTC,2017-04-17,418,9,0.37,Computers_Other GDN
ClientBrand,Digital Display,,Unclassified,Mobile,EXCLUDING,CTC,2017-04-17,237,104,3.14,Mobile phones_Other GDN
ClientBrand,Digital Display,,Unclassified,Tablet,EXCLUDING,CTC,2017-04-17,33,9,0.26,Tablets_Other GDN
ClientBrand,Digital Display,Prospecting,Unclassified,Mobile,EXCLUDING,CTC,2017-04-24,100612,Missing Data,Free Of Charge,Mobile Digital Free of charge
ClientBrand,Digital Display,Prospecting,Unclassified,Unknown,EXCLUDING,CTC,2017-04-24,347265,Missing Data,Free Of Charge, Free of charge
ClientBrand,Digital Display,,Unclassified,Computer,EXCLUDING,CTC,2017-04-24,4965,51,4.95,Computers_Other GDN
ClientBrand,Digital Display,,Unclassified,Mobile,EXCLUDING,CTC,2017-04-24,9781,464,43.02,Mobile phones_Other GDN
ClientBrand,Digital Display,,Unclassified,Tablet,EXCLUDING,CTC,2017-04-24,1363,115,11.79,Tablets_Other GDN
ClientBrand,Digital Display,,Unclassified,Computer,EXCLUDING,CTC,2017-05-01,5206,46,3.91,Computers_Other GDN
ClientBrand,Digital Display,,Unclassified,Mobile,EXCLUDING,CTC,2017-05-01,6140,335,30.23,Mobile phones_Other GDN
ClientBrand,Digital Display,,Unclassified,Tablet,EXCLUDING,CTC,2017-05-01,815,77,7.92,Tablets_Other GDN
ClientBrand,Digital Display,Prospecting,Unclassified,Mobile,EXCLUDING,CTC,2017-05-08,39987,Missing Data,Free Of Charge,Mobile Digital Free of charge
ClientBrand,Digital Display,Prospecting,Unclassified,Unknown,EXCLUDING,CTC,2017-05-08,118142,Missing Data,Free Of Charge, Free of charge
ClientBrand,Digital Display,,Unclassified,Computer,EXCLUDING,CTC,2017-05-08,64642,399,135.08,Computers_Other GDN
ClientBrand,Digital Display,,Unclassified,Mobile,EXCLUDING,CTC,2017-05-08,93483,2749,769.06,Mobile phones_Other GDN
ClientBrand,Digital Display,,Unclassified,Tablet,EXCLUDING,CTC,2017-05-08,10167,648,167.54999999999998,Tablets_Other GDN
ClientBrand,Digital Display,HPTO,Unclassified,Unknown,EXCLUDING,CTC,2017-05-15,124074,Missing Data,Free Of Charge,HPTO Digital Free of charge
ClientBrand,Digital Display,Prospecting,Unclassified,Mobile,EXCLUDING,CTC,2017-05-15,242762,Missing Data,Free Of Charge,Mobile Digital Free of charge
ClientBrand,Digital Display,Prospecting,Unclassified,Unknown,EXCLUDING,CTC,2017-05-15,167416,Missing Data,Free Of Charge, Free of charge
ClientBrand,Digital Display,,Unclassified,Computer,EXCLUDING,CTC,2017-05-15,22452,174,65.69,Computers_Other GDN
ClientBrand,Digital Display,,Unclassified,Mobile,EXCLUDING,CTC,2017-05-15,40236,1248,395.95,Mobile phones_Other GDN
ClientBrand,Digital Display,,Unclassified,Tablet,EXCLUDING,CTC,2017-05-15,3462,236,77.69,Tablets_Other GDN
ClientBrand,Digital Display,Prospecting,Unclassified,Mobile,EXCLUDING,CTC,2017-05-22,39987,Missing Data,Free Of Charge,Mobile Digital Free of charge
ClientBrand,Digital Display,Prospecting,Unclassified,Unknown,EXCLUDING,CTC,2017-05-22,118142,Missing Data,Free Of Charge, Free of charge
ClientBrand,Digital Display,Prospecting,Unclassified,Mobile,EXCLUDING,CTC,2017-05-29,166373,Missing Data,Free Of Charge,Mobile Digital Free of charge
ClientBrand,Digital Display,Prospecting,Unclassified,Unknown,EXCLUDING,CTC,2017-05-29,528777,Missing Data,Free Of Charge, Free of charge
ClientBrand,Digital Display,Prospecting,Unclassified,Mobile,EXCLUDING,CTC,2017-06-05,33274,Missing Data,Free Of Charge,Mobile Digital Free of charge
ClientBrand,Digital Display,Prospecting,Unclassified,Unknown,EXCLUDING,CTC,2017-06-05,105755,Missing Data,Free Of Charge, Free of charge
ClientBrand,Digital Display,Prospecting,Unclassified,Unknown,EXCLUDING,CTC,2017-06-12,56419,Missing Data,Free Of Charge,CRM Digital Free of charge
ClientBrand,Digital Display,Prospecting,Unclassified,Mobile,EXCLUDING,CTC,2017-06-12,59986,Missing Data,Free Of Charge,Mobile Digital Free of charge
ClientBrand,Digital Display,Prospecting,Unclassified,Unknown,EXCLUDING,CTC,2017-06-12,137982,Missing Data,Free Of Charge, Free of charge
ClientBrand,Digital Display,Prospecting,Unclassified,Mobile,EXCLUDING,CTC,2017-06-19,59985,Missing Data,Free Of Charge,Mobile Digital Free of charge
ClientBrand,Digital Display,Prospecting,Unclassified,Unknown,EXCLUDING,CTC,2017-06-19,137981,Missing Data,Free Of Charge, Free of charge
ClientBrand,Digital Display,Prospecting,Unclassified,Unknown,EXCLUDING,CTC,2017-06-26,533514,Missing Data,Free Of Charge,CRM Digital Free of charge
ClientBrand,Digital Display,HPTO,Unclassified,Unknown,EXCLUDING,CTC,2017-06-26,130642,Missing Data,Free Of Charge,HPTO Digital Free of charge
ClientBrand,Digital Display,Prospecting,Unclassified,Mobile,EXCLUDING,CTC,2017-06-26,37508,Missing Data,Free Of Charge,Mobile Digital Free of charge
ClientBrand,Digital Display,Prospecting,Unclassified,Unknown,EXCLUDING,CTC,2017-06-26,494129,Missing Data,Free Of Charge, Free of charge
ClientBrand,Digital Display,HPTO,Unclassified,Unknown,EXCLUDING,CTC,2017-07-03,130643,Missing Data,Free Of Charge,HPTO Digital Free of charge
ClientBrand,Digital Display,Prospecting,Unclassified,Mobile,EXCLUDING,CTC,2017-07-03,37508,Missing Data,Free Of Charge,Mobile Digital Free of charge
ClientBrand,Digital Display,Prospecting,Unclassified,Unknown,EXCLUDING,CTC,2017-07-03,494129,Missing Data,Free Of Charge, Free of charge
ClientBrand,Digital Display,HPTO,Unclassified,Unknown,EXCLUDING,CTC,2017-07-10,130642,Missing Data,Free Of Charge,HPTO Digital Free of charge
ClientBrand,Digital Display,Prospecting,Unclassified,Mobile,EXCLUDING,CTC,2017-07-10,37508,Missing Data,Free Of Charge,Mobile Digital Free of charge
ClientBrand,Digital Display,Prospecting,Unclassified,Unknown,EXCLUDING,CTC,2017-07-10,494129,Missing Data,Free Of Charge, Free of charge
ClientBrand,Digital Display,HPTO,Unclassified,Unknown,EXCLUDING,CTC,2017-07-17,365825,Missing Data,Free Of Charge,HPTO Digital Free of charge
ClientBrand,Digital Display,Prospecting,Unclassified,Mobile,EXCLUDING,CTC,2017-07-17,37508,Missing Data,Free Of Charge,Mobile Digital Free of charge
ClientBrand,Digital Display,Prospecting,Unclassified,Unknown,EXCLUDING,CTC,2017-07-17,494129,Missing Data,Free Of Charge, Free of charge
ClientBrand,Digital Display,Prospecting,Unclassified,Mobile,EXCLUDING,CTC,2017-08-14,60059,Missing Data,Free Of Charge,Mobile Digital Free of charge
ClientBrand,Digital Display,Prospecting,Unclassified,Unknown,EXCLUDING,CTC,2017-08-14,101151,Missing Data,Free Of Charge, Free of charge
ClientBrand,Digital Display,Prospecting,Unclassified,Mobile,EXCLUDING,CTC,2017-08-21,60059,Missing Data,Free Of Charge,Mobile Digital Free of charge
ClientBrand,Digital Display,Prospecting,Unclassified,Unknown,EXCLUDING,CTC,2017-08-21,101151,Missing Data,Free Of Charge, Free of charge
ClientBrand,Digital Display,Prospecting,Unclassified,Unknown,EXCLUDING,CTC,2017-10-02,467083,Missing Data,Free Of Charge,CRM Digital Free of charge
ClientBrand,Digital Display,Prospecting,Unclassified,Computer,EXCLUDING,CTC,2017-11-13,8674,21,8.55,Computers_Prospecting GDN
ClientBrand,Digital Display,Prospecting,Unclassified,Mobile,EXCLUDING,CTC,2017-11-13,34835,139,53.46,Mobile phones_Prospecting GDN
ClientBrand,Digital Display,Prospecting,Unclassified,Tablet,EXCLUDING,CTC,2017-11-13,18429,61,34.1,Tablets_Prospecting GDN
ClientBrand,Digital Display,Prospecting,Unclassified,Computer,EXCLUDING,CTC,2017-11-20,109462,254,133.1,Computers_Prospecting GDN
ClientBrand,Digital Display,Prospecting,Unclassified,Mobile,EXCLUDING,CTC,2017-11-20,574896,3212,1573.98,Mobile phones_Prospecting GDN
ClientBrand,Digital Display,Prospecting,Unclassified,Tablet,EXCLUDING,CTC,2017-11-20,127797,373,210,Tablets_Prospecting GDN
ClientBrand,Digital Display,Prospecting,Unclassified,Mobile,EXCLUDING,CTC,2017-11-27,59997,Missing Data,Free Of Charge,Mobile Digital Free of charge
ClientBrand,Digital Display,Prospecting,Unclassified,Unknown,EXCLUDING,CTC,2017-11-27,794568,Missing Data,Free Of Charge, Free of charge
ClientBrand,Digital Display,Prospecting,Unclassified,Computer,EXCLUDING,CTC,2017-11-27,6404,Missing Data,14.02,Computers_Prospecting GDN
ClientBrand,Digital Display,Prospecting,Unclassified,Mobile,EXCLUDING,CTC,2017-11-27,174897,1237,589.96,Mobile phones_Prospecting GDN
ClientBrand,Digital Display,Prospecting,Unclassified,Tablet,EXCLUDING,CTC,2017-11-27,5099,14,6.29,Tablets_Prospecting GDN
ClientBrand,Digital Display,Prospecting,Unclassified,Mobile,EXCLUDING,CTC,2017-12-04,59997,Missing Data,Free Of Charge,Mobile Digital Free of charge
ClientBrand,Digital Display,Prospecting,Unclassified,Unknown,EXCLUDING,CTC,2017-12-04,794569,Missing Data,Free Of Charge, Free of charge
ClientBrand,Digital Display,HPTO,Unclassified,Unknown,EXCLUDING,CTC,2017-12-11,390735,Missing Data,Free Of Charge,HPTO Digital Free of charge
ClientBrand,Digital Display,Prospecting,Unclassified,Mobile,EXCLUDING,CTC,2017-12-11,183122,Missing Data,Free Of Charge,Mobile Digital Free of charge
ClientBrand,Digital Display,Prospecting,Unclassified,Unknown,EXCLUDING,CTC,2017-12-11,904780,Missing Data,Free Of Charge, Free of charge
ClientBrand,Digital Display,HPTO,Unclassified,Unknown,EXCLUDING,CTC,2017-12-18,312588,Missing Data,Free Of Charge,HPTO Digital Free of charge
ClientBrand,Digital Display,Prospecting,Unclassified,Mobile,EXCLUDING,CTC,2017-12-18,183122,Missing Data,Free Of Charge,Mobile Digital Free of charge
ClientBrand,Digital Display,Prospecting,Unclassified,Unknown,EXCLUDING,CTC,2017-12-18,904780,Missing Data,Free Of Charge, Free of charge
ClientBrand,Digital Display,HPTO,Unclassified,Unknown,EXCLUDING,CTC,2017-12-25,78147,Missing Data,Free Of Charge,HPTO Digital Free of charge
ClientBrand,Digital Display,Prospecting,Unclassified,Mobile,EXCLUDING,CTC,2017-12-25,183122,Missing Data,Free Of Charge,Mobile Digital Free of charge
ClientBrand,Digital Display,Prospecting,Unclassified,Unknown,EXCLUDING,CTC,2017-12-25,904780,Missing Data,Free Of Charge, Free of charge
ClientBrand,Digital Display,Prospecting,Unclassified,Unknown,EXCLUDING,CTC,2018-01-08,20013,Missing Data,Free Of Charge,Display free of charge
ClientBrand,Digital Display,Prospecting,Unclassified,Unknown,EXCLUDING,CTC,2018-01-15,33469,Missing Data,Free Of Charge,Display free of charge
ClientBrand,Digital Display,Prospecting,Unclassified,Unknown,EXCLUDING,CTC,2018-01-15,15633,Missing Data,Free Of Charge,CRM Digital free of charge
ClientBrand,Digital Display,Prospecting,Unclassified,Unknown,EXCLUDING,CTC,2018-01-22,33469,Missing Data,Free Of Charge,Display free of charge
ClientBrand,Digital Display,Prospecting,Unclassified,Unknown,EXCLUDING,CTC,2018-01-29,33469,Missing Data,Free Of Charge,Display free of charge
ClientBrand,Digital Display,Retargetting,Unclassified,Computer,EXCLUDING,CTC,2018-01-29,180253,341,95.46000000000001,Computers_Retargeting GDN
ClientBrand,Digital Display,Retargetting,Unclassified,Mobile,EXCLUDING,CTC,2018-01-29,1209520,5930,1483.25,Mobile phones_Retargeting GDN
ClientBrand,Digital Display,Retargetting,Unclassified,Tablet,EXCLUDING,CTC,2018-01-29,148689,526,139.01999999999998,Tablets_Retargeting GDN
ClientBrand,Digital Display,Prospecting,Unclassified,Unknown,EXCLUDING,CTC,2018-02-05,33469,Missing Data,Free Of Charge,Display free of charge
ClientBrand,Digital Display,Prospecting,Unclassified,Mobile,EXCLUDING,CTC,2018-02-05,80016,Missing Data,Free Of Charge,Mobile Digital free of charge
ClientBrand,Digital Display,Retargetting,Unclassified,Computer,EXCLUDING,CTC,2018-02-05,476652,972,403.9,Computers_Retargeting GDN
ClientBrand,Digital Display,Retargetting,Unclassified,Mobile,EXCLUDING,CTC,2018-02-05,1902085,8580,2298.2300000000005,Mobile phones_Retargeting GDN
ClientBrand,Digital Display,Retargetting,Unclassified,Tablet,EXCLUDING,CTC,2018-02-05,393278,1276,447.64000000000004,Tablets_Retargeting GDN
ClientBrand,Digital Display,Prospecting,Unclassified,Unknown,EXCLUDING,CTC,2018-02-12,323191,Missing Data,Free Of Charge,Display free of charge
ClientBrand,Digital Display,Retargetting,Unclassified,Computer,EXCLUDING,CTC,2018-02-12,269375,519,188.25,Computers_Retargeting GDN
ClientBrand,Digital Display,Retargetting,Unclassified,Mobile,EXCLUDING,CTC,2018-02-12,1283967,6638,1579.09,Mobile phones_Retargeting GDN
ClientBrand,Digital Display,Retargetting,Unclassified,Tablet,EXCLUDING,CTC,2018-02-12,239962,805,235.28000000000003,Tablets_Retargeting GDN
ClientBrand,Digital Display,Prospecting,Unclassified,Unknown,EXCLUDING,CTC,2018-02-19,323191,Missing Data,Free Of Charge,Display free of charge
ClientBrand,Digital Display,Retargetting,Unclassified,Computer,EXCLUDING,CTC,2018-02-19,185004,365,110.29,Computers_Retargeting GDN
ClientBrand,Digital Display,Retargetting,Unclassified,Mobile,EXCLUDING,CTC,2018-02-19,1419454,7489,1709.7899999999997,Mobile phones_Retargeting GDN
ClientBrand,Digital Display,Retargetting,Unclassified,Tablet,EXCLUDING,CTC,2018-02-19,199870,813,209.27999999999997,Tablets_Retargeting GDN
ClientBrand,Digital Display,Prospecting,Unclassified,Unknown,EXCLUDING,CTC,2018-02-26,323191,Missing Data,Free Of Charge,Display free of charge
ClientBrand,Digital Display,Retargetting,Unclassified,Computer,EXCLUDING,CTC,2018-02-26,143462,300,75.06,Computers_Retargeting GDN
ClientBrand,Digital Display,Retargetting,Unclassified,Mobile,EXCLUDING,CTC,2018-02-26,1283765,7379,1494.05,Mobile phones_Retargeting GDN
ClientBrand,Digital Display,Retargetting,Unclassified,Tablet,EXCLUDING,CTC,2018-02-26,200307,813,179.57000000000002,Tablets_Retargeting GDN
ClientBrand,Digital Display,Prospecting,Unclassified,Unknown,EXCLUDING,CTC,2018-03-05,323191,Missing Data,Free Of Charge,Display free of charge
ClientBrand,Digital Display,Prospecting,Unclassified,Mobile,EXCLUDING,CTC,2018-03-05,80015,Missing Data,Free Of Charge,Mobile Digital free of charge
ClientBrand,Digital Display,Retargetting,Unclassified,Computer,EXCLUDING,CTC,2018-03-05,416401,723,456.95,Computers_Retargeting GDN
ClientBrand,Digital Display,Retargetting,Unclassified,Mobile,EXCLUDING,CTC,2018-03-05,800733,5030,959.77,Mobile phones_Retargeting GDN
ClientBrand,Digital Display,Retargetting,Unclassified,Tablet,EXCLUDING,CTC,2018-03-05,145911,598,133.51999999999998,Tablets_Retargeting GDN
ClientBrand,Digital Display,Prospecting,Unclassified,Unknown,EXCLUDING,CTC,2018-03-12,323191,Missing Data,Free Of Charge,Display free of charge
ClientBrand,Digital Display,Retargetting,Unclassified,Computer,EXCLUDING,CTC,2018-03-12,1246795,1876,1432.97,Computers_Retargeting GDN
ClientBrand,Digital Display,Retargetting,Unclassified,Mobile,EXCLUDING,CTC,2018-03-12,567133,2308,356.3,Mobile phones_Retargeting GDN
ClientBrand,Digital Display,Retargetting,Unclassified,Tablet,EXCLUDING,CTC,2018-03-12,170634,599,125.35999999999999,Tablets_Retargeting GDN
ClientBrand,Digital Display,Prospecting,Unclassified,Unknown,EXCLUDING,CTC,2018-03-19,323191,Missing Data,Free Of Charge,Display free of charge
ClientBrand,Digital Display,Retargetting,Unclassified,Computer,EXCLUDING,CTC,2018-03-19,1309926,2159,1902.7699999999998,Computers_Retargeting GDN
ClientBrand,Digital Display,Retargetting,Unclassified,Mobile,EXCLUDING,CTC,2018-03-19,402460,1894,375.07,Mobile phones_Retargeting GDN
ClientBrand,Digital Display,Retargetting,Unclassified,Tablet,EXCLUDING,CTC,2018-03-19,132395,483,137.99,Tablets_Retargeting GDN
ClientBrand,Digital Display,Prospecting,Unclassified,Unknown,EXCLUDING,CTC,2018-03-26,323191,Missing Data,Free Of Charge,Display free of charge
ClientBrand,Digital Display,Prospecting,Unclassified,Unknown,EXCLUDING,CTC,2018-03-26,15000,Missing Data,Free Of Charge,CRM Digital free of charge
ClientBrand,Digital Display,Retargetting,Unclassified,Computer,EXCLUDING,CTC,2018-03-26,1105354,1821,1825.67,Computers_Retargeting GDN
ClientBrand,Digital Display,Retargetting,Unclassified,Mobile,EXCLUDING,CTC,2018-03-26,377540,1880,434.86,Mobile phones_Retargeting GDN
ClientBrand,Digital Display,Retargetting,Unclassified,Tablet,EXCLUDING,CTC,2018-03-26,111130,408,117.91,Tablets_Retargeting GDN
ClientBrand,Digital Display,Prospecting,Unclassified,Unknown,EXCLUDING,CTC,2018-04-02,323191,Missing Data,Free Of Charge,Display free of charge
ClientBrand,Digital Display,Prospecting,Unclassified,Mobile,EXCLUDING,CTC,2018-04-02,70041,Missing Data,Free Of Charge,Mobile Digital free of charge
ClientBrand,Digital Display,Retargetting,Unclassified,Computer,EXCLUDING,CTC,2018-04-02,1652399,2446,3021.5699999999997,Computers_Retargeting GDN
ClientBrand,Digital Display,Retargetting,Unclassified,Mobile,EXCLUDING,CTC,2018-04-02,666440,2645,670.62,Mobile phones_Retargeting GDN
ClientBrand,Digital Display,Retargetting,Unclassified,Tablet,EXCLUDING,CTC,2018-04-02,194120,703,240.78,Tablets_Retargeting GDN
ClientBrand,Digital Display,Prospecting,Unclassified,Unknown,EXCLUDING,CTC,2018-04-09,323191,Missing Data,Free Of Charge,Display free of charge
ClientBrand,Digital Display,Retargetting,Unclassified,Computer,EXCLUDING,CTC,2018-04-09,777988,1289,989,Computers_Retargeting GDN
ClientBrand,Digital Display,Retargetting,Unclassified,Mobile,EXCLUDING,CTC,2018-04-09,230549,1107,203.66,Mobile phones_Retargeting GDN
ClientBrand,Digital Display,Retargetting,Unclassified,Tablet,EXCLUDING,CTC,2018-04-09,67747,299,61.160000000000004,Tablets_Retargeting GDN
ClientBrand,Digital Display,Prospecting,Unclassified,Unknown,EXCLUDING,CTC,2018-04-16,323191,Missing Data,Free Of Charge,Display free of charge
ClientBrand,Digital Display,Prospecting,Unclassified,Unknown,EXCLUDING,CTC,2018-04-16,14949,Missing Data,Free Of Charge,CRM Digital free of charge
ClientBrand,Digital Display,Retargetting,Unclassified,Computer,EXCLUDING,CTC,2018-04-16,463403,894,540.96,Computers_Retargeting GDN
ClientBrand,Digital Display,Retargetting,Unclassified,Mobile,EXCLUDING,CTC,2018-04-16,175988,818,119.82,Mobile phones_Retargeting GDN
ClientBrand,Digital Display,Retargetting,Unclassified,Tablet,EXCLUDING,CTC,2018-04-16,45672,241,37.3,Tablets_Retargeting GDN
ClientBrand,Digital Display,Prospecting,Unclassified,Unknown,EXCLUDING,CTC,2018-04-23,323191,Missing Data,Free Of Charge,Display free of charge
ClientBrand,Digital Display,Retargetting,Unclassified,Computer,EXCLUDING,CTC,2018-04-23,549405,1031,660.4,Computers_Retargeting GDN
ClientBrand,Digital Display,Retargetting,Unclassified,Mobile,EXCLUDING,CTC,2018-04-23,248137,1247,188.16,Mobile phones_Retargeting GDN
ClientBrand,Digital Display,Retargetting,Unclassified,Tablet,EXCLUDING,CTC,2018-04-23,68211,279,52.949999999999996,Tablets_Retargeting GDN
ClientBrand,Digital Display,Prospecting,Unclassified,Unknown,EXCLUDING,CTC,2018-04-30,323191,Missing Data,Free Of Charge,Display free of charge
ClientBrand,Digital Display,Retargetting,Unclassified,Computer,EXCLUDING,CTC,2018-04-30,698820,1193,790.3499999999999,Computers_Retargeting GDN
ClientBrand,Digital Display,Retargetting,Unclassified,Mobile,EXCLUDING,CTC,2018-04-30,274049,1555,245.32000000000002,Mobile phones_Retargeting GDN
ClientBrand,Digital Display,Retargetting,Unclassified,Tablet,EXCLUDING,CTC,2018-04-30,76903,369,69.33999999999999,Tablets_Retargeting GDN
ClientBrand,Digital Display,Prospecting,Unclassified,Unknown,EXCLUDING,CTC,2018-05-07,323191,Missing Data,Free Of Charge,Display free of charge
ClientBrand,Digital Display,Prospecting,Unclassified,Mobile,EXCLUDING,CTC,2018-05-07,28001,Missing Data,Free Of Charge,Mobile Digital free of charge
ClientBrand,Digital Display,Retargetting,Unclassified,Computer,EXCLUDING,CTC,2018-05-07,1143403,1668,1415.9,Computers_Retargeting GDN
ClientBrand,Digital Display,Retargetting,Unclassified,Mobile,EXCLUDING,CTC,2018-05-07,474744,2448,474.09,Mobile phones_Retargeting GDN
ClientBrand,Digital Display,Retargetting,Unclassified,Tablet,EXCLUDING,CTC,2018-05-07,134695,553,121.57,Tablets_Retargeting GDN
ClientBrand,Digital Display,Prospecting,Unclassified,Unknown,EXCLUDING,CTC,2018-05-14,323191,Missing Data,Free Of Charge,Display free of charge
ClientBrand,Digital Display,Retargetting,Unclassified,Computer,EXCLUDING,CTC,2018-05-14,959402,1493,1354.87,Computers_Retargeting GDN
ClientBrand,Digital Display,Retargetting,Unclassified,Mobile,EXCLUDING,CTC,2018-05-14,366801,1859,347.4,Mobile phones_Retargeting GDN
ClientBrand,Digital Display,Retargetting,Unclassified,Tablet,EXCLUDING,CTC,2018-05-14,103113,386,89.26,Tablets_Retargeting GDN
ClientBrand,Digital Display,Prospecting,Unclassified,Unknown,EXCLUDING,CTC,2018-05-21,323191,Missing Data,Free Of Charge,Display free of charge
ClientBrand,Digital Display,Prospecting,Unclassified,Computer,EXCLUDING,CTC,2018-05-21,2189150,2512,1880.61,Computers_Prospecting GDN
ClientBrand,Digital Display,Retargetting,Unclassified,Computer,EXCLUDING,CTC,2018-05-21,1633094,2146,2938.38,Computers_Retargeting GDN
ClientBrand,Digital Display,Prospecting,Unclassified,Mobile,EXCLUDING,CTC,2018-05-21,1485254,5989,1087.01,Mobile phones_Prospecting GDN
ClientBrand,Digital Display,Retargetting,Unclassified,Mobile,EXCLUDING,CTC,2018-05-21,465809,2225,557.3900000000001,Mobile phones_Retargeting GDN
ClientBrand,Digital Display,Prospecting,Unclassified,Tablet,EXCLUDING,CTC,2018-05-21,834517,2081,655.4200000000001,Tablets_Prospecting GDN
ClientBrand,Digital Display,Retargetting,Unclassified,Tablet,EXCLUDING,CTC,2018-05-21,152692,557,180.25999999999996,Tablets_Retargeting GDN
ClientBrand,Digital Display,Prospecting,Unclassified,Unknown,EXCLUDING,CTC,2018-05-28,323191,Missing Data,Free Of Charge,Display free of charge
ClientBrand,Digital Display,Prospecting,Unclassified,Computer,EXCLUDING,CTC,2018-05-28,136085,193,80.64,Computers_Prospecting GDN
ClientBrand,Digital Display,Retargetting,Unclassified,Computer,EXCLUDING,CTC,2018-05-28,1645008,2205,3060.7699999999995,Computers_Retargeting GDN
ClientBrand,Digital Display,Prospecting,Unclassified,Mobile,EXCLUDING,CTC,2018-05-28,112582,671,66.74000000000001,Mobile phones_Prospecting GDN
ClientBrand,Digital Display,Retargetting,Unclassified,Mobile,EXCLUDING,CTC,2018-05-28,708408,3318,835.1999999999999,Mobile phones_Retargeting GDN
ClientBrand,Digital Display,Prospecting,Unclassified,Tablet,EXCLUDING,CTC,2018-05-28,49522,159,36.99999999999999,Tablets_Prospecting GDN
ClientBrand,Digital Display,Retargetting,Unclassified,Tablet,EXCLUDING,CTC,2018-05-28,234685,812,269.68,Tablets_Retargeting GDN
ClientBrand,Digital Display,Prospecting,Unclassified,Unknown,EXCLUDING,CTC,2018-06-04,323191,Missing Data,Free Of Charge,Display free of charge
ClientBrand,Digital Display,Prospecting,Unclassified,Mobile,EXCLUDING,CTC,2018-06-04,100001,Missing Data,Free Of Charge,Mobile Digital free of charge
ClientBrand,Digital Display,Prospecting,Unclassified,Computer,EXCLUDING,CTC,2018-06-04,152,0,0,Computers_Prospecting GDN
ClientBrand,Digital Display,Retargetting,Unclassified,Computer,EXCLUDING,CTC,2018-06-04,1324327,2003,2372.87,Computers_Retargeting GDN
ClientBrand,Digital Display,Prospecting,Unclassified,Mobile,EXCLUDING,CTC,2018-06-04,290,1,0.24,Mobile phones_Prospecting GDN
ClientBrand,Digital Display,Retargetting,Unclassified,Mobile,EXCLUDING,CTC,2018-06-04,684729,3440,868.4300000000001,Mobile phones_Retargeting GDN
ClientBrand,Digital Display,Prospecting,Unclassified,Tablet,EXCLUDING,CTC,2018-06-04,90,0,0,Tablets_Prospecting GDN
ClientBrand,Digital Display,Retargetting,Unclassified,Tablet,EXCLUDING,CTC,2018-06-04,196674,833,249.98,Tablets_Retargeting GDN
ClientBrand,Digital Display,Prospecting,Unclassified,Unknown,EXCLUDING,CTC,2018-06-11,323191,Missing Data,Free Of Charge,Display free of charge
ClientBrand,Digital Display,Retargetting,Unclassified,Computer,EXCLUDING,CTC,2018-06-11,533383,915,921.5900000000001,Computers_Retargeting GDN
ClientBrand,Digital Display,Retargetting,Unclassified,Mobile,EXCLUDING,CTC,2018-06-11,297927,1571,448.62,Mobile phones_Retargeting GDN
ClientBrand,Digital Display,Retargetting,Unclassified,Tablet,EXCLUDING,CTC,2018-06-11,72527,349,124.72,Tablets_Retargeting GDN
ClientBrand,Digital Display,Prospecting,Unclassified,Unknown,EXCLUDING,CTC,2018-06-18,323191,Missing Data,Free Of Charge,Display free of charge
ClientBrand,Digital Display,Retargetting,Unclassified,Computer,EXCLUDING,CTC,2018-06-18,176844,363,582.5,Computers_Retargeting GDN
ClientBrand,Digital Display,Retargetting,Unclassified,Mobile,EXCLUDING,CTC,2018-06-18,91733,470,193.39,Mobile phones_Retargeting GDN
ClientBrand,Digital Display,Retargetting,Unclassified,Tablet,EXCLUDING,CTC,2018-06-18,26567,98,50.379999999999995,Tablets_Retargeting GDN
ClientBrand,Digital Display,Prospecting,Unclassified,Unknown,EXCLUDING,CTC,2018-06-25,323191,Missing Data,Free Of Charge,Display free of charge
ClientBrand,Digital Display,Retargetting,Unclassified,Computer,EXCLUDING,CTC,2018-06-25,198160,438,564.96,Computers_Retargeting GDN
ClientBrand,Digital Display,Retargetting,Unclassified,Mobile,EXCLUDING,CTC,2018-06-25,99377,531,180.95,Mobile phones_Retargeting GDN
ClientBrand,Digital Display,Retargetting,Unclassified,Tablet,EXCLUDING,CTC,2018-06-25,25973,110,38.28,Tablets_Retargeting GDN
ClientBrand,Digital Display,Prospecting,Unclassified,Unknown,EXCLUDING,CTC,2018-07-02,323191,Missing Data,Free Of Charge,Display free of charge
ClientBrand,Digital Display,Prospecting,Unclassified,Mobile,EXCLUDING,CTC,2018-07-02,99998,Missing Data,Free Of Charge,Mobile Digital free of charge
ClientBrand,Digital Display,Retargetting,Unclassified,Computer,EXCLUDING,CTC,2018-07-02,297516,554,586.7099999999999,Computers_Retargeting GDN
ClientBrand,Digital Display,Retargetting,Unclassified,Mobile,EXCLUDING,CTC,2018-07-02,114627,631,151.49,Mobile phones_Retargeting GDN
ClientBrand,Digital Display,Retargetting,Unclassified,Tablet,EXCLUDING,CTC,2018-07-02,30681,186,58.690000000000005,Tablets_Retargeting GDN
ClientBrand,Digital Display,Prospecting,Unclassified,Unknown,EXCLUDING,CTC,2018-07-09,323191,Missing Data,Free Of Charge,Display free of charge
ClientBrand,Digital Display,Retargetting,Unclassified,Computer,EXCLUDING,CTC,2018-07-09,334517,565,429.5399999999999,Computers_Retargeting GDN
ClientBrand,Digital Display,Retargetting,Unclassified,Mobile,EXCLUDING,CTC,2018-07-09,415141,2601,273.62,Mobile phones_Retargeting GDN
ClientBrand,Digital Display,Retargetting,Unclassified,Tablet,EXCLUDING,CTC,2018-07-09,158487,692,103.58999999999999,Tablets_Retargeting GDN
ClientBrand,Digital Display,Prospecting,Unclassified,Unknown,EXCLUDING,CTC,2018-07-16,323191,Missing Data,Free Of Charge,Display free of charge
ClientBrand,Digital Display,Retargetting,Unclassified,Computer,EXCLUDING,CTC,2018-07-16,287594,574,411.51,Computers_Retargeting GDN
ClientBrand,Digital Display,Retargetting,Unclassified,Mobile,EXCLUDING,CTC,2018-07-16,245603,1731,232.95999999999998,Mobile phones_Retargeting GDN
ClientBrand,Digital Display,Retargetting,Unclassified,Tablet,EXCLUDING,CTC,2018-07-16,81069,532,97.89,Tablets_Retargeting GDN
ClientBrand,Digital Display,Prospecting,Unclassified,Unknown,EXCLUDING,CTC,2018-07-23,323191,Missing Data,Free Of Charge,Display free of charge
ClientBrand,Digital Display,Retargetting,Unclassified,Computer,EXCLUDING,CTC,2018-07-23,361803,734,558.3,Computers_Retargeting GDN
ClientBrand,Digital Display,Retargetting,Unclassified,Mobile,EXCLUDING,CTC,2018-07-23,158168,778,171.04,Mobile phones_Retargeting GDN
ClientBrand,Digital Display,Retargetting,Unclassified,Tablet,EXCLUDING,CTC,2018-07-23,45098,243,62.11,Tablets_Retargeting GDN
ClientBrand,Digital Display,Prospecting,Unclassified,Unknown,EXCLUDING,CTC,2018-07-30,323191,Missing Data,Free Of Charge,Display free of charge
ClientBrand,Digital Display,Retargetting,Unclassified,Computer,EXCLUDING,CTC,2018-07-30,260744,520,351.06000000000006,Computers_Retargeting GDN
ClientBrand,Digital Display,Retargetting,Unclassified,Mobile,EXCLUDING,CTC,2018-07-30,104485,527,83.25000000000001,Mobile phones_Retargeting GDN
ClientBrand,Digital Display,Retargetting,Unclassified,Tablet,EXCLUDING,CTC,2018-07-30,32573,146,27.939999999999998,Tablets_Retargeting GDN
ClientBrand,Digital Display,HPTO,Unclassified,Unknown,EXCLUDING,CTC,2018-08-06,47396,Missing Data,Free Of Charge,HPTO Digital free of charge
ClientBrand,Digital Display,Prospecting,Unclassified,Unknown,EXCLUDING,CTC,2018-08-06,323191,Missing Data,Free Of Charge,Display free of charge
ClientBrand,Digital Display,Prospecting,Unclassified,Mobile,EXCLUDING,CTC,2018-08-06,99999,Missing Data,Free Of Charge,Mobile Digital free of charge
ClientBrand,Digital Display,Prospecting,Unclassified,Unknown,EXCLUDING,CTC,2018-08-06,338285,Missing Data,Free Of Charge,CRM Digital free of charge
ClientBrand,Digital Display,Retargetting,Unclassified,Computer,EXCLUDING,CTC,2018-08-06,363732,584,467.99,Computers_Retargeting GDN
ClientBrand,Digital Display,Retargetting,Unclassified,Mobile,EXCLUDING,CTC,2018-08-06,130095,554,125.9,Mobile phones_Retargeting GDN
ClientBrand,Digital Display,Retargetting,Unclassified,Tablet,EXCLUDING,CTC,2018-08-06,43257,189,54.86000000000001,Tablets_Retargeting GDN
ClientBrand,Digital Display,HPTO,Unclassified,Unknown,EXCLUDING,CTC,2018-08-13,17851,Missing Data,Free Of Charge,HPTO Digital free of charge
ClientBrand,Digital Display,Prospecting,Unclassified,Unknown,EXCLUDING,CTC,2018-08-13,323191,Missing Data,Free Of Charge,Display free of charge
ClientBrand,Digital Display,Prospecting,Unclassified,Unknown,EXCLUDING,CTC,2018-08-13,337445,Missing Data,Free Of Charge,CRM Digital free of charge
ClientBrand,Digital Display,Retargetting,Unclassified,Computer,EXCLUDING,CTC,2018-08-13,200191,324,241.60000000000002,Computers_Retargeting GDN
ClientBrand,Digital Display,Retargetting,Unclassified,Mobile,EXCLUDING,CTC,2018-08-13,72420,320,66.23,Mobile phones_Retargeting GDN
ClientBrand,Digital Display,Retargetting,Unclassified,Tablet,EXCLUDING,CTC,2018-08-13,25384,125,28,Tablets_Retargeting GDN
ClientBrand,Digital Display,Prospecting,Unclassified,Unknown,EXCLUDING,CTC,2018-08-20,323191,Missing Data,Free Of Charge,Display free of charge
ClientBrand,Digital Display,Retargetting,Unclassified,Computer,EXCLUDING,CTC,2018-08-20,121734,236,213.48000000000002,Computers_Retargeting GDN
ClientBrand,Digital Display,Retargetting,Unclassified,Mobile,EXCLUDING,CTC,2018-08-20,42829,175,35.82,Mobile phones_Retargeting GDN
ClientBrand,Digital Display,Retargetting,Unclassified,Tablet,EXCLUDING,CTC,2018-08-20,16787,94,25.03,Tablets_Retargeting GDN
ClientBrand,Digital Display,Prospecting,Unclassified,Unknown,EXCLUDING,CTC,2018-08-27,323191,Missing Data,Free Of Charge,Display free of charge
ClientBrand,Digital Display,Retargetting,Unclassified,Computer,EXCLUDING,CTC,2018-08-27,55347,69,97.32000000000001,Computers_Retargeting GDN
ClientBrand,Digital Display,Retargetting,Unclassified,Mobile,EXCLUDING,CTC,2018-08-27,17119,75,20.870000000000005,Mobile phones_Retargeting GDN
ClientBrand,Digital Display,Retargetting,Unclassified,Tablet,EXCLUDING,CTC,2018-08-27,6663,30,8.67,Tablets_Retargeting GDN
ClientBrand,Digital Display,Prospecting,Unclassified,Unknown,EXCLUDING,CTC,2018-09-03,323191,Missing Data,Free Of Charge,Display free of charge
ClientBrand,Digital Display,Prospecting,Unclassified,Mobile,EXCLUDING,CTC,2018-09-03,100001,Missing Data,Free Of Charge,Mobile Digital free of charge
ClientBrand,Digital Display,Prospecting,Unclassified,Computer,EXCLUDING,CTC,2018-09-03,588636,1439,2.06,Computers_Prospecting GDN
ClientBrand,Digital Display,Retargetting,Unclassified,Computer,EXCLUDING,CTC,2018-09-03,976889,1764,1797.22,Computers_Retargeting GDN
ClientBrand,Digital Display,Prospecting,Unclassified,Mobile,EXCLUDING,CTC,2018-09-03,763509,4185,2.05,Mobile phones_Prospecting GDN
ClientBrand,Digital Display,Retargetting,Unclassified,Mobile,EXCLUDING,CTC,2018-09-03,353558,1339,303.46000000000004,Mobile phones_Retargeting GDN
ClientBrand,Digital Display,Prospecting,Unclassified,Tablet,EXCLUDING,CTC,2018-09-03,227548,1311,200.12,Tablets_Prospecting GDN
ClientBrand,Digital Display,Retargetting,Unclassified,Tablet,EXCLUDING,CTC,2018-09-03,153280,662,202.79,Tablets_Retargeting GDN
ClientBrand,Digital Display,Prospecting,Unclassified,Connected TV,EXCLUDING,CTC,2018-09-03,627,2,0,TV screens_Prospecting GDN
ClientBrand,Digital Display,Retargetting,Unclassified,Connected TV,EXCLUDING,CTC,2018-09-03,1096,2,0.77,TV screens_Retargeting GDN
ClientBrand,Digital Display,Prospecting,Unclassified,Unknown,EXCLUDING,CTC,2018-09-10,323191,Missing Data,Free Of Charge,Display free of charge
ClientBrand,Digital Display,Prospecting,Unclassified,Computer,EXCLUDING,CTC,2018-09-10,588811,1243,0,Computers_Prospecting GDN
ClientBrand,Digital Display,Retargetting,Unclassified,Computer,EXCLUDING,CTC,2018-09-10,1647470,2891,3432.24,Computers_Retargeting GDN
ClientBrand,Digital Display,Prospecting,Unclassified,Mobile,EXCLUDING,CTC,2018-09-10,736490,3644,0,Mobile phones_Prospecting GDN
ClientBrand,Digital Display,Retargetting,Unclassified,Mobile,EXCLUDING,CTC,2018-09-10,595940,2606,697.5100000000001,Mobile phones_Retargeting GDN
ClientBrand,Digital Display,Prospecting,Unclassified,Tablet,EXCLUDING,CTC,2018-09-10,137090,723,0,Tablets_Prospecting GDN
ClientBrand,Digital Display,Retargetting,Unclassified,Tablet,EXCLUDING,CTC,2018-09-10,245090,1177,418.71000000000004,Tablets_Retargeting GDN
ClientBrand,Digital Display,Prospecting,Unclassified,Connected TV,EXCLUDING,CTC,2018-09-10,568,1,0,TV screens_Prospecting GDN
ClientBrand,Digital Display,Retargetting,Unclassified,Connected TV,EXCLUDING,CTC,2018-09-10,1486,0,0,TV screens_Retargeting GDN
ClientBrand,Digital Display,Prospecting,Unclassified,Unknown,EXCLUDING,CTC,2018-09-17,323191,Missing Data,Free Of Charge,Display free of charge
ClientBrand,Digital Display,Prospecting,Unclassified,Computer,EXCLUDING,CTC,2018-09-17,4715,16,0,Computers_Prospecting GDN
ClientBrand,Digital Display,Retargetting,Unclassified,Computer,EXCLUDING,CTC,2018-09-17,1467650,2560,2992.6799999999994,Computers_Retargeting GDN
ClientBrand,Digital Display,Prospecting,Unclassified,Mobile,EXCLUDING,CTC,2018-09-17,11812,159,0,Mobile phones_Prospecting GDN
ClientBrand,Digital Display,Retargetting,Unclassified,Mobile,EXCLUDING,CTC,2018-09-17,509336,2503,697.2300000000001,Mobile phones_Retargeting GDN
ClientBrand,Digital Display,Prospecting,Unclassified,Tablet,EXCLUDING,CTC,2018-09-17,3814,27,0,Tablets_Prospecting GDN
ClientBrand,Digital Display,Retargetting,Unclassified,Tablet,EXCLUDING,CTC,2018-09-17,220093,1055,360.22,Tablets_Retargeting GDN
ClientBrand,Digital Display,Prospecting,Unclassified,Connected TV,EXCLUDING,CTC,2018-09-17,8,0,0,TV screens_Prospecting GDN
ClientBrand,Digital Display,Retargetting,Unclassified,Connected TV,EXCLUDING,CTC,2018-09-17,1272,11,2.91,TV screens_Retargeting GDN
ClientBrand,Digital Display,Prospecting,Unclassified,Unknown,EXCLUDING,CTC,2018-09-24,323191,Missing Data,Free Of Charge,Display free of charge
ClientBrand,Digital Display,Prospecting,Unclassified,Computer,EXCLUDING,CTC,2018-09-24,197,4,0,Computers_Prospecting GDN
ClientBrand,Digital Display,Retargetting,Unclassified,Computer,EXCLUDING,CTC,2018-09-24,771500,1651,1923.8999999999999,Computers_Retargeting GDN
ClientBrand,Digital Display,Prospecting,Unclassified,Mobile,EXCLUDING,CTC,2018-09-24,168,2,0,Mobile phones_Prospecting GDN
ClientBrand,Digital Display,Retargetting,Unclassified,Mobile,EXCLUDING,CTC,2018-09-24,278645,1462,432.06999999999994,Mobile phones_Retargeting GDN
ClientBrand,Digital Display,Prospecting,Unclassified,Tablet,EXCLUDING,CTC,2018-09-24,282,1,0,Tablets_Prospecting GDN
ClientBrand,Digital Display,Retargetting,Unclassified,Tablet,EXCLUDING,CTC,2018-09-24,119865,651,235.52999999999997,Tablets_Retargeting GDN
ClientBrand,Digital Display,Retargetting,Unclassified,Connected TV,EXCLUDING,CTC,2018-09-24,698,5,2.23,TV screens_Retargeting GDN
ClientBrand,Digital Display,Prospecting,Unclassified,Unknown,EXCLUDING,CTC,2018-10-01,323191,Missing Data,Free Of Charge,Display free of charge
ClientBrand,Digital Display,Prospecting,Unclassified,Mobile,EXCLUDING,CTC,2018-10-01,99999,Missing Data,Free Of Charge,Mobile Digital free of charge
ClientBrand,Digital Display,Prospecting,Unclassified,Computer,EXCLUDING,CTC,2018-10-01,7102,43,0,Computers_Prospecting GDN
ClientBrand,Digital Display,Retargetting,Unclassified,Computer,EXCLUDING,CTC,2018-10-01,661865,1498,1210.47,Computers_Retargeting GDN
ClientBrand,Digital Display,Prospecting,Unclassified,Mobile,EXCLUDING,CTC,2018-10-01,18324,298,0,Mobile phones_Prospecting GDN
ClientBrand,Digital Display,Retargetting,Unclassified,Mobile,EXCLUDING,CTC,2018-10-01,449218,2612,576.6700000000001,Mobile phones_Retargeting GDN
ClientBrand,Digital Display,Prospecting,Unclassified,Tablet,EXCLUDING,CTC,2018-10-01,6218,68,0,Tablets_Prospecting GDN
ClientBrand,Digital Display,Retargetting,Unclassified,Tablet,EXCLUDING,CTC,2018-10-01,172033,960,251.96,Tablets_Retargeting GDN
ClientBrand,Digital Display,Prospecting,Unclassified,Connected TV,EXCLUDING,CTC,2018-10-01,6,0,0,TV screens_Prospecting GDN
ClientBrand,Digital Display,Retargetting,Unclassified,Connected TV,EXCLUDING,CTC,2018-10-01,834,2,1.29,TV screens_Retargeting GDN
ClientBrand,Digital Display,Prospecting,Unclassified,Unknown,EXCLUDING,CTC,2018-10-08,323191,Missing Data,Free Of Charge,Display free of charge
ClientBrand,Digital Display,Prospecting,Unclassified,Unknown,EXCLUDING,CTC,2018-10-08,338072,Missing Data,Free Of Charge,CRM Digital free of charge
ClientBrand,Digital Display,Prospecting,Unclassified,Computer,EXCLUDING,CTC,2018-10-08,1282374,1759,666.21,Computers_Prospecting GDN
ClientBrand,Digital Display,Retargetting,Unclassified,Computer,EXCLUDING,CTC,2018-10-08,659461,1565,1175.44,Computers_Retargeting GDN
ClientBrand,Digital Display,Prospecting,Unclassified,Mobile,EXCLUDING,CTC,2018-10-08,1008015,3717,505.27,Mobile phones_Prospecting GDN
ClientBrand,Digital Display,Retargetting,Unclassified,Mobile,EXCLUDING,CTC,2018-10-08,535124,2963,763.4700000000001,Mobile phones_Retargeting GDN
ClientBrand,Digital Display,Prospecting,Unclassified,Unknown,EXCLUDING,CTC,2018-10-08,4,0,0,Other_Prospecting GDN
ClientBrand,Digital Display,Prospecting,Unclassified,Tablet,EXCLUDING,CTC,2018-10-08,696377,1728,348.24,Tablets_Prospecting GDN
ClientBrand,Digital Display,Retargetting,Unclassified,Tablet,EXCLUDING,CTC,2018-10-08,228436,1266,431.74000000000007,Tablets_Retargeting GDN
ClientBrand,Digital Display,Prospecting,Unclassified,Connected TV,EXCLUDING,CTC,2018-10-08,1656,4,0.49,TV screens_Prospecting GDN
ClientBrand,Digital Display,Retargetting,Unclassified,Connected TV,EXCLUDING,CTC,2018-10-08,658,3,1.44,TV screens_Retargeting GDN
ClientBrand,Digital Display,HPTO,Unclassified,Unknown,EXCLUDING,CTC,2018-10-15,86116,Missing Data,Free Of Charge,HPTO Digital free of charge
ClientBrand,Digital Display,Prospecting,Unclassified,Unknown,EXCLUDING,CTC,2018-10-15,323191,Missing Data,Free Of Charge,Display free of charge
ClientBrand,Digital Display,Prospecting,Unclassified,Computer,EXCLUDING,CTC,2018-10-15,847605,1310,629.4699999999999,Computers_Prospecting GDN
ClientBrand,Digital Display,Retargetting,Unclassified,Computer,EXCLUDING,CTC,2018-10-15,787088,1668,2135.05,Computers_Retargeting GDN
ClientBrand,Digital Display,Prospecting,Unclassified,Mobile,EXCLUDING,CTC,2018-10-15,475421,2076,328.01000000000005,Mobile phones_Prospecting GDN
ClientBrand,Digital Display,Retargetting,Unclassified,Mobile,EXCLUDING,CTC,2018-10-15,518616,2948,960.8499999999999,Mobile phones_Retargeting GDN
ClientBrand,Digital Display,Prospecting,Unclassified,Unknown,EXCLUDING,CTC,2018-10-15,1,0,0,Other_Prospecting GDN
ClientBrand,Digital Display,Prospecting,Unclassified,Tablet,EXCLUDING,CTC,2018-10-15,282076,993,194.62000000000003,Tablets_Prospecting GDN
ClientBrand,Digital Display,Retargetting,Unclassified,Tablet,EXCLUDING,CTC,2018-10-15,213724,1121,558.02,Tablets_Retargeting GDN
ClientBrand,Digital Display,Prospecting,Unclassified,Connected TV,EXCLUDING,CTC,2018-10-15,1003,1,0.41,TV screens_Prospecting GDN
ClientBrand,Digital Display,Retargetting,Unclassified,Connected TV,EXCLUDING,CTC,2018-10-15,720,3,5.43,TV screens_Retargeting GDN
ClientBrand,Digital Display,Prospecting,Unclassified,Unknown,EXCLUDING,CTC,2018-10-22,323191,Missing Data,Free Of Charge,Display free of charge
ClientBrand,Digital Display,Prospecting,Unclassified,Computer,EXCLUDING,CTC,2018-10-22,364439,499,401.3,Computers_Prospecting GDN
ClientBrand,Digital Display,Retargetting,Unclassified,Computer,EXCLUDING,CTC,2018-10-22,468862,906,1026.84,Computers_Retargeting GDN
ClientBrand,Digital Display,Prospecting,Unclassified,Mobile,EXCLUDING,CTC,2018-10-22,189918,678,176.08999999999997,Mobile phones_Prospecting GDN
ClientBrand,Digital Display,Retargetting,Unclassified,Mobile,EXCLUDING,CTC,2018-10-22,245634,1344,466.63,Mobile phones_Retargeting GDN
ClientBrand,Digital Display,Prospecting,Unclassified,Tablet,EXCLUDING,CTC,2018-10-22,109279,357,124.21000000000001,Tablets_Prospecting GDN
ClientBrand,Digital Display,Retargetting,Unclassified,Tablet,EXCLUDING,CTC,2018-10-22,109871,563,260.78999999999996,Tablets_Retargeting GDN
ClientBrand,Digital Display,Prospecting,Unclassified,Connected TV,EXCLUDING,CTC,2018-10-22,381,0,0,TV screens_Prospecting GDN
ClientBrand,Digital Display,Retargetting,Unclassified,Connected TV,EXCLUDING,CTC,2018-10-22,308,0,0,TV screens_Retargeting GDN
ClientBrand,Digital Display,Prospecting,Unclassified,Unknown,EXCLUDING,CTC,2018-10-29,323191,Missing Data,Free Of Charge,Display free of charge
ClientBrand,Digital Display,Prospecting,Unclassified,Computer,EXCLUDING,CTC,2018-10-29,400173,612,409.79999999999995,Computers_Prospecting GDN
ClientBrand,Digital Display,Retargetting,Unclassified,Computer,EXCLUDING,CTC,2018-10-29,616799,626,974.9799999999999,Computers_Retargeting GDN
ClientBrand,Digital Display,Prospecting,Unclassified,Mobile,EXCLUDING,CTC,2018-10-29,205193,831,165.56,Mobile phones_Prospecting GDN
ClientBrand,Digital Display,Retargetting,Unclassified,Mobile,EXCLUDING,CTC,2018-10-29,653911,1958,484.81,Mobile phones_Retargeting GDN
ClientBrand,Digital Display,Prospecting,Unclassified,Tablet,EXCLUDING,CTC,2018-10-29,102702,445,121.16,Tablets_Prospecting GDN
ClientBrand,Digital Display,Retargetting,Unclassified,Tablet,EXCLUDING,CTC,2018-10-29,252489,789,276.98,Tablets_Retargeting GDN
ClientBrand,Digital Display,Prospecting,Unclassified,Connected TV,EXCLUDING,CTC,2018-10-29,301,0,0,TV screens_Prospecting GDN
ClientBrand,Digital Display,Retargetting,Unclassified,Connected TV,EXCLUDING,CTC,2018-10-29,3183,5,4.869999999999999,TV screens_Retargeting GDN
ClientBrand,Digital Display,HPTO,Unclassified,Unknown,EXCLUDING,CTC,2018-11-05,141839,Missing Data,Free Of Charge,HPTO Digital free of charge
ClientBrand,Digital Display,Prospecting,Unclassified,Unknown,EXCLUDING,CTC,2018-11-05,323191,Missing Data,Free Of Charge,Display free of charge
ClientBrand,Digital Display,Prospecting,Unclassified,Mobile,EXCLUDING,CTC,2018-11-05,100001,Missing Data,Free Of Charge,Mobile Digital free of charge
ClientBrand,Digital Display,Prospecting,Unclassified,Computer,EXCLUDING,CTC,2018-11-05,378456,595,409.47999999999996,Computers_Prospecting GDN
ClientBrand,Digital Display,Retargetting,Unclassified,Computer,EXCLUDING,CTC,2018-11-05,539481,610,820.6300000000001,Computers_Retargeting GDN
ClientBrand,Digital Display,Prospecting,Unclassified,Mobile,EXCLUDING,CTC,2018-11-05,213412,963,179.23000000000002,Mobile phones_Prospecting GDN
ClientBrand,Digital Display,Retargetting,Unclassified,Mobile,EXCLUDING,CTC,2018-11-05,610750,1909,662.98,Mobile phones_Retargeting GDN
ClientBrand,Digital Display,Prospecting,Unclassified,Tablet,EXCLUDING,CTC,2018-11-05,120519,499,126.33,Tablets_Prospecting GDN
ClientBrand,Digital Display,Retargetting,Unclassified,Tablet,EXCLUDING,CTC,2018-11-05,232835,728,333.5,Tablets_Retargeting GDN
ClientBrand,Digital Display,Prospecting,Unclassified,Connected TV,EXCLUDING,CTC,2018-11-05,299,1,0.32,TV screens_Prospecting GDN
ClientBrand,Digital Display,Retargetting,Unclassified,Connected TV,EXCLUDING,CTC,2018-11-05,2465,3,2.16,TV screens_Retargeting GDN
ClientBrand,Digital Display,Prospecting,Unclassified,Unknown,EXCLUDING,CTC,2018-11-12,323191,Missing Data,Free Of Charge,Display free of charge
ClientBrand,Digital Display,Prospecting,Unclassified,Computer,EXCLUDING,CTC,2018-11-12,98432,162,87.07,Computers_Prospecting GDN
ClientBrand,Digital Display,Retargetting,Unclassified,Computer,EXCLUDING,CTC,2018-11-12,335389,536,1192.28,Computers_Retargeting GDN
ClientBrand,Digital Display,Prospecting,Unclassified,Mobile,EXCLUDING,CTC,2018-11-12,55543,281,49.2,Mobile phones_Prospecting GDN
ClientBrand,Digital Display,Retargetting,Unclassified,Mobile,EXCLUDING,CTC,2018-11-12,148199,619,386.58000000000004,Mobile phones_Retargeting GDN
ClientBrand,Digital Display,Prospecting,Unclassified,Tablet,EXCLUDING,CTC,2018-11-12,28748,146,32.56,Tablets_Prospecting GDN
ClientBrand,Digital Display,Retargetting,Unclassified,Tablet,EXCLUDING,CTC,2018-11-12,61362,187,183.04,Tablets_Retargeting GDN
ClientBrand,Digital Display,Prospecting,Unclassified,Connected TV,EXCLUDING,CTC,2018-11-12,68,0,0,TV screens_Prospecting GDN
ClientBrand,Digital Display,Retargetting,Unclassified,Connected TV,EXCLUDING,CTC,2018-11-12,150,1,0.48,TV screens_Retargeting GDN
ClientBrand,Digital Display,Prospecting,Unclassified,Unknown,EXCLUDING,CTC,2018-11-19,323191,Missing Data,Free Of Charge,Display free of charge
ClientBrand,Digital Display,Retargetting,Unclassified,Computer,EXCLUDING,CTC,2018-11-19,218307,587,674.09,Computers_Retargeting GDN
ClientBrand,Digital Display,Retargetting,Unclassified,Mobile,EXCLUDING,CTC,2018-11-19,357413,3397,980.53,Mobile phones_Retargeting GDN
ClientBrand,Digital Display,Retargetting,Unclassified,Tablet,EXCLUDING,CTC,2018-11-19,77224,538,177.70999999999998,Tablets_Retargeting GDN
ClientBrand,Digital Display,Retargetting,Unclassified,Connected TV,EXCLUDING,CTC,2018-11-19,454,2,0.53,TV screens_Retargeting GDN
ClientBrand,Digital Display,Prospecting,Unclassified,Unknown,EXCLUDING,CTC,2018-11-26,323191,Missing Data,Free Of Charge,Display free of charge
ClientBrand,Digital Display,Retargetting,Unclassified,Computer,EXCLUDING,CTC,2018-11-26,123874,516,203.32000000000002,Computers_Retargeting GDN
ClientBrand,Digital Display,Retargetting,Unclassified,Mobile,EXCLUDING,CTC,2018-11-26,510968,3758,1252.28,Mobile phones_Retargeting GDN
ClientBrand,Digital Display,Retargetting,Unclassified,Tablet,EXCLUDING,CTC,2018-11-26,104364,655,241.26000000000002,Tablets_Retargeting GDN
ClientBrand,Digital Display,Retargetting,Unclassified,Connected TV,EXCLUDING,CTC,2018-11-26,380,4,1.51,TV screens_Retargeting GDN
ClientBrand,Digital Display,HPTO,Unclassified,Unknown,EXCLUDING,CTC,2018-12-03,244228,Missing Data,Free Of Charge,HPTO Digital free of charge
ClientBrand,Digital Display,Prospecting,Unclassified,Unknown,EXCLUDING,CTC,2018-12-03,323191,Missing Data,Free Of Charge,Display free of charge
ClientBrand,Digital Display,Retargetting,Unclassified,Computer,EXCLUDING,CTC,2018-12-03,146674,618,191.04,Computers_Retargeting GDN
ClientBrand,Digital Display,Retargetting,Unclassified,Mobile,EXCLUDING,CTC,2018-12-03,695380,4914,1410.9299999999998,Mobile phones_Retargeting GDN
ClientBrand,Digital Display,Retargetting,Unclassified,Tablet,EXCLUDING,CTC,2018-12-03,112908,777,231.71000000000004,Tablets_Retargeting GDN
ClientBrand,Digital Display,Retargetting,Unclassified,Connected TV,EXCLUDING,CTC,2018-12-03,742,2,0.86,TV screens_Retargeting GDN
ClientBrand,Digital Display,HPTO,Unclassified,Unknown,EXCLUDING,CTC,2018-12-10,215318,Missing Data,Free Of Charge,HPTO Digital free of charge
ClientBrand,Digital Display,Prospecting,Unclassified,Unknown,EXCLUDING,CTC,2018-12-10,323191,Missing Data,Free Of Charge,Display free of charge
ClientBrand,Digital Display,Prospecting,Unclassified,Mobile,EXCLUDING,CTC,2018-12-10,506483,Missing Data,Free Of Charge,Mobile Digital free of charge
ClientBrand,Digital Display,Prospecting,Unclassified,Computer,EXCLUDING,CTC,2018-12-10,274645,256,310.44,Computers_Prospecting GDN
ClientBrand,Digital Display,Retargetting,Unclassified,Computer,EXCLUDING,CTC,2018-12-10,131546,787,243.84,Computers_Retargeting GDN
ClientBrand,Digital Display,Prospecting,Unclassified,Mobile,EXCLUDING,CTC,2018-12-10,918229,3128,945.7800000000001,Mobile phones_Prospecting GDN
ClientBrand,Digital Display,Retargetting,Unclassified,Mobile,EXCLUDING,CTC,2018-12-10,534167,5691,1344.9799999999998,Mobile phones_Retargeting GDN
ClientBrand,Digital Display,Prospecting,Unclassified,Unknown,EXCLUDING,CTC,2018-12-10,5,0,0,Other_Prospecting GDN
ClientBrand,Digital Display,Prospecting,Unclassified,Tablet,EXCLUDING,CTC,2018-12-10,279468,535,244.57999999999998,Tablets_Prospecting GDN
ClientBrand,Digital Display,Retargetting,Unclassified,Tablet,EXCLUDING,CTC,2018-12-10,90508,727,187.03,Tablets_Retargeting GDN
ClientBrand,Digital Display,Prospecting,Unclassified,Connected TV,EXCLUDING,CTC,2018-12-10,974,0,0,TV screens_Prospecting GDN
ClientBrand,Digital Display,Retargetting,Unclassified,Connected TV,EXCLUDING,CTC,2018-12-10,702,1,0.18,TV screens_Retargeting GDN
ClientBrand,Digital Display,HPTO,Unclassified,Unknown,EXCLUDING,CTC,2018-12-17,492549,Missing Data,Free Of Charge,HPTO Digital free of charge
ClientBrand,Digital Display,Prospecting,Unclassified,Unknown,EXCLUDING,CTC,2018-12-17,323191,Missing Data,Free Of Charge,Display free of charge
ClientBrand,Digital Display,Prospecting,Unclassified,Unknown,EXCLUDING,CTC,2018-12-17,342242,Missing Data,Free Of Charge,CRM Digital free of charge
ClientBrand,Digital Display,Prospecting,Unclassified,Computer,EXCLUDING,CTC,2018-12-17,1215987,1598,1052.55,Computers_Prospecting GDN
ClientBrand,Digital Display,Retargetting,Unclassified,Computer,EXCLUDING,CTC,2018-12-17,103745,762,223.12,Computers_Retargeting GDN
ClientBrand,Digital Display,Prospecting,Unclassified,Mobile,EXCLUDING,CTC,2018-12-17,3697452,16131,3248.14,Mobile phones_Prospecting GDN
ClientBrand,Digital Display,Retargetting,Unclassified,Mobile,EXCLUDING,CTC,2018-12-17,553228,5580,1245.9699999999998,Mobile phones_Retargeting GDN
ClientBrand,Digital Display,Prospecting,Unclassified,Unknown,EXCLUDING,CTC,2018-12-17,38,0,0,Other_Prospecting GDN
ClientBrand,Digital Display,Prospecting,Unclassified,Tablet,EXCLUDING,CTC,2018-12-17,949022,2658,755.76,Tablets_Prospecting GDN
ClientBrand,Digital Display,Retargetting,Unclassified,Tablet,EXCLUDING,CTC,2018-12-17,91535,826,183.5,Tablets_Retargeting GDN
ClientBrand,Digital Display,Prospecting,Unclassified,Connected TV,EXCLUDING,CTC,2018-12-17,2858,3,1.32,TV screens_Prospecting GDN
ClientBrand,Digital Display,Retargetting,Unclassified,Connected TV,EXCLUDING,CTC,2018-12-17,895,3,1.6199999999999999,TV screens_Retargeting GDN
ClientBrand,Digital Display,HPTO,Unclassified,Unknown,EXCLUDING,CTC,2018-12-24,43015,Missing Data,Free Of Charge,HPTO Digital free of charge
ClientBrand,Digital Display,Prospecting,Unclassified,Unknown,EXCLUDING,CTC,2018-12-24,323191,Missing Data,Free Of Charge,Display free of charge
ClientBrand,Digital Display,Prospecting,Unclassified,Computer,EXCLUDING,CTC,2018-12-24,48536,52,34.78,Computers_Prospecting GDN
ClientBrand,Digital Display,Retargetting,Unclassified,Computer,EXCLUDING,CTC,2018-12-24,475731,2322,945.63,Computers_Retargeting GDN
ClientBrand,Digital Display,Prospecting,Unclassified,Mobile,EXCLUDING,CTC,2018-12-24,193626,1074,258.35,Mobile phones_Prospecting GDN
ClientBrand,Digital Display,Retargetting,Unclassified,Mobile,EXCLUDING,CTC,2018-12-24,2571962,20955,6758.780000000001,Mobile phones_Retargeting GDN
ClientBrand,Digital Display,Prospecting,Unclassified,Tablet,EXCLUDING,CTC,2018-12-24,89228,210,87.02,Tablets_Prospecting GDN
ClientBrand,Digital Display,Retargetting,Unclassified,Tablet,EXCLUDING,CTC,2018-12-24,491233,3310,1127.44,Tablets_Retargeting GDN
ClientBrand,Digital Display,Prospecting,Unclassified,Connected TV,EXCLUDING,CTC,2018-12-24,156,0,0,TV screens_Prospecting GDN
ClientBrand,Digital Display,Retargetting,Unclassified,Connected TV,EXCLUDING,CTC,2018-12-24,1685,6,2.42,TV screens_Retargeting GDN
ClientBrand,Digital Display,Retargetting,Unclassified,Computer,EXCLUDING,CTC,2018-12-31,429470,1746,623.5799999999999,Computers_Retargeting GDN
ClientBrand,Digital Display,Retargetting,Unclassified,Mobile,EXCLUDING,CTC,2018-12-31,2241209,15820,3949.58,Mobile phones_Retargeting GDN
ClientBrand,Digital Display,Retargetting,Unclassified,Tablet,EXCLUDING,CTC,2018-12-31,411091,2538,705.01,Tablets_Retargeting GDN
ClientBrand,Digital Display,Retargetting,Unclassified,Connected TV,EXCLUDING,CTC,2018-12-31,1095,0,0,TV screens_Retargeting GDN
ClientBrand,Digital Display,Retargetting,Unclassified,Computer,EXCLUDING,CTC,2019-01-07,161744,931,248.42000000000002,Computers_Retargeting GDN
ClientBrand,Digital Display,Retargetting,Unclassified,Mobile,EXCLUDING,CTC,2019-01-07,1185943,8747,1701.0700000000002,Mobile phones_Retargeting GDN
ClientBrand,Digital Display,Retargetting,Unclassified,Tablet,EXCLUDING,CTC,2019-01-07,198867,1043,246.44,Tablets_Retargeting GDN
ClientBrand,Digital Display,Retargetting,Unclassified,Connected TV,EXCLUDING,CTC,2019-01-07,700,1,0.48,TV screens_Retargeting GDN
ClientBrand,Digital Display,Retargetting,Unclassified,Computer,EXCLUDING,CTC,2019-01-14,243152,1352,357.67999999999995,Computers_Retargeting GDN
ClientBrand,Digital Display,Retargetting,Unclassified,Mobile,EXCLUDING,CTC,2019-01-14,2584632,16207,3494.8199999999997,Mobile phones_Retargeting GDN
ClientBrand,Digital Display,Retargetting,Unclassified,Tablet,EXCLUDING,CTC,2019-01-14,390340,2348,504.33,Tablets_Retargeting GDN
ClientBrand,Digital Display,Retargetting,Unclassified,Connected TV,EXCLUDING,CTC,2019-01-14,2008,6,1.9100000000000001,TV screens_Retargeting GDN
ClientBrand,Digital Display,Retargetting,Unclassified,Computer,EXCLUDING,CTC,2019-01-21,47457,382,89.31,Computers_Retargeting GDN
ClientBrand,Digital Display,Retargetting,Unclassified,Mobile,EXCLUDING,CTC,2019-01-21,537529,4001,828.9300000000001,Mobile phones_Retargeting GDN
ClientBrand,Digital Display,Retargetting,Unclassified,Tablet,EXCLUDING,CTC,2019-01-21,65705,471,94.54,Tablets_Retargeting GDN
ClientBrand,Digital Display,Retargetting,Unclassified,Connected TV,EXCLUDING,CTC,2019-01-21,445,1,0.46,TV screens_Retargeting GDN
ClientBrand,Digital Display,Retargetting,Unclassified,Computer,EXCLUDING,CTC,2019-01-28,12063,269,54.489999999999995,Computers_Retargeting GDN
ClientBrand,Digital Display,Retargetting,Unclassified,Mobile,EXCLUDING,CTC,2019-01-28,390224,3663,628.57,Mobile phones_Retargeting GDN
ClientBrand,Digital Display,Retargetting,Unclassified,Tablet,EXCLUDING,CTC,2019-01-28,44029,376,46.28,Tablets_Retargeting GDN
ClientBrand,Digital Display,Retargetting,Unclassified,Connected TV,EXCLUDING,CTC,2019-01-28,155,1,0.32,TV screens_Retargeting GDN
ClientBrand,Digital Display,Retargetting,Unclassified,Computer,EXCLUDING,CTC,2019-02-04,162673,1083,241.3,Computers_Retargeting GDN
ClientBrand,Digital Display,Retargetting,Unclassified,Mobile,EXCLUDING,CTC,2019-02-04,2147211,18643,3736.2999999999997,Mobile phones_Retargeting GDN
ClientBrand,Digital Display,Retargetting,Unclassified,Tablet,EXCLUDING,CTC,2019-02-04,266128,1987,336.06999999999994,Tablets_Retargeting GDN
ClientBrand,Digital Display,Retargetting,Unclassified,Connected TV,EXCLUDING,CTC,2019-02-04,1088,6,2.3400000000000003,TV screens_Retargeting GDN
ClientBrand,Digital Display,Prospecting,Unclassified,Computer,EXCLUDING,CTC,2019-02-11,361807,339,102.94999999999999,Computers_Prospecting GDN
ClientBrand,Digital Display,Retargetting,Unclassified,Computer,EXCLUDING,CTC,2019-02-11,190685,1125,283.11999999999995,Computers_Retargeting GDN
ClientBrand,Digital Display,Prospecting,Unclassified,Mobile,EXCLUDING,CTC,2019-02-11,2349086,19269,1811.0900000000001,Mobile phones_Prospecting GDN
ClientBrand,Digital Display,Retargetting,Unclassified,Mobile,EXCLUDING,CTC,2019-02-11,2088692,17575,3292.87,Mobile phones_Retargeting GDN
ClientBrand,Digital Display,Prospecting,Unclassified,Unknown,EXCLUDING,CTC,2019-02-11,16,0,0,Other_Prospecting GDN
ClientBrand,Digital Display,Prospecting,Unclassified,Tablet,EXCLUDING,CTC,2019-02-11,258403,1385,250,Tablets_Prospecting GDN
ClientBrand,Digital Display,Retargetting,Unclassified,Tablet,EXCLUDING,CTC,2019-02-11,297151,2182,385.27000000000004,Tablets_Retargeting GDN
ClientBrand,Digital Display,Prospecting,Unclassified,Connected TV,EXCLUDING,CTC,2019-02-11,1114,4,0.65,TV screens_Prospecting GDN
ClientBrand,Digital Display,Retargetting,Unclassified,Connected TV,EXCLUDING,CTC,2019-02-11,1502,3,0.9299999999999999,TV screens_Retargeting GDN
ClientBrand,Digital Display,Retargetting,Unclassified,Computer,EXCLUDING,CTC,2019-02-18,74440,533,105.53,Computers_Retargeting GDN
ClientBrand,Digital Display,Retargetting,Unclassified,Mobile,EXCLUDING,CTC,2019-02-18,873443,8156,1157.1299999999999,Mobile phones_Retargeting GDN
ClientBrand,Digital Display,Retargetting,Unclassified,Tablet,EXCLUDING,CTC,2019-02-18,132937,1099,162.07,Tablets_Retargeting GDN
ClientBrand,Digital Display,Retargetting,Unclassified,Connected TV,EXCLUDING,CTC,2019-02-18,598,0,0,TV screens_Retargeting GDN
ClientBrand,Digital Display,Retargetting,Unclassified,Computer,EXCLUDING,CTC,2019-02-25,46351,380,69.67,Computers_Retargeting GDN
ClientBrand,Digital Display,Retargetting,Unclassified,Mobile,EXCLUDING,CTC,2019-02-25,378336,4108,545.19,Mobile phones_Retargeting GDN
ClientBrand,Digital Display,Retargetting,Unclassified,Tablet,EXCLUDING,CTC,2019-02-25,69313,588,78.49,Tablets_Retargeting GDN
ClientBrand,Digital Display,Retargetting,Unclassified,Connected TV,EXCLUDING,CTC,2019-02-25,492,2,0.5,TV screens_Retargeting GDN
ClientBrand,Digital Display,Retargetting,Unclassified,Computer,EXCLUDING,CTC,2019-03-04,36934,369,53.33999999999999,Computers_Retargeting GDN
ClientBrand,Digital Display,Retargetting,Unclassified,Mobile,EXCLUDING,CTC,2019-03-04,409576,5121,543.0799999999999,Mobile phones_Retargeting GDN
ClientBrand,Digital Display,Retargetting,Unclassified,Tablet,EXCLUDING,CTC,2019-03-04,82349,886,106.44000000000001,Tablets_Retargeting GDN
ClientBrand,Digital Display,Retargetting,Unclassified,Connected TV,EXCLUDING,CTC,2019-03-04,400,1,0.17,TV screens_Retargeting GDN
ClientBrand,Digital Display,Retargetting,Unclassified,Computer,EXCLUDING,CTC,2019-03-11,39914,449,62.58,Computers_Retargeting GDN
ClientBrand,Digital Display,Retargetting,Unclassified,Mobile,EXCLUDING,CTC,2019-03-11,368831,5341,526.35,Mobile phones_Retargeting GDN
ClientBrand,Digital Display,Retargetting,Unclassified,Tablet,EXCLUDING,CTC,2019-03-11,84817,981,103.44,Tablets_Retargeting GDN
ClientBrand,Digital Display,Retargetting,Unclassified,Connected TV,EXCLUDING,CTC,2019-03-11,394,2,0.44,TV screens_Retargeting GDN
ClientBrand,Digital Display,Retargetting,Unclassified,Computer,EXCLUDING,CTC,2019-03-18,35929,414,68.81,Computers_Retargeting GDN
ClientBrand,Digital Display,Retargetting,Unclassified,Mobile,EXCLUDING,CTC,2019-03-18,324811,5157,518.53,Mobile phones_Retargeting GDN
ClientBrand,Digital Display,Retargetting,Unclassified,Tablet,EXCLUDING,CTC,2019-03-18,72058,892,100.24,Tablets_Retargeting GDN
ClientBrand,Digital Display,Retargetting,Unclassified,Connected TV,EXCLUDING,CTC,2019-03-18,211,1,0.07,TV screens_Retargeting GDN
ClientBrand,Digital Display,Retargetting,Unclassified,Computer,EXCLUDING,CTC,2019-03-25,23144,356,50.15,Computers_Retargeting GDN
ClientBrand,Digital Display,Retargetting,Unclassified,Mobile,EXCLUDING,CTC,2019-03-25,245001,6090,516.43,Mobile phones_Retargeting GDN
ClientBrand,Digital Display,Retargetting,Unclassified,Tablet,EXCLUDING,CTC,2019-03-25,51490,977,89.96,Tablets_Retargeting GDN
ClientBrand,Digital Display,Retargetting,Unclassified,Connected TV,EXCLUDING,CTC,2019-03-25,238,1,0.06,TV screens_Retargeting GDN
ClientBrand,Digital Display,Retargetting,Unclassified,Computer,EXCLUDING,CTC,2019-04-01,28824,396,54.56,Computers_Retargeting GDN
ClientBrand,Digital Display,Retargetting,Unclassified,Mobile,EXCLUDING,CTC,2019-04-01,341301,5722,564.5799999999999,Mobile phones_Retargeting GDN
ClientBrand,Digital Display,Retargetting,Unclassified,Tablet,EXCLUDING,CTC,2019-04-01,66898,968,102.85,Tablets_Retargeting GDN
ClientBrand,Digital Display,Retargetting,Unclassified,Connected TV,EXCLUDING,CTC,2019-04-01,260,1,0.11,TV screens_Retargeting GDN
ClientBrand,Digital Display,Retargetting,Unclassified,Computer,EXCLUDING,CTC,2019-04-08,29510,521,67.94,Computers_Retargeting GDN
ClientBrand,Digital Display,Retargetting,Unclassified,Mobile,EXCLUDING,CTC,2019-04-08,327129,5684,556.5699999999999,Mobile phones_Retargeting GDN
ClientBrand,Digital Display,Retargetting,Unclassified,Tablet,EXCLUDING,CTC,2019-04-08,58853,922,96.65,Tablets_Retargeting GDN
ClientBrand,Digital Display,Retargetting,Unclassified,Connected TV,EXCLUDING,CTC,2019-04-08,239,1,0.11,TV screens_Retargeting GDN
ClientBrand,Digital Display,Retargetting,Unclassified,Computer,EXCLUDING,CTC,2019-04-15,34701,458,60.589999999999996,Computers_Retargeting GDN
ClientBrand,Digital Display,Retargetting,Unclassified,Mobile,EXCLUDING,CTC,2019-04-15,713974,12604,1184.54,Mobile phones_Retargeting GDN
ClientBrand,Digital Display,Retargetting,Unclassified,Tablet,EXCLUDING,CTC,2019-04-15,110558,1701,157.8,Tablets_Retargeting GDN
ClientBrand,Digital Display,Retargetting,Unclassified,Connected TV,EXCLUDING,CTC,2019-04-15,243,1,0.67,TV screens_Retargeting GDN
ClientBrand,Digital Display,Retargetting,Unclassified,Computer,EXCLUDING,CTC,2019-04-22,66107,565,92.77,Computers_Retargeting GDN
ClientBrand,Digital Display,Retargetting,Unclassified,Mobile,EXCLUDING,CTC,2019-04-22,679029,9207,855.71,Mobile phones_Retargeting GDN
ClientBrand,Digital Display,Retargetting,Unclassified,Tablet,EXCLUDING,CTC,2019-04-22,133147,1541,151.06,Tablets_Retargeting GDN
ClientBrand,Digital Display,Retargetting,Unclassified,Connected TV,EXCLUDING,CTC,2019-04-22,255,0,0,TV screens_Retargeting GDN
ClientBrand,Digital Display,Retargetting,Unclassified,Computer,EXCLUDING,CTC,2019-04-29,627,11,0.5,Computers_Retargeting GDN
ClientBrand,Digital Display,Retargetting,Unclassified,Mobile,EXCLUDING,CTC,2019-04-29,8085,247,15.39,Mobile phones_Retargeting GDN
ClientBrand,Digital Display,Retargetting,Unclassified,Tablet,EXCLUDING,CTC,2019-04-29,1072,32,2.1199999999999997,Tablets_Retargeting GDN
ClientBrand,Digital Display,Retargetting,Unclassified,Computer,EXCLUDING,CTC,2019-05-06,44473,544,60.980000000000004,Computers_Retargeting GDN
ClientBrand,Digital Display,Retargetting,Unclassified,Mobile,EXCLUDING,CTC,2019-05-06,413219,7777,570.09,Mobile phones_Retargeting GDN
ClientBrand,Digital Display,Retargetting,Unclassified,Tablet,EXCLUDING,CTC,2019-05-06,62025,1297,91.31,Tablets_Retargeting GDN
ClientBrand,Digital Display,Retargetting,Unclassified,Connected TV,EXCLUDING,CTC,2019-05-06,244,1,0.12,TV screens_Retargeting GDN
ClientBrand,Digital Display,Retargetting,Unclassified,Computer,EXCLUDING,CTC,2019-05-13,47109,622,67.71000000000001,Computers_Retargeting GDN
ClientBrand,Digital Display,Retargetting,Unclassified,Mobile,EXCLUDING,CTC,2019-05-13,425321,7831,558.71,Mobile phones_Retargeting GDN
ClientBrand,Digital Display,Retargetting,Unclassified,Tablet,EXCLUDING,CTC,2019-05-13,57460,1121,77.55,Tablets_Retargeting GDN
ClientBrand,Digital Display,Retargetting,Unclassified,Connected TV,EXCLUDING,CTC,2019-05-13,170,1,0.13,TV screens_Retargeting GDN
ClientBrand,Digital Display,Prospecting,Unclassified,Computer,EXCLUDING,CTC,2019-05-20,4057,4,1.59,Computers_Prospecting GDN
ClientBrand,Digital Display,Retargetting,Unclassified,Computer,EXCLUDING,CTC,2019-05-20,28233,401,50.410000000000004,Computers_Retargeting GDN
ClientBrand,Digital Display,Prospecting,Unclassified,Mobile,EXCLUDING,CTC,2019-05-20,62579,227,60.22,Mobile phones_Prospecting GDN
ClientBrand,Digital Display,Retargetting,Unclassified,Mobile,EXCLUDING,CTC,2019-05-20,231314,5692,385.63,Mobile phones_Retargeting GDN
ClientBrand,Digital Display,Prospecting,Unclassified,Tablet,EXCLUDING,CTC,2019-05-20,2098,4,0.81,Tablets_Prospecting GDN
ClientBrand,Digital Display,Retargetting,Unclassified,Tablet,EXCLUDING,CTC,2019-05-20,27554,756,46.44,Tablets_Retargeting GDN
ClientBrand,Digital Display,Prospecting,Unclassified,Connected TV,EXCLUDING,CTC,2019-05-20,32,0,0,TV screens_Prospecting GDN
ClientBrand,Digital Display,Retargetting,Unclassified,Connected TV,EXCLUDING,CTC,2019-05-20,108,1,0.1,TV screens_Retargeting GDN
ClientBrand,Digital Display,Prospecting,Unclassified,Computer,EXCLUDING,CTC,2019-05-27,65869,61,53.35,Computers_Prospecting GDN
ClientBrand,Digital Display,Retargetting,Unclassified,Computer,EXCLUDING,CTC,2019-05-27,23319,231,31.27,Computers_Retargeting GDN
ClientBrand,Digital Display,Prospecting,Unclassified,Mobile,EXCLUDING,CTC,2019-05-27,492582,1266,697.12,Mobile phones_Prospecting GDN
ClientBrand,Digital Display,Retargetting,Unclassified,Mobile,EXCLUDING,CTC,2019-05-27,222905,5034,432.36,Mobile phones_Retargeting GDN
ClientBrand,Digital Display,Prospecting,Unclassified,Unknown,EXCLUDING,CTC,2019-05-27,2,0,0,Other_Prospecting GDN
ClientBrand,Digital Display,Prospecting,Unclassified,Tablet,EXCLUDING,CTC,2019-05-27,51154,65,39.77,Tablets_Prospecting GDN
ClientBrand,Digital Display,Retargetting,Unclassified,Tablet,EXCLUDING,CTC,2019-05-27,19976,561,41.57,Tablets_Retargeting GDN
ClientBrand,Digital Display,Prospecting,Unclassified,Connected TV,EXCLUDING,CTC,2019-05-27,469,1,0.25,TV screens_Prospecting GDN
ClientBrand,Digital Display,Retargetting,Unclassified,Connected TV,EXCLUDING,CTC,2019-05-27,53,0,0,TV screens_Retargeting GDN
ClientBrand,Digital Display,Retargetting,Unclassified,Computer,EXCLUDING,CTC,2019-06-03,30539,252,35.07,Computers_Retargeting GDN
ClientBrand,Digital Display,Retargetting,Unclassified,Mobile,EXCLUDING,CTC,2019-06-03,388722,5830,619.8399999999999,Mobile phones_Retargeting GDN
ClientBrand,Digital Display,Retargetting,Unclassified,Tablet,EXCLUDING,CTC,2019-06-03,29416,654,51.699999999999996,Tablets_Retargeting GDN
ClientBrand,Digital Display,Retargetting,Unclassified,Connected TV,EXCLUDING,CTC,2019-06-03,193,3,0.49,TV screens_Retargeting GDN
ClientBrand,Digital Display,Retargetting,Unclassified,Computer,EXCLUDING,CTC,2019-06-10,22503,163,35.589999999999996,Computers_Retargeting GDN
ClientBrand,Digital Display,Retargetting,Unclassified,Mobile,EXCLUDING,CTC,2019-06-10,386181,4565,630.6099999999999,Mobile phones_Retargeting GDN
ClientBrand,Digital Display,Retargetting,Unclassified,Tablet,EXCLUDING,CTC,2019-06-10,26677,499,44.760000000000005,Tablets_Retargeting GDN
ClientBrand,Digital Display,Retargetting,Unclassified,Connected TV,EXCLUDING,CTC,2019-06-10,81,0,0,TV screens_Retargeting GDN
ClientBrand,Digital Display,Retargetting,Unclassified,Computer,EXCLUDING,CTC,2019-06-17,17249,94,23.08,Computers_Retargeting GDN
ClientBrand,Digital Display,Retargetting,Unclassified,Mobile,EXCLUDING,CTC,2019-06-17,354099,5258,620.32,Mobile phones_Retargeting GDN
ClientBrand,Digital Display,Retargetting,Unclassified,Tablet,EXCLUDING,CTC,2019-06-17,25128,526,48.839999999999996,Tablets_Retargeting GDN
ClientBrand,Digital Display,Retargetting,Unclassified,Connected TV,EXCLUDING,CTC,2019-06-17,84,2,0.27,TV screens_Retargeting GDN
ClientBrand,Digital Display,Retargetting,Unclassified,Computer,EXCLUDING,CTC,2019-06-24,10243,123,13.940000000000001,Computers_Retargeting GDN
ClientBrand,Digital Display,Retargetting,Unclassified,Mobile,EXCLUDING,CTC,2019-06-24,314029,5058,525.5,Mobile phones_Retargeting GDN
ClientBrand,Digital Display,Retargetting,Unclassified,Tablet,EXCLUDING,CTC,2019-06-24,17020,381,27,Tablets_Retargeting GDN
ClientBrand,Digital Display,Retargetting,Unclassified,Connected TV,EXCLUDING,CTC,2019-06-24,69,0,0,TV screens_Retargeting GDN
ClientBrand,Digital Display,Retargetting,Unclassified,Computer,EXCLUDING,CTC,2019-07-01,11912,137,19.820000000000004,Computers_Retargeting GDN
ClientBrand,Digital Display,Retargetting,Unclassified,Mobile,EXCLUDING,CTC,2019-07-01,424500,6521,625.11,Mobile phones_Retargeting GDN
ClientBrand,Digital Display,Retargetting,Unclassified,Tablet,EXCLUDING,CTC,2019-07-01,19197,453,30.73,Tablets_Retargeting GDN
ClientBrand,Digital Display,Retargetting,Unclassified,Connected TV,EXCLUDING,CTC,2019-07-01,54,1,0.02,TV screens_Retargeting GDN
ClientBrand,Digital Display,Retargetting,Unclassified,Computer,EXCLUDING,CTC,2019-07-08,23206,228,35.67,Computers_Retargeting GDN
ClientBrand,Digital Display,Retargetting,Unclassified,Mobile,EXCLUDING,CTC,2019-07-08,587499,8643,1026.48,Mobile phones_Retargeting GDN
ClientBrand,Digital Display,Retargetting,Unclassified,Tablet,EXCLUDING,CTC,2019-07-08,24001,569,41.120000000000005,Tablets_Retargeting GDN
ClientBrand,Digital Display,Retargetting,Unclassified,Connected TV,EXCLUDING,CTC,2019-07-08,105,2,0.25,TV screens_Retargeting GDN
ClientBrand,Digital Display,Retargetting,Unclassified,Computer,EXCLUDING,CTC,2019-07-15,35762,334,59.129999999999995,Computers_Retargeting GDN
ClientBrand,Digital Display,Retargetting,Unclassified,Mobile,EXCLUDING,CTC,2019-07-15,619712,7989,1257.4499999999998,Mobile phones_Retargeting GDN
ClientBrand,Digital Display,Retargetting,Unclassified,Tablet,EXCLUDING,CTC,2019-07-15,37138,799,75.93,Tablets_Retargeting GDN
ClientBrand,Digital Display,Retargetting,Unclassified,Connected TV,EXCLUDING,CTC,2019-07-15,170,3,0.37000000000000005,TV screens_Retargeting GDN
ClientBrand,Digital Display,Prospecting,Unclassified,Computer,EXCLUDING,CTC,2019-07-22,8403,30,8.85,Computers_Prospecting GDN
ClientBrand,Digital Display,Retargetting,Unclassified,Computer,EXCLUDING,CTC,2019-07-22,138431,677,327.55,Computers_Retargeting GDN
ClientBrand,Digital Display,Prospecting,Unclassified,Mobile,EXCLUDING,CTC,2019-07-22,6929079,93897,8708.74,Mobile phones_Prospecting GDN
ClientBrand,Digital Display,Retargetting,Unclassified,Mobile,EXCLUDING,CTC,2019-07-22,1896272,23158,3640.7000000000003,Mobile phones_Retargeting GDN
ClientBrand,Digital Display,Prospecting,Unclassified,Tablet,EXCLUDING,CTC,2019-07-22,775530,6103,779.22,Tablets_Prospecting GDN
ClientBrand,Digital Display,Retargetting,Unclassified,Tablet,EXCLUDING,CTC,2019-07-22,97499,1320,168.56,Tablets_Retargeting GDN
ClientBrand,Digital Display,Prospecting,Unclassified,Connected TV,EXCLUDING,CTC,2019-07-22,825,3,0.24,TV screens_Prospecting GDN
ClientBrand,Digital Display,Retargetting,Unclassified,Connected TV,EXCLUDING,CTC,2019-07-22,711,6,2.66,TV screens_Retargeting GDN
ClientBrand,Digital Display,Prospecting,Unclassified,Computer,EXCLUDING,CTC,2019-07-29,5,0,0,Computers_Prospecting GDN
ClientBrand,Digital Display,Retargetting,Unclassified,Computer,EXCLUDING,CTC,2019-07-29,211525,738,399.49,Computers_Retargeting GDN
ClientBrand,Digital Display,Prospecting,Unclassified,Mobile,EXCLUDING,CTC,2019-07-29,429178,9315,414.89,Mobile phones_Prospecting GDN
ClientBrand,Digital Display,Retargetting,Unclassified,Mobile,EXCLUDING,CTC,2019-07-29,2699073,35618,6626.27,Mobile phones_Retargeting GDN
ClientBrand,Digital Display,Prospecting,Unclassified,Tablet,EXCLUDING,CTC,2019-07-29,27042,245,14.42,Tablets_Prospecting GDN
ClientBrand,Digital Display,Retargetting,Unclassified,Tablet,EXCLUDING,CTC,2019-07-29,239519,3086,412.62,Tablets_Retargeting GDN
ClientBrand,Digital Display,Prospecting,Unclassified,Connected TV,EXCLUDING,CTC,2019-07-29,19,0,0,TV screens_Prospecting GDN
ClientBrand,Digital Display,Retargetting,Unclassified,Connected TV,EXCLUDING,CTC,2019-07-29,691,6,3.18,TV screens_Retargeting GDN
ClientBrand,Digital Display,,Unclassified,Unknown,EXCLUDING,CTC,2019-08-05,3524514,Missing Data,19505.9559464,HPX _2019_Havas_Dreams_HPX_August
ClientBrand,Digital Display,,Unclassified,Unknown,EXCLUDING,CTC,2019-08-12,10,Missing Data,0.000176,HPX _2019_Havas_Dreams_HPX_August
ClientBrand,Digital Display,,Unclassified,Unknown,EXCLUDING,CTC,2019-08-19,3458931,Missing Data,26299.8299256,HPX _2019_Havas_Dreams_HPX_August
ClientBrand,Digital Display,,Unclassified,Unknown,EXCLUDING,CTC,2019-08-26,39,Missing Data,0.0006864000000000001,HPX _2019_Havas_Dreams_HPX_August
ClientBrand,Digital Display,,Unclassified,Unknown,EXCLUDING,CTC,2019-09-02,0,Missing Data,0,HPX _2019_Havas_Dreams_HPX_September
ClientBrand,Digital Display,,Unclassified,Unknown,EXCLUDING,CTC,2019-09-09,1155908,Missing Data,6045.042660800001,HPX _2019_Havas_Dreams_HPX_September
ClientBrand,Digital Display,,Unclassified,Unknown,EXCLUDING,CTC,2019-09-16,3199815,Missing Data,20042.442904,HPX _2019_Havas_Dreams_HPX_September
ClientBrand,Digital Display,,Unclassified,Unknown,EXCLUDING,CTC,2019-09-23,22,Missing Data,5849.6241672,HPX _2019_Havas_Dreams_HPX_September
ClientBrand,Digital Display,,Unclassified,Unknown,EXCLUDING,CTC,2019-09-30,1122159,Missing Data,19897.6480384,HPX _2019_Havas_Dreams_HPX_September
ClientBrand,Digital Display,,Unclassified,Unknown,EXCLUDING,CTC,2019-11-04,1650610,Missing Data,8276.746883691001,HPX 
ClientBrand,Digital Display,,Unclassified,Unknown,EXCLUDING,CTC,2019-11-04,727494,Missing Data,15438.2956728,Just Premium 
ClientBrand,Digital Display,,Unclassified,Unknown,EXCLUDING,CTC,2019-11-11,1981214,Missing Data,7659.526440934501,HPX 
ClientBrand,Digital Display,,Unclassified,Unknown,EXCLUDING,CTC,2019-11-11,596522,Missing Data,12658.912666399998,Just Premium 
ClientBrand,Digital Display,,Unclassified,Unknown,EXCLUDING,CTC,2019-11-18,3153087,Missing Data,13294.303397682997,HPX 
ClientBrand,Digital Display,,Unclassified,Unknown,EXCLUDING,CTC,2019-11-18,0,Missing Data,0,Just Premium 
ClientBrand,Digital Display,,Unclassified,Unknown,EXCLUDING,CTC,2019-11-25,3733543,Missing Data,9168.1006532995,HPX 
ClientBrand,Digital Display,,Unclassified,Unknown,EXCLUDING,CTC,2019-11-25,0,Missing Data,0,Just Premium 
ClientBrand,Digital Display,,Unclassified,Unknown,EXCLUDING,CTC,2019-12-02,3157894,Missing Data,10023.956082129002,HPX 
ClientBrand,Digital Display,,Unclassified,Unknown,EXCLUDING,CTC,2019-12-02,1205126,Missing Data,25574.2198712,Just Premium 
ClientBrand,Digital Display,,Unclassified,Unknown,EXCLUDING,CTC,2019-12-09,36027,Missing Data,4412.6620538,Teads 
ClientBrand,Digital Display,,Unclassified,Unknown,EXCLUDING,CTC,2019-12-09,901276,Missing Data,14677.642979999999,Just Premium 
ClientBrand,Digital Display,,Unclassified,Unknown,EXCLUDING,CTC,2019-12-16,354415,Missing Data,4399.695900600001,Teads 
ClientBrand,Digital Display,,Unclassified,Unknown,EXCLUDING,CTC,2019-12-16,787601,Missing Data,12272.219959999999,Just Premium 
ClientBrand,Digital Display,,Unclassified,Unknown,EXCLUDING,CTC,2019-12-23,580010,Missing Data,6296.7862958000005,Teads 
ClientBrand,Digital Display,,Unclassified,Unknown,EXCLUDING,CTC,2019-12-23,989189,Missing Data,16220.424219999999,Just Premium 
ClientBrand,Digital Display,,Unclassified,Unknown,EXCLUDING,CTC,2019-12-30,367983,Missing Data,3831.5194918,Teads 
ClientBrand,Digital Display,,Unclassified,Unknown,EXCLUDING,CTC,2019-12-30,730463,Missing Data,12166.113959999999,Just Premium 
ClientBrand,Digital Display,,Unclassified,Unknown,EXCLUDING,CTC,2020-01-06,390102,Missing Data,3833.8113814000003,Teads 
ClientBrand,Digital Display,,Unclassified,Unknown,EXCLUDING,CTC,2020-01-06,396306,Missing Data,6187.04086,Just Premium 
ClientBrand,Digital Display,,Unclassified,Unknown,EXCLUDING,CTC,2020-01-13,3797,Missing Data,36.3200838,Teads 
