Brand,Media L1,Media L2,Message,Confirm VAT,Confirm CTC,wc Mon,Spend,Comment
ClientBrand,OOH,,Brand,EXCLUDING,CTC,2010-12-27,310.0,
ClientBrand,OOH,,Brand,EXCLUDING,CTC,2011-01-03,1740.56,
ClientBrand,OOH,,Brand,EXCLUDING,CTC,2011-01-10,1740.56,
ClientBrand,OOH,,Brand,EXCLUDING,CTC,2011-01-17,1740.56,
ClientBrand,OOH,,Brand,EXCLUDING,CTC,2011-01-24,1740.56,
ClientBrand,OOH,,Brand,EXCLUDING,CTC,2011-01-31,1740.56,
ClientBrand,OOH,,Brand,EXCLUDING,CTC,2011-02-07,1740.56,
ClientBrand,OOH,,Brand,EXCLUDING,CTC,2011-02-14,1740.56,
ClientBrand,OOH,,Brand,EXCLUDING,CTC,2011-02-21,1740.56,
ClientBrand,OOH,,Brand,EXCLUDING,CTC,2011-02-28,1740.56,
ClientBrand,OOH,,Brand,EXCLUDING,CTC,2011-03-07,1740.56,
ClientBrand,OOH,,Brand,EXCLUDING,CTC,2011-03-14,1740.56,
ClientBrand,OOH,,Brand,EXCLUDING,CTC,2011-03-21,1740.56,
ClientBrand,OOH,,Brand,EXCLUDING,CTC,2011-03-28,155.13,
ClientBrand,OOH,,Brand,EXCLUDING,CTC,2011-04-04,155.13,
ClientBrand,OOH,,Brand,EXCLUDING,CTC,2011-04-11,155.13,
ClientBrand,OOH,,Brand,EXCLUDING,CTC,2011-04-18,155.13,
ClientBrand,OOH,,Brand,EXCLUDING,CTC,2011-04-25,155.13,
ClientBrand,OOH,,Brand,EXCLUDING,CTC,2011-05-02,155.13,
ClientBrand,OOH,,Brand,EXCLUDING,CTC,2011-05-09,131.75,
ClientBrand,OOH,,Brand,EXCLUDING,CTC,2011-05-16,131.75,
ClientBrand,OOH,,Brand,EXCLUDING,CTC,2011-05-23,131.75,
ClientBrand,OOH,,Brand,EXCLUDING,CTC,2011-05-30,131.75,
ClientBrand,OOH,,Brand,EXCLUDING,CTC,2011-06-06,131.75,
ClientBrand,OOH,,Brand,EXCLUDING,CTC,2011-06-13,131.75,
ClientBrand,OOH,,Brand,EXCLUDING,CTC,2011-06-20,131.75,
ClientBrand,OOH,,Brand,EXCLUDING,CTC,2011-06-27,131.75,
ClientBrand,OOH,,Brand,EXCLUDING,CTC,2011-07-04,131.75,
ClientBrand,OOH,,Brand,EXCLUDING,CTC,2011-07-11,131.75,
ClientBrand,OOH,,Brand,EXCLUDING,CTC,2011-07-18,131.75,
ClientBrand,OOH,,Brand,EXCLUDING,CTC,2011-07-25,131.75,
ClientBrand,OOH,,Brand,EXCLUDING,CTC,2011-08-01,131.75,
ClientBrand,OOH,,Brand,EXCLUDING,CTC,2011-08-08,131.75,
ClientBrand,OOH,,Brand,EXCLUDING,CTC,2011-08-15,131.75,
ClientBrand,OOH,,Brand,EXCLUDING,CTC,2011-08-22,131.75,
ClientBrand,OOH,,Brand,EXCLUDING,CTC,2011-08-29,982.0,
ClientBrand,OOH,,Brand,EXCLUDING,CTC,2011-09-05,131.75,
ClientBrand,OOH,,Brand,EXCLUDING,CTC,2011-09-12,131.75,
ClientBrand,OOH,,Brand,EXCLUDING,CTC,2011-09-19,131.75,
ClientBrand,OOH,,Brand,EXCLUDING,CTC,2011-09-26,131.75,
ClientBrand,OOH,,Brand,EXCLUDING,CTC,2011-10-03,131.75,
ClientBrand,OOH,,Brand,EXCLUDING,CTC,2011-10-10,131.75,
ClientBrand,OOH,,Brand,EXCLUDING,CTC,2011-10-17,131.75,
ClientBrand,OOH,,Brand,EXCLUDING,CTC,2011-10-24,131.75,
ClientBrand,OOH,,Brand,EXCLUDING,CTC,2011-10-31,131.75,
ClientBrand,OOH,,Brand,EXCLUDING,CTC,2011-11-07,131.75,
ClientBrand,OOH,,Brand,EXCLUDING,CTC,2011-11-14,131.75,
ClientBrand,OOH,,Brand,EXCLUDING,CTC,2011-11-21,131.75,
ClientBrand,OOH,,Brand,EXCLUDING,CTC,2011-11-28,131.75,
ClientBrand,OOH,,Brand,EXCLUDING,CTC,2011-12-05,131.75,
ClientBrand,OOH,,Brand,EXCLUDING,CTC,2011-12-12,131.75,
ClientBrand,OOH,,Brand,EXCLUDING,CTC,2011-12-19,131.75,
ClientBrand,OOH,,Brand,EXCLUDING,CTC,2011-12-26,131.75,
ClientBrand,OOH,,Brand,EXCLUDING,CTC,2012-01-02,131.75,
ClientBrand,OOH,,Brand,EXCLUDING,CTC,2012-01-09,131.75,
ClientBrand,OOH,,Brand,EXCLUDING,CTC,2012-01-16,131.75,
ClientBrand,OOH,,Brand,EXCLUDING,CTC,2012-01-23,131.75,
ClientBrand,OOH,,Brand,EXCLUDING,CTC,2012-01-30,131.75,
ClientBrand,OOH,,Brand,EXCLUDING,CTC,2012-02-06,131.75,
ClientBrand,OOH,,Brand,EXCLUDING,CTC,2012-02-13,131.75,
ClientBrand,OOH,,Brand,EXCLUDING,CTC,2012-02-20,131.75,
ClientBrand,OOH,,Brand,EXCLUDING,CTC,2012-02-27,131.75,
ClientBrand,OOH,,Brand,EXCLUDING,CTC,2012-03-05,131.75,
ClientBrand,OOH,,Brand,EXCLUDING,CTC,2012-03-12,131.75,
ClientBrand,OOH,,Brand,EXCLUDING,CTC,2012-03-19,131.75,
ClientBrand,OOH,,Brand,EXCLUDING,CTC,2012-03-26,131.75,
ClientBrand,OOH,,Brand,EXCLUDING,CTC,2012-04-02,131.75,
ClientBrand,OOH,,Brand,EXCLUDING,CTC,2012-04-09,131.75,
ClientBrand,OOH,,Brand,EXCLUDING,CTC,2012-04-16,131.75,
ClientBrand,OOH,,Brand,EXCLUDING,CTC,2012-04-23,131.75,
ClientBrand,OOH,,Brand,EXCLUDING,CTC,2012-04-30,131.75,
ClientBrand,OOH,,Brand,EXCLUDING,CTC,2012-05-07,131.75,
ClientBrand,OOH,,Brand,EXCLUDING,CTC,2012-05-14,131.75,
ClientBrand,OOH,,Brand,EXCLUDING,CTC,2012-05-21,131.75,
ClientBrand,OOH,,Brand,EXCLUDING,CTC,2012-05-28,131.75,
ClientBrand,OOH,,Brand,EXCLUDING,CTC,2012-06-04,131.75,
ClientBrand,OOH,,Brand,EXCLUDING,CTC,2012-06-11,131.75,
ClientBrand,OOH,,Brand,EXCLUDING,CTC,2012-06-18,131.75,
ClientBrand,OOH,,Brand,EXCLUDING,CTC,2012-06-25,376.4,
ClientBrand,OOH,,Brand,EXCLUDING,CTC,2012-07-02,376.4,
ClientBrand,OOH,,Brand,EXCLUDING,CTC,2012-07-09,376.4,
ClientBrand,OOH,,Brand,EXCLUDING,CTC,2012-07-16,376.4,
ClientBrand,OOH,,Brand,EXCLUDING,CTC,2012-07-23,131.75,
ClientBrand,OOH,,Brand,EXCLUDING,CTC,2012-07-30,131.75,
ClientBrand,OOH,,Brand,EXCLUDING,CTC,2012-08-06,368.42,
ClientBrand,OOH,,Brand,EXCLUDING,CTC,2012-08-13,368.42,
ClientBrand,OOH,,Brand,EXCLUDING,CTC,2012-08-20,368.42,
ClientBrand,OOH,,Brand,EXCLUDING,CTC,2012-08-27,368.42,
ClientBrand,OOH,,Brand,EXCLUDING,CTC,2012-09-03,368.42,
ClientBrand,OOH,,Brand,EXCLUDING,CTC,2012-09-10,368.42,
ClientBrand,OOH,,Brand,EXCLUDING,CTC,2012-09-17,1266.125,
ClientBrand,OOH,,Brand,EXCLUDING,CTC,2012-09-24,1266.125,
ClientBrand,OOH,,Brand,EXCLUDING,CTC,2012-10-01,1266.125,
ClientBrand,OOH,,Brand,EXCLUDING,CTC,2012-10-08,1266.125,
ClientBrand,OOH,,Brand,EXCLUDING,CTC,2012-10-15,131.75,
ClientBrand,OOH,,Brand,EXCLUDING,CTC,2012-10-22,131.75,
ClientBrand,OOH,,Brand,EXCLUDING,CTC,2012-10-29,131.75,
ClientBrand,OOH,,Brand,EXCLUDING,CTC,2012-11-05,131.75,
ClientBrand,OOH,,Brand,EXCLUDING,CTC,2012-11-12,131.75,
ClientBrand,OOH,,Brand,EXCLUDING,CTC,2012-11-19,131.75,
ClientBrand,OOH,,Brand,EXCLUDING,CTC,2012-11-26,131.75,
ClientBrand,OOH,,Brand,EXCLUDING,CTC,2012-12-03,131.75,
ClientBrand,OOH,,Brand,EXCLUDING,CTC,2012-12-10,131.75,
ClientBrand,OOH,,Brand,EXCLUDING,CTC,2012-12-17,93632.0,
ClientBrand,OOH,,Brand,EXCLUDING,CTC,2012-12-24,93632.0,
ClientBrand,OOH,,Brand,EXCLUDING,CTC,2012-12-31,132.0,
ClientBrand,OOH,,Brand,EXCLUDING,CTC,2013-01-07,132.0,
ClientBrand,OOH,,Brand,EXCLUDING,CTC,2013-01-14,132.0,
ClientBrand,OOH,,Brand,EXCLUDING,CTC,2013-01-21,132.0,
ClientBrand,OOH,,Brand,EXCLUDING,CTC,2013-01-28,132.0,
ClientBrand,OOH,,Brand,EXCLUDING,CTC,2013-02-04,597.0,
ClientBrand,OOH,,Brand,EXCLUDING,CTC,2013-02-11,132.0,
ClientBrand,OOH,,Brand,EXCLUDING,CTC,2013-02-18,132.0,
ClientBrand,OOH,,Brand,EXCLUDING,CTC,2013-02-25,132.0,
ClientBrand,OOH,,Brand,EXCLUDING,CTC,2013-03-04,132.0,
ClientBrand,OOH,,Brand,EXCLUDING,CTC,2013-03-11,132.0,
ClientBrand,OOH,,Brand,EXCLUDING,CTC,2013-03-18,132.0,
ClientBrand,OOH,,Brand,EXCLUDING,CTC,2013-03-25,132.0,
ClientBrand,OOH,,Brand,EXCLUDING,CTC,2013-04-01,132.0,
ClientBrand,OOH,,Brand,EXCLUDING,CTC,2013-04-08,132.0,
ClientBrand,OOH,,Brand,EXCLUDING,CTC,2013-04-15,132.0,
ClientBrand,OOH,,Brand,EXCLUDING,CTC,2013-04-22,132.0,
ClientBrand,OOH,,Brand,EXCLUDING,CTC,2013-04-29,132.0,
ClientBrand,OOH,,Brand,EXCLUDING,CTC,2013-05-06,132.0,
ClientBrand,OOH,,Brand,EXCLUDING,CTC,2013-05-13,4296.78,
ClientBrand,OOH,,Brand,EXCLUDING,CTC,2013-11-18,184.53,
ClientBrand,OOH,,Brand,EXCLUDING,CTC,2013-11-25,184.53,
ClientBrand,OOH,,Brand,EXCLUDING,CTC,2013-12-02,184.53,
ClientBrand,OOH,,Brand,EXCLUDING,CTC,2013-12-09,184.53,
ClientBrand,OOH,,Brand,EXCLUDING,CTC,2013-12-16,185.0,
ClientBrand,OOH,,Brand,EXCLUDING,CTC,2013-12-23,137396.31,
ClientBrand,OOH,,Brand,EXCLUDING,CTC,2013-12-30,57678.55,
ClientBrand,OOH,,Brand,EXCLUDING,CTC,2014-01-06,6374.97,
ClientBrand,OOH,,Brand,EXCLUDING,CTC,2014-01-13,6374.97,
ClientBrand,OOH,,Brand,EXCLUDING,CTC,2014-01-20,147.63,
ClientBrand,OOH,,Brand,EXCLUDING,CTC,2014-01-27,148.0,
ClientBrand,OOH,,Brand,EXCLUDING,CTC,2014-02-03,147.63,
ClientBrand,OOH,,Brand,EXCLUDING,CTC,2014-02-10,184.53,
ClientBrand,OOH,,Brand,EXCLUDING,CTC,2014-02-17,184.53,
ClientBrand,OOH,,Brand,EXCLUDING,CTC,2014-02-24,184.53,
ClientBrand,OOH,,Brand,EXCLUDING,CTC,2014-03-03,184.53,
ClientBrand,OOH,,Brand,EXCLUDING,CTC,2014-03-31,568.241,
ClientBrand,OOH,,Brand,EXCLUDING,CTC,2014-04-07,568.241,
ClientBrand,OOH,,Brand,EXCLUDING,CTC,2014-04-14,568.241,
ClientBrand,OOH,,Brand,EXCLUDING,CTC,2014-04-21,1020.875,
ClientBrand,OOH,,Brand,EXCLUDING,CTC,2014-04-28,604.875,
ClientBrand,OOH,,Brand,EXCLUDING,CTC,2014-05-05,1780.746,
ClientBrand,OOH,,Brand,EXCLUDING,CTC,2014-05-12,1780.746,
ClientBrand,OOH,,Brand,EXCLUDING,CTC,2014-05-19,568.241,
ClientBrand,OOH,,Brand,EXCLUDING,CTC,2014-05-26,568.241,
ClientBrand,OOH,,Brand,EXCLUDING,CTC,2014-06-02,4703.5,
ClientBrand,OOH,,Brand,EXCLUDING,CTC,2014-06-09,4703.5,
ClientBrand,OOH,,Brand,EXCLUDING,CTC,2014-06-16,976.75,
ClientBrand,OOH,,Brand,EXCLUDING,CTC,2014-06-23,433.5,
ClientBrand,OOH,,Brand,EXCLUDING,CTC,2014-07-14,1012.5,
ClientBrand,OOH,,Brand,EXCLUDING,CTC,2014-07-21,1012.5,
ClientBrand,OOH,,Brand,EXCLUDING,CTC,2014-07-28,1519.0,
ClientBrand,OOH,,Brand,EXCLUDING,CTC,2014-08-04,1519.0,
ClientBrand,OOH,,Brand,EXCLUDING,CTC,2014-08-25,1751.0,
ClientBrand,OOH,,Brand,EXCLUDING,CTC,2014-09-01,2640.2,
ClientBrand,OOH,,Brand,EXCLUDING,CTC,2014-09-08,2045.2,
ClientBrand,OOH,,Brand,EXCLUDING,CTC,2014-09-15,1156.0,
ClientBrand,OOH,,Brand,EXCLUDING,CTC,2014-09-22,4383.13,
ClientBrand,OOH,,Brand,EXCLUDING,CTC,2014-09-29,3362.23,
ClientBrand,OOH,,Brand,EXCLUDING,CTC,2014-10-06,1687.105,
ClientBrand,OOH,,Brand,EXCLUDING,CTC,2014-10-13,1687.105,
ClientBrand,OOH,,Brand,EXCLUDING,CTC,2014-10-20,3089.945,
ClientBrand,OOH,,Brand,EXCLUDING,CTC,2014-10-27,2834.945,
ClientBrand,OOH,,Brand,EXCLUDING,CTC,2014-11-03,1736.88,
ClientBrand,OOH,,Brand,EXCLUDING,CTC,2014-11-10,1991.88,
ClientBrand,OOH,,Brand,EXCLUDING,CTC,2014-12-08,255.0,
ClientBrand,OOH,,Brand,EXCLUDING,CTC,2014-12-15,188807.5,
ClientBrand,OOH,,Brand,EXCLUDING,CTC,2014-12-22,1382.5,
ClientBrand,OOH,,Brand,EXCLUDING,CTC,2014-12-29,6855.0,
ClientBrand,OOH,,Brand,EXCLUDING,CTC,2015-01-05,1520.0,
ClientBrand,OOH,,Brand,EXCLUDING,CTC,2015-02-09,2412.5,
ClientBrand,OOH,,Brand,EXCLUDING,CTC,2015-02-16,1105.0,
ClientBrand,OOH,,Brand,EXCLUDING,CTC,2015-02-23,1016.6666666666666,
ClientBrand,OOH,,Brand,EXCLUDING,CTC,2015-03-02,7793.75,
ClientBrand,OOH,,Brand,EXCLUDING,CTC,2015-03-23,1265.0,
ClientBrand,OOH,,Brand,EXCLUDING,CTC,2015-03-30,3550.0,
ClientBrand,OOH,,Brand,EXCLUDING,CTC,2015-04-13,4320.5,
ClientBrand,OOH,,Brand,EXCLUDING,CTC,2015-04-20,280.5,
ClientBrand,OOH,,Brand,EXCLUDING,CTC,2015-05-18,714.0,
ClientBrand,OOH,,Brand,EXCLUDING,CTC,2015-06-01,4041.0,
ClientBrand,OOH,,Brand,EXCLUDING,CTC,2015-06-08,1020.0,
ClientBrand,OOH,,Brand,EXCLUDING,CTC,2015-06-15,1904.0,
ClientBrand,OOH,,Brand,EXCLUDING,CTC,2015-06-22,3295.0,
ClientBrand,OOH,,Brand,EXCLUDING,CTC,2015-06-29,10524.3,
ClientBrand,OOH,,Brand,EXCLUDING,CTC,2015-07-13,12210.25,
ClientBrand,OOH,,Brand,EXCLUDING,CTC,2015-08-24,3045.5,
ClientBrand,OOH,,Brand,EXCLUDING,CTC,2015-08-31,3244.0,
ClientBrand,OOH,,Brand,EXCLUDING,CTC,2015-09-07,1199.5,
ClientBrand,OOH,,Brand,EXCLUDING,CTC,2015-09-14,2574.0,
ClientBrand,OOH,,Brand,EXCLUDING,CTC,2015-09-21,2711.5,
ClientBrand,OOH,,Brand,EXCLUDING,CTC,2015-10-05,2744.0,
ClientBrand,OOH,,Brand,EXCLUDING,CTC,2015-10-12,3516.0,
ClientBrand,OOH,,Brand,EXCLUDING,CTC,2015-10-19,1530.0,
ClientBrand,OOH,,Brand,EXCLUDING,CTC,2015-10-26,3781.0,
ClientBrand,OOH,,Brand,EXCLUDING,CTC,2015-11-02,10580.0,
ClientBrand,OOH,,Brand,EXCLUDING,CTC,2015-11-09,6671.0,
ClientBrand,OOH,,Brand,EXCLUDING,CTC,2015-11-16,7520.5,
ClientBrand,OOH,,Brand,EXCLUDING,CTC,2015-11-23,4325.0,
ClientBrand,OOH,,Brand,EXCLUDING,CTC,2015-11-30,10549.0,
ClientBrand,OOH,,Brand,EXCLUDING,CTC,2015-12-07,2040.0,
ClientBrand,OOH,,Brand,EXCLUDING,CTC,2015-12-14,171810.5,
ClientBrand,OOH,,Brand,EXCLUDING,CTC,2015-12-28,4996.992,
ClientBrand,OOH,,Brand,EXCLUDING,CTC,2016-01-04,4553.87933,
ClientBrand,OOH,,Brand,EXCLUDING,CTC,2016-01-18,1650.6490000000001,
ClientBrand,OOH,,Brand,EXCLUDING,CTC,2016-01-25,1531.53,
ClientBrand,OOH,,Brand,EXCLUDING,CTC,2016-02-01,765.765,
ClientBrand,OOH,,Brand,EXCLUDING,CTC,2016-02-29,6253.7475,
ClientBrand,OOH,,Brand,EXCLUDING,CTC,2016-03-21,2597.8452500000003,
ClientBrand,OOH,,Brand,EXCLUDING,CTC,2016-03-28,11688.576900000002,
ClientBrand,OOH,,Brand,EXCLUDING,CTC,2016-04-11,9028.2577385,
ClientBrand,OOH,,Brand,EXCLUDING,CTC,2016-04-25,1539.2557180000001,
ClientBrand,OOH,,Brand,EXCLUDING,CTC,2016-05-09,773.4907180000001,
ClientBrand,OOH,,Brand,EXCLUDING,CTC,2016-05-16,2253.2509999999997,
ClientBrand,OOH,,Brand,EXCLUDING,CTC,2016-05-23,1864.1187565000002,
ClientBrand,OOH,,Brand,EXCLUDING,CTC,2016-05-30,510.51,
ClientBrand,OOH,,Brand,EXCLUDING,CTC,2016-06-06,510.51,
ClientBrand,OOH,,Brand,EXCLUDING,CTC,2016-06-13,1766.7649999999999,
ClientBrand,OOH,,Brand,EXCLUDING,CTC,2016-07-04,4246.3421,
ClientBrand,OOH,,Brand,EXCLUDING,CTC,2016-07-11,765.765,
ClientBrand,OOH,,Brand,EXCLUDING,CTC,2016-07-18,765.765,
ClientBrand,OOH,,Brand,EXCLUDING,CTC,2016-08-01,13459.69625,
ClientBrand,OOH,,Brand,EXCLUDING,CTC,2016-08-08,15150.14501,
ClientBrand,OOH,,Brand,EXCLUDING,CTC,2016-08-15,3509.75625,
ClientBrand,OOH,,Brand,EXCLUDING,CTC,2016-08-22,1201.1994995,
ClientBrand,OOH,,Brand,EXCLUDING,CTC,2016-08-29,15821.603297500003,
ClientBrand,OOH,,Brand,EXCLUDING,CTC,2016-09-05,765.765,
ClientBrand,OOH,,Brand,EXCLUDING,CTC,2016-09-12,765.765,
ClientBrand,OOH,,Brand,EXCLUDING,CTC,2016-09-26,755.755,
ClientBrand,OOH,,Brand,EXCLUDING,CTC,2016-10-24,2747.9452000000006,
ClientBrand,OOH,,Brand,EXCLUDING,CTC,2016-11-07,5624.1185000000005,
ClientBrand,OOH,,Brand,EXCLUDING,CTC,2016-11-21,8040.031999999999,
ClientBrand,OOH,,Brand,EXCLUDING,CTC,2016-12-05,8652.543899999999,
ClientBrand,OOH,,Brand,EXCLUDING,CTC,2016-12-12,1766.7649999999999,
ClientBrand,OOH,,Brand,EXCLUDING,CTC,2016-12-19,187484.7975,
ClientBrand,OOH,,Brand,EXCLUDING,CTC,2016-12-26,1596.595,
ClientBrand,OOH,,Brand,EXCLUDING,CTC,2017-01-02,28175.046899999998,
ClientBrand,OOH,,Brand,EXCLUDING,CTC,2017-01-16,842.3415,
ClientBrand,OOH,,Brand,EXCLUDING,CTC,2017-01-23,1871.87,
ClientBrand,OOH,,Brand,EXCLUDING,CTC,2017-03-20,1011.01,
ClientBrand,OOH,,Brand,EXCLUDING,CTC,2017-04-10,3598.1946,
ClientBrand,OOH,,Brand,EXCLUDING,CTC,2017-05-22,1511.51,
ClientBrand,OOH,,Brand,EXCLUDING,CTC,2017-06-19,765.765,
ClientBrand,OOH,,Brand,EXCLUDING,CTC,2017-07-17,1266.2649999999999,
ClientBrand,OOH,,Brand,EXCLUDING,CTC,2017-07-24,1011.01,
ClientBrand,OOH,,Brand,EXCLUDING,CTC,2017-07-31,7582.9754,
ClientBrand,OOH,,Brand,EXCLUDING,CTC,2017-08-07,1766.7649999999999,
ClientBrand,OOH,,Brand,EXCLUDING,CTC,2017-08-21,1266.2649999999999,
ClientBrand,OOH,,Brand,EXCLUDING,CTC,2017-08-28,14689.875199999999,
ClientBrand,OOH,,Brand,EXCLUDING,CTC,2017-09-11,2532.5299999999997,
ClientBrand,OOH,,Brand,EXCLUDING,CTC,2017-09-18,1766.7649999999999,
ClientBrand,OOH,,Brand,EXCLUDING,CTC,2017-09-25,1151.0499,
ClientBrand,OOH,,Brand,EXCLUDING,CTC,2017-10-09,1956.955,
ClientBrand,OOH,,Brand,EXCLUDING,CTC,2017-10-16,3090.087,
ClientBrand,OOH,,Brand,EXCLUDING,CTC,2017-10-23,808.1073,
ClientBrand,OOH,,Brand,EXCLUDING,CTC,2017-10-30,2532.5299999999997,
ClientBrand,OOH,,Brand,EXCLUDING,CTC,2017-11-13,1250.7495,
ClientBrand,OOH,,Brand,EXCLUDING,CTC,2018-01-01,7735.0,
ClientBrand,OOH,,Brand,EXCLUDING,CTC,2018-01-15,765.0,
ClientBrand,OOH,,Brand,EXCLUDING,CTC,2018-01-22,510.0,
ClientBrand,OOH,,Brand,EXCLUDING,CTC,2018-01-29,3230.0,
ClientBrand,OOH,,Brand,EXCLUDING,CTC,2018-03-26,8160.0,
ClientBrand,OOH,,Brand,EXCLUDING,CTC,2018-04-16,11237.0,
ClientBrand,OOH,,Brand,EXCLUDING,CTC,2018-04-23,10856.2,
ClientBrand,OOH,,Brand,EXCLUDING,CTC,2018-05-07,2907.0,
ClientBrand,OOH,,Brand,EXCLUDING,CTC,2018-05-14,748.0,
ClientBrand,OOH,,Brand,EXCLUDING,CTC,2018-06-18,1207.85,
ClientBrand,OOH,,Brand,EXCLUDING,CTC,2018-08-06,1190.0,
ClientBrand,OOH,,Brand,EXCLUDING,CTC,2018-08-13,841.5,
ClientBrand,OOH,,Brand,EXCLUDING,CTC,2018-08-20,595.0,
ClientBrand,OOH,,Brand,EXCLUDING,CTC,2018-11-05,1938.0,
ClientBrand,OOH,,Brand,EXCLUDING,CTC,2018-11-19,1190.0,
ClientBrand,OOH,,Brand,EXCLUDING,CTC,2019-03-25,7649.1415,
ClientBrand,OOH,,Brand,EXCLUDING,CTC,2019-04-08,1403.9025,
ClientBrand,OOH,,Brand,EXCLUDING,CTC,2019-04-22,561.561,
ClientBrand,OOH,,Brand,EXCLUDING,CTC,2019-06-03,1757.00525,
ClientBrand,OOH,,Brand,EXCLUDING,CTC,2019-06-10,2458.9565,
ClientBrand,OOH,,Brand,EXCLUDING,CTC,2019-06-17,2820.5677499999997,
ClientBrand,OOH,,Brand,EXCLUDING,CTC,2019-06-24,1757.00525,
ClientBrand,OOH,,Brand,EXCLUDING,CTC,2019-07-01,11204.84365,
ClientBrand,OOH,Digital,Brand,EXCLUDING,CTC,2019-11-11,6942.936,
ClientBrand,OOH,Digital,Brand,EXCLUDING,CTC,2019-11-18,2473.4209499999997,
ClientBrand,OOH,Digital,Brand,EXCLUDING,CTC,2019-12-23,72445.197825,
ClientBrand,OOH,Digital,Brand,EXCLUDING,CTC,2020-01-06,19176.38535,
ClientBrand,OOH,Digital,Brand,EXCLUDING,CTC,2020-02-17,1125.0,
ClientBrand,OOH,Digital,Brand,EXCLUDING,CTC,2020-02-24,1125.0,
ClientBrand,OOH,Digital,Brand,EXCLUDING,CTC,2020-03-02,1125.0,
ClientBrand,OOH,Digital,Brand,EXCLUDING,CTC,2020-03-09,1125.0,
ClientBrand,OOH,Paper,Brand,EXCLUDING,CTC,2020-03-09,170.0,
ClientBrand,OOH,Digital,Brand,EXCLUDING,CTC,2020-03-16,1125.0,
ClientBrand,OOH,Paper,Brand,EXCLUDING,CTC,2020-03-16,170.0,
ClientBrand,OOH,Digital,Brand,EXCLUDING,CTC,2020-03-23,1125.0,
ClientBrand,OOH,Paper,Brand,EXCLUDING,CTC,2020-04-06,170.0,
ClientBrand,OOH,Paper,Brand,EXCLUDING,CTC,2020-04-13,170.0,
ClientBrand,OOH,Paper,Brand,EXCLUDING,CTC,2020-04-20,170.0,
ClientBrand,OOH,Paper,Brand,EXCLUDING,CTC,2020-04-27,170.0,
ClientBrand,OOH,Paper,Brand,EXCLUDING,CTC,2020-05-04,170.0,
ClientBrand,OOH,Paper,Brand,EXCLUDING,CTC,2020-05-11,170.0,
ClientBrand,OOH,Paper,Brand,EXCLUDING,CTC,2020-05-18,170.0,
ClientBrand,OOH,Paper,Brand,EXCLUDING,CTC,2020-05-25,170.0,
ClientBrand,OOH,Paper,Brand,EXCLUDING,CTC,2020-06-01,170.0,
ClientBrand,OOH,Paper,Brand,EXCLUDING,CTC,2020-06-08,170.0,
ClientBrand,OOH,Paper,Brand,EXCLUDING,CTC,2020-06-15,170.0,
ClientBrand,OOH,Paper,Brand,EXCLUDING,CTC,2020-06-22,170.0,
ClientBrand,OOH,Paper,Brand,EXCLUDING,CTC,2020-06-29,170.0,
ClientBrand,OOH,Paper,Brand,EXCLUDING,CTC,2020-07-06,170.0,
ClientBrand,OOH,Paper,Brand,EXCLUDING,CTC,2020-07-13,170.0,
ClientBrand,OOH,Paper,Brand,EXCLUDING,CTC,2020-07-20,170.0,
ClientBrand,OOH,Paper,Brand,EXCLUDING,CTC,2020-07-27,170.0,
ClientBrand,OOH,Paper,Brand,EXCLUDING,CTC,2020-08-03,170.0,
ClientBrand,OOH,Paper,Brand,EXCLUDING,CTC,2020-08-10,170.0,
ClientBrand,OOH,Digital,Brand,EXCLUDING,CTC,2020-08-17,20995.0,
ClientBrand,OOH,Paper,Brand,EXCLUDING,CTC,2020-08-17,170.0,
ClientBrand,OOH,Paper,Brand,EXCLUDING,CTC,2020-08-24,170.0,
ClientBrand,OOH,Paper,Brand,EXCLUDING,CTC,2020-08-31,170.0,
ClientBrand,OOH,Digital,Brand,EXCLUDING,CTC,2020-09-07,2423.0,
ClientBrand,OOH,Paper,Brand,EXCLUDING,CTC,2020-09-07,510.0,
ClientBrand,OOH,Digital,Brand,EXCLUDING,CTC,2020-09-14,2423.0,
ClientBrand,OOH,Paper,Brand,EXCLUDING,CTC,2020-09-14,510.0,
ClientBrand,OOH,Digital,Brand,EXCLUDING,CTC,2020-09-21,187.0,
ClientBrand,OOH,Paper,Brand,EXCLUDING,CTC,2020-09-21,1530.0,
ClientBrand,OOH,Digital,Brand,EXCLUDING,CTC,2020-09-28,187.0,
ClientBrand,OOH,Paper,Brand,EXCLUDING,CTC,2020-09-28,1530.0,
ClientBrand,OOH,Digital,Brand,EXCLUDING,CTC,2020-10-05,561.0,
ClientBrand,OOH,Paper,Brand,EXCLUDING,CTC,2020-10-05,170.0,
ClientBrand,OOH,Digital,Brand,EXCLUDING,CTC,2020-10-12,561.0,
ClientBrand,OOH,Paper,Brand,EXCLUDING,CTC,2020-10-12,170.0,
ClientBrand,OOH,Digital,Brand,EXCLUDING,CTC,2020-10-19,23425.14,
ClientBrand,OOH,Digital,Brand,EXCLUDING,CTC,2020-10-26,2430.14,
ClientBrand,OOH,Digital,Brand,EXCLUDING,CTC,2020-11-02,364.18,
ClientBrand,OOH,Paper,Brand,EXCLUDING,CTC,2020-11-02,170.0,
ClientBrand,OOH,Paper,Brand,EXCLUDING,CTC,2020-11-09,170.0,
ClientBrand,OOH,Digital,Brand,EXCLUDING,CTC,2020-11-30,1391.97,
ClientBrand,OOH,Digital,Brand,EXCLUDING,CTC,2020-12-07,3247.94,
ClientBrand,OOH,Digital,Brand,EXCLUDING,CTC,2020-12-14,935.14,
ClientBrand,OOH,Paper,Brand,EXCLUDING,CTC,2020-12-14,170.0,
ClientBrand,OOH,Digital,Brand,EXCLUDING,CTC,2020-12-21,935.14,
ClientBrand,OOH,Paper,Brand,EXCLUDING,CTC,2020-12-21,170.0,
ClientBrand,OOH,Paper,Brand,EXCLUDING,CTC,2020-12-28,163.47,
ClientBrand,OOH,Paper,Brand,EXCLUDING,CTC,2021-01-04,163.47,
ClientBrand,OOH,Paper,Brand,EXCLUDING,CTC,2021-01-11,163.47,
ClientBrand,OOH,Paper,Brand,EXCLUDING,CTC,2021-01-18,163.47,
ClientBrand,OOH,Paper,Brand,EXCLUDING,CTC,2021-01-25,163.47,
ClientBrand,OOH,Paper,Brand,EXCLUDING,CTC,2021-02-01,163.47,
ClientBrand,OOH,Paper,Brand,EXCLUDING,CTC,2021-02-08,163.47,
ClientBrand,OOH,Paper,Brand,EXCLUDING,CTC,2021-02-15,163.47,
ClientBrand,OOH,Paper,Brand,EXCLUDING,CTC,2021-02-22,163.46,
ClientBrand,OOH,Paper,Brand,EXCLUDING,CTC,2021-03-01,163.46,
ClientBrand,OOH,Paper,Brand,EXCLUDING,CTC,2021-03-08,163.46,
ClientBrand,OOH,Paper,Brand,EXCLUDING,CTC,2021-03-15,163.46,
ClientBrand,OOH,Paper,Brand,EXCLUDING,CTC,2021-03-22,163.46,
ClientBrand,OOH,Paper,Brand,EXCLUDING,CTC,2021-03-29,163.46,
ClientBrand,OOH,Paper,Brand,EXCLUDING,CTC,2021-04-05,163.46,
ClientBrand,OOH,Paper,Brand,EXCLUDING,CTC,2021-04-12,163.46,
ClientBrand,OOH,Paper,Brand,EXCLUDING,CTC,2021-04-19,163.46,
ClientBrand,OOH,Paper,Brand,EXCLUDING,CTC,2021-04-26,163.46,
ClientBrand,OOH,Digital,Brand,EXCLUDING,CTC,2021-05-03,2650.0,
ClientBrand,OOH,Paper,Brand,EXCLUDING,CTC,2021-05-03,163.46,
ClientBrand,OOH,Digital,Brand,EXCLUDING,CTC,2021-05-10,2650.0,
ClientBrand,OOH,Paper,Brand,EXCLUDING,CTC,2021-05-10,3563.46,
ClientBrand,OOH,Paper,Brand,EXCLUDING,CTC,2021-05-17,6925.96,
ClientBrand,OOH,Paper,Brand,EXCLUDING,CTC,2021-05-24,3525.96,
ClientBrand,OOH,Digital,Brand,EXCLUDING,CTC,2021-05-31,7182.5,
ClientBrand,OOH,Paper,Brand,EXCLUDING,CTC,2021-05-31,3525.96,
ClientBrand,OOH,Digital,Brand,EXCLUDING,CTC,2021-06-07,7182.5,
ClientBrand,OOH,Paper,Brand,EXCLUDING,CTC,2021-06-07,3525.96,
ClientBrand,OOH,Digital,Brand,EXCLUDING,CTC,2021-06-14,3527.5,
ClientBrand,OOH,Paper,Brand,EXCLUDING,CTC,2021-06-14,163.46,
ClientBrand,OOH,Digital,Brand,EXCLUDING,CTC,2021-06-21,3527.5,
ClientBrand,OOH,Paper,Brand,EXCLUDING,CTC,2021-06-21,163.46,
ClientBrand,OOH,Paper,Brand,EXCLUDING,CTC,2021-06-28,3435.96,
ClientBrand,OOH,Paper,Brand,EXCLUDING,CTC,2021-07-05,4455.96,
ClientBrand,OOH,Paper,Brand,EXCLUDING,CTC,2021-07-12,1183.46,
ClientBrand,OOH,Paper,Brand,EXCLUDING,CTC,2021-07-19,163.46,
ClientBrand,OOH,Digital,Brand,EXCLUDING,CTC,2021-07-26,11347.5,
ClientBrand,OOH,Paper,Brand,EXCLUDING,CTC,2021-07-26,163.46,
ClientBrand,OOH,Digital,Brand,EXCLUDING,CTC,2021-08-02,5036.25,
ClientBrand,OOH,Paper,Brand,EXCLUDING,CTC,2021-08-02,163.46,
ClientBrand,OOH,Digital,Brand,EXCLUDING,CTC,2021-08-09,8670.0,
ClientBrand,OOH,Paper,Brand,EXCLUDING,CTC,2021-08-09,163.46,
ClientBrand,OOH,Digital,Brand,EXCLUDING,CTC,2021-08-16,8670.0,
ClientBrand,OOH,Paper,Brand,EXCLUDING,CTC,2021-08-16,163.46,
ClientBrand,OOH,Digital,Brand,EXCLUDING,CTC,2021-08-23,8003.69,
ClientBrand,OOH,Paper,Brand,EXCLUDING,CTC,2021-08-23,163.46,
ClientBrand,OOH,Digital,Brand,EXCLUDING,CTC,2021-08-30,1831.75,
ClientBrand,OOH,Paper,Brand,EXCLUDING,CTC,2021-08-30,163.46,
ClientBrand,OOH,Paper,Brand,EXCLUDING,CTC,2021-09-06,163.46,
ClientBrand,OOH,Paper,Brand,EXCLUDING,CTC,2021-09-13,163.46,
ClientBrand,OOH,Paper,Brand,EXCLUDING,CTC,2021-09-20,163.46,
ClientBrand,OOH,Paper,Brand,EXCLUDING,CTC,2021-09-27,163.46,
ClientBrand,OOH,Paper,Brand,EXCLUDING,CTC,2021-10-04,163.46,
ClientBrand,OOH,Paper,Brand,EXCLUDING,CTC,2021-10-11,163.46,
ClientBrand,OOH,Paper,Brand,EXCLUDING,CTC,2021-10-18,163.46,
ClientBrand,OOH,Paper,Brand,EXCLUDING,CTC,2021-10-25,163.46,
ClientBrand,OOH,Paper,Brand,EXCLUDING,CTC,2021-11-01,163.46,
ClientBrand,OOH,Paper,Brand,EXCLUDING,CTC,2021-11-08,163.46,
ClientBrand,OOH,Paper,Brand,EXCLUDING,CTC,2021-11-15,163.46,
ClientBrand,OOH,Paper,Brand,EXCLUDING,CTC,2021-11-22,163.46,
ClientBrand,OOH,Paper,Brand,EXCLUDING,CTC,2021-11-29,163.46,
ClientBrand,OOH,Paper,Brand,EXCLUDING,CTC,2021-12-06,163.46,
ClientBrand,OOH,Paper,Brand,EXCLUDING,CTC,2021-12-13,163.46,
ClientBrand,OOH,Paper,Brand,EXCLUDING,CTC,2021-12-20,163.46,
ClientBrand,OOH,Digital,Brand,EXCLUDING,CTC,2021-12-27,6003.0,
ClientBrand,OOH,Digital,Brand,EXCLUDING,CTC,2022-01-03,16239.98,
ClientBrand,OOH,Paper,Brand,EXCLUDING,CTC,2022-01-03,2945.25,
ClientBrand,OOH,Digital,Brand,EXCLUDING,CTC,2022-01-10,11193.109999999999,
ClientBrand,OOH,Paper,Brand,EXCLUDING,CTC,2022-01-10,2945.25,
ClientBrand,OOH,Digital,Brand,EXCLUDING,CTC,2022-01-17,6836.85,
ClientBrand,OOH,Paper,Brand,EXCLUDING,CTC,2022-01-17,1653.51,
ClientBrand,OOH,Digital,Brand,EXCLUDING,CTC,2022-01-24,7686.85,
ClientBrand,OOH,Paper,Brand,EXCLUDING,CTC,2022-01-24,1653.51,
ClientBrand,OOH,Digital,Brand,EXCLUDING,CTC,2022-01-31,7686.85,
ClientBrand,OOH,Paper,Brand,EXCLUDING,CTC,2022-01-31,3010.96,
ClientBrand,OOH,Digital,Brand,EXCLUDING,CTC,2022-02-07,7686.85,
ClientBrand,OOH,Paper,Brand,EXCLUDING,CTC,2022-02-07,2847.5,
ClientBrand,OOH,Paper,Brand,EXCLUDING,CTC,2022-02-14,150.88,
ClientBrand,OOH,Paper,Brand,EXCLUDING,CTC,2022-02-21,150.88,
ClientBrand,OOH,Paper,Brand,EXCLUDING,CTC,2022-02-28,150.88,
ClientBrand,OOH,Paper,Brand,EXCLUDING,CTC,2022-03-07,150.88,
ClientBrand,OOH,Digital,Brand,EXCLUDING,CTC,2022-03-14,5950.0,
ClientBrand,OOH,Paper,Brand,EXCLUDING,CTC,2022-03-14,150.88,
ClientBrand,OOH,Digital,Brand,EXCLUDING,CTC,2022-03-21,5950.0,
ClientBrand,OOH,Paper,Brand,EXCLUDING,CTC,2022-03-21,5950.0,
ClientBrand,OOH,Paper,Brand,EXCLUDING,CTC,2022-03-28,150.88,
ClientBrand,OOH,Paper,Brand,EXCLUDING,CTC,2022-04-04,150.88,
ClientBrand,OOH,Paper,Brand,EXCLUDING,CTC,2022-04-11,150.88,
ClientBrand,OOH,Paper,Brand,EXCLUDING,CTC,2022-04-18,150.88,
ClientBrand,OOH,Paper,Brand,EXCLUDING,CTC,2022-04-25,150.88,
ClientBrand,OOH,Paper,Brand,EXCLUDING,CTC,2022-05-02,150.88,
ClientBrand,OOH,Paper,Brand,EXCLUDING,CTC,2022-05-09,150.88,
ClientBrand,OOH,Paper,Brand,EXCLUDING,CTC,2022-05-16,150.88,
ClientBrand,OOH,Paper,Brand,EXCLUDING,CTC,2022-05-23,150.88,
ClientBrand,OOH,Paper,Brand,EXCLUDING,CTC,2022-05-30,150.88,
ClientBrand,OOH,Paper,Brand,EXCLUDING,CTC,2022-06-06,150.88,
ClientBrand,OOH,Paper,Brand,EXCLUDING,CTC,2022-06-13,150.88,
ClientBrand,OOH,Paper,Brand,EXCLUDING,CTC,2022-06-20,150.88,
ClientBrand,OOH,Paper,Brand,EXCLUDING,CTC,2022-06-27,150.88,
ClientBrand,OOH,Paper,Brand,EXCLUDING,CTC,2022-07-04,150.88,
ClientBrand,OOH,Paper,Brand,EXCLUDING,CTC,2022-07-11,150.88,
ClientBrand,OOH,Paper,Brand,EXCLUDING,CTC,2022-07-18,150.88,
ClientBrand,OOH,Paper,Brand,EXCLUDING,CTC,2022-07-25,150.88,
ClientBrand,OOH,Digital,Brand,EXCLUDING,CTC,2022-08-01,10894.58,
ClientBrand,OOH,Paper,Brand,EXCLUDING,CTC,2022-08-01,150.88,
ClientBrand,OOH,Digital,Brand,EXCLUDING,CTC,2022-08-08,10894.58,
ClientBrand,OOH,Paper,Brand,EXCLUDING,CTC,2022-08-08,150.88,
ClientBrand,OOH,Digital,Brand,EXCLUDING,CTC,2022-08-15,8430.0,
ClientBrand,OOH,Paper,Brand,EXCLUDING,CTC,2022-08-15,150.88,
ClientBrand,OOH,Digital,Brand,EXCLUDING,CTC,2022-08-22,4362.62,
ClientBrand,OOH,Paper,Brand,EXCLUDING,CTC,2022-08-22,150.88,
ClientBrand,OOH,Paper,Brand,EXCLUDING,CTC,2022-08-29,150.88,
ClientBrand,OOH,Paper,Brand,EXCLUDING,CTC,2022-09-05,150.88,
ClientBrand,OOH,Paper,Brand,EXCLUDING,CTC,2022-09-12,150.88,
ClientBrand,OOH,Digital,Brand,EXCLUDING,CTC,2022-09-19,3400.0,
ClientBrand,OOH,Paper,Brand,EXCLUDING,CTC,2022-09-19,150.88,
ClientBrand,OOH,Digital,Brand,EXCLUDING,CTC,2022-09-26,5190.0,
ClientBrand,OOH,Paper,Brand,EXCLUDING,CTC,2022-09-26,150.88,
ClientBrand,OOH,Digital,Brand,EXCLUDING,CTC,2022-10-03,2640.0,
ClientBrand,OOH,Paper,Brand,EXCLUDING,CTC,2022-10-03,150.88,
ClientBrand,OOH,Digital,Brand,EXCLUDING,CTC,2022-10-10,5190.0,
ClientBrand,OOH,Paper,Brand,EXCLUDING,CTC,2022-10-10,150.88,
ClientBrand,OOH,Digital,Brand,EXCLUDING,CTC,2022-10-17,5190.0,
ClientBrand,OOH,Paper,Brand,EXCLUDING,CTC,2022-10-17,150.88,
ClientBrand,OOH,Digital,Brand,EXCLUDING,CTC,2022-10-24,5742.0,
ClientBrand,OOH,Paper,Brand,EXCLUDING,CTC,2022-10-24,150.88,
ClientBrand,OOH,Digital,Brand,EXCLUDING,CTC,2022-10-31,3645.0,
ClientBrand,OOH,Paper,Brand,EXCLUDING,CTC,2022-10-31,150.88,
ClientBrand,OOH,Digital,Brand,EXCLUDING,CTC,2022-11-07,3603.32,
ClientBrand,OOH,Paper,Brand,EXCLUDING,CTC,2022-11-07,150.88,
ClientBrand,OOH,Digital,Brand,EXCLUDING,CTC,2022-11-14,3603.32,
ClientBrand,OOH,Paper,Brand,EXCLUDING,CTC,2022-11-14,150.88,
ClientBrand,OOH,Digital,Brand,EXCLUDING,CTC,2022-11-21,1620.32,
ClientBrand,OOH,Paper,Brand,EXCLUDING,CTC,2022-11-21,150.88,
ClientBrand,OOH,Digital,Brand,EXCLUDING,CTC,2022-11-28,462.95,
ClientBrand,OOH,Paper,Brand,EXCLUDING,CTC,2022-11-28,150.88,
ClientBrand,OOH,Paper,Brand,EXCLUDING,CTC,2022-12-05,150.88,
ClientBrand,OOH,Paper,Brand,EXCLUDING,CTC,2022-12-12,150.88,
ClientBrand,OOH,Paper,Brand,EXCLUDING,CTC,2022-12-19,150.88,
ClientBrand,OOH,Paper,Brand,EXCLUDING,CTC,2022-12-26,150.88,
ClientBrand,OOH,Paper,Brand,EXCLUDING,CTC,2023-01-02,150.88,
ClientBrand,OOH,Paper,Brand,EXCLUDING,CTC,2023-01-09,150.88,
