Brand,Media L1,Media L2,Message,Objective,Cost Type,Confirm VAT,Confirm CTC,wc Mon,Impressions,Clicks,Spend,Comment
ClientBrand,Paid Social,Twitter,Unclassified,Traffic,Platform and Fees,EXCLUDING,CTC,2016-03-14,969649,7078,6458.05086555849,
ClientBrand,Paid Social,Twitter,Unclassified,Traffic,Platform and Fees,EXCLUDING,CTC,2016-03-21,355682,2200,2711.37680055228,
ClientBrand,Paid Social,Twitter,Unclassified,Traffic,Platform and Fees,EXCLUDING,CTC,2016-03-28,267457,2299,1587.34650808534,
ClientBrand,Paid Social,Twitter,Unclassified,Traffic,Platform and Fees,EXCLUDING,CTC,2016-04-04,320868,3665,2025.32968001893,
ClientBrand,Paid Social,Twitter,Unclassified,Traffic,Platform and Fees,EXCLUDING,CTC,2016-04-11,334003,3038,2149.78274879495,
ClientBrand,Paid Social,Twitter,Unclassified,Traffic,Platform and Fees,EXCLUDING,CTC,2016-04-18,341437,2287,1986.33071693501,
ClientBrand,Paid Social,Twitter,Unclassified,Traffic,Platform and Fees,EXCLUDING,CTC,2016-04-25,315600,1525,1749.75422564445,
ClientBrand,Paid Social,Twitter,Unclassified,Traffic,Platform and Fees,EXCLUDING,CTC,2016-05-02,60208,315,213.354534579485,
ClientBrand,Paid Social,Meta,Unclassified,Traffic,Platform and Fees,EXCLUDING,CTC,2016-06-20,187885,931,95.6542016651107,
ClientBrand,Paid Social,Meta,Unclassified,Traffic,Platform and Fees,EXCLUDING,CTC,2016-06-27,983239,6180,3837.75603229737,
ClientBrand,Paid Social,Twitter,Unclassified,Traffic,Platform and Fees,EXCLUDING,CTC,2016-06-27,799377,3706,2402.87737273637,
ClientBrand,Paid Social,Meta,Unclassified,Traffic,Platform and Fees,EXCLUDING,CTC,2016-07-04,2597750,18318,10139.4785325852,
ClientBrand,Paid Social,Twitter,Unclassified,Traffic,Platform and Fees,EXCLUDING,CTC,2016-07-04,1107553,5545,3459.3416528578,
ClientBrand,Paid Social,Meta,Unclassified,Traffic,Platform and Fees,EXCLUDING,CTC,2016-07-11,1383241,8336,5399.03471269045,
ClientBrand,Paid Social,Twitter,Unclassified,Traffic,Platform and Fees,EXCLUDING,CTC,2016-07-11,1030542,5755,3391.92161993068,
ClientBrand,Paid Social,Meta,Unclassified,Traffic,Platform and Fees,EXCLUDING,CTC,2016-07-18,1246929,7004,4866.98482423554,
ClientBrand,Paid Social,Twitter,Unclassified,Traffic,Platform and Fees,EXCLUDING,CTC,2016-07-18,896565,5088,3315.03538317986,
ClientBrand,Paid Social,Meta,Unclassified,Traffic,Platform and Fees,EXCLUDING,CTC,2016-07-25,1310769,6767,5116.16365573212,
ClientBrand,Paid Social,Twitter,Unclassified,Traffic,Platform and Fees,EXCLUDING,CTC,2016-07-25,874822,5247,3391.77564051229,
ClientBrand,Paid Social,Meta,Unclassified,Traffic,Platform and Fees,EXCLUDING,CTC,2016-08-01,1084885,6109,4234.49838045372,
ClientBrand,Paid Social,Twitter,Unclassified,Traffic,Platform and Fees,EXCLUDING,CTC,2016-08-01,925203,5213,2807.4424870432,
ClientBrand,Paid Social,Meta,Unclassified,Traffic,Platform and Fees,EXCLUDING,CTC,2016-08-08,1747298,15876,6820.01368916523,
ClientBrand,Paid Social,Twitter,Unclassified,Traffic,Platform and Fees,EXCLUDING,CTC,2016-08-08,385215,1897,2379.46451986278,
ClientBrand,Paid Social,Meta,Unclassified,Traffic,Platform and Fees,EXCLUDING,CTC,2016-08-15,1687168,9327,6585.31564502536,
ClientBrand,Paid Social,Twitter,Unclassified,Traffic,Platform and Fees,EXCLUDING,CTC,2016-08-15,559958,2139,4316.40927663565,
ClientBrand,Paid Social,Meta,Unclassified,Traffic,Platform and Fees,EXCLUDING,CTC,2016-08-22,757961,3729,2958.45608239314,
ClientBrand,Paid Social,Twitter,Unclassified,Traffic,Platform and Fees,EXCLUDING,CTC,2016-08-22,683744,3070,5151.72596707243,
ClientBrand,Paid Social,Meta,Unclassified,Traffic,Platform and Fees,EXCLUDING,CTC,2016-12-26,2543213,6505,5243.19,
ClientBrand,Paid Social,Meta,Unclassified,Traffic,Platform and Fees,EXCLUDING,CTC,2017-01-02,888380,8567,2486.77,
ClientBrand,Paid Social,Meta,Unclassified,Traffic,Platform and Fees,EXCLUDING,CTC,2017-01-09,1126075,9470,3424.16,
ClientBrand,Paid Social,Meta,Unclassified,Traffic,Platform and Fees,EXCLUDING,CTC,2017-01-16,1153208,8733,3193.73,
ClientBrand,Paid Social,Meta,Unclassified,Traffic,Platform and Fees,EXCLUDING,CTC,2017-01-23,959132,8059,3749.64,
ClientBrand,Paid Social,Meta,Unclassified,Traffic,Platform and Fees,EXCLUDING,CTC,2017-01-30,748782,5994,3535.04,
ClientBrand,Paid Social,Meta,Unclassified,Traffic,Platform and Fees,EXCLUDING,CTC,2017-02-06,555532,4978,2973.62,
ClientBrand,Paid Social,Meta,Unclassified,Traffic,Platform and Fees,EXCLUDING,CTC,2017-02-13,944772,6234,4184.52,
ClientBrand,Paid Social,Meta,Unclassified,Traffic,Platform and Fees,EXCLUDING,CTC,2017-02-20,1737682,13401,6976.89,
ClientBrand,Paid Social,Meta,Unclassified,Traffic,Platform and Fees,EXCLUDING,CTC,2017-02-27,387072,2223,1730.68,
ClientBrand,Paid Social,Meta,Unclassified,Traffic,Platform and Fees,EXCLUDING,CTC,2017-03-13,1334460,9357,5655.88,
ClientBrand,Paid Social,Meta,Unclassified,Traffic,Platform and Fees,EXCLUDING,CTC,2017-03-20,1732095,14858,6914.14,
ClientBrand,Paid Social,Meta,Unclassified,Traffic,Platform and Fees,EXCLUDING,CTC,2017-03-27,1176610,10339,5466.08,
ClientBrand,Paid Social,Meta,Unclassified,Traffic,Platform and Fees,EXCLUDING,CTC,2017-04-03,2065266,13243,9584.07,
ClientBrand,Paid Social,Meta,Unclassified,Traffic,Platform and Fees,EXCLUDING,CTC,2017-04-10,4525980,20974,21513.29,
ClientBrand,Paid Social,Meta,Unclassified,Traffic,Platform and Fees,EXCLUDING,CTC,2017-04-17,1912882,5866,8504.73,
ClientBrand,Paid Social,Meta,Unclassified,Traffic,Platform and Fees,EXCLUDING,CTC,2017-04-24,2438066,3635,4695.27,
ClientBrand,Paid Social,Meta,Unclassified,Traffic,Platform and Fees,EXCLUDING,CTC,2017-05-01,1873774,2912,3674.06,
ClientBrand,Paid Social,Meta,Unclassified,Traffic,Platform and Fees,EXCLUDING,CTC,2017-05-08,1270536,9564,5872.31,
ClientBrand,Paid Social,Meta,Unclassified,Traffic,Platform and Fees,EXCLUDING,CTC,2017-05-15,258629,1820,1134.36,
ClientBrand,Paid Social,Meta,Unclassified,Traffic,Platform and Fees,EXCLUDING,CTC,2017-05-22,1666165,9107,7879.44,
ClientBrand,Paid Social,Meta,Unclassified,Traffic,Platform and Fees,EXCLUDING,CTC,2017-05-29,26390,122,120.56,
ClientBrand,Paid Social,Meta,Unclassified,Traffic,Platform and Fees,EXCLUDING,CTC,2017-06-05,635186,2078,2870.8,
ClientBrand,Paid Social,Meta,Unclassified,Traffic,Platform and Fees,EXCLUDING,CTC,2017-06-12,1154147,7702,6984.4,
ClientBrand,Paid Social,Meta,Unclassified,Traffic,Platform and Fees,EXCLUDING,CTC,2017-06-19,590705,2957,2849.86,
ClientBrand,Paid Social,Meta,Unclassified,Traffic,Platform and Fees,EXCLUDING,CTC,2017-07-03,1068090,8817,5175.06,
ClientBrand,Paid Social,Meta,Unclassified,Traffic,Platform and Fees,EXCLUDING,CTC,2017-07-10,631352,5618,2795.8,
ClientBrand,Paid Social,Meta,Unclassified,Traffic,Platform and Fees,EXCLUDING,CTC,2017-07-17,778767,6714,3749.53,
ClientBrand,Paid Social,Meta,Unclassified,Traffic,Platform and Fees,EXCLUDING,CTC,2017-07-24,300607,2133,1409.56,
ClientBrand,Paid Social,Meta,Unclassified,Traffic,Platform and Fees,EXCLUDING,CTC,2017-07-31,721028,6861,2813.18,
ClientBrand,Paid Social,Meta,Unclassified,Traffic,Platform and Fees,EXCLUDING,CTC,2018-07-09,102335,1365,330.55,
ClientBrand,Paid Social,Meta,Unclassified,Traffic,Platform and Fees,EXCLUDING,CTC,2018-07-16,446224,4847,2187.65,
ClientBrand,Paid Social,Meta,Unclassified,Traffic,Platform and Fees,EXCLUDING,CTC,2018-07-23,245666,2126,1104.69,
ClientBrand,Paid Social,Meta,Unclassified,Traffic,Platform and Fees,EXCLUDING,CTC,2018-07-30,317441,4165,1308.98,
ClientBrand,Paid Social,Meta,Unclassified,Traffic,Platform and Fees,EXCLUDING,CTC,2018-08-06,1170140,5047,5731.63,
ClientBrand,Paid Social,Meta,Unclassified,Traffic,Platform and Fees,EXCLUDING,CTC,2018-08-13,2783820,10937,14096.31,
ClientBrand,Paid Social,Meta,Unclassified,Traffic,Platform and Fees,EXCLUDING,CTC,2018-08-20,347374,3025,2191.41,
ClientBrand,Paid Social,Meta,Unclassified,Traffic,Platform and Fees,EXCLUDING,CTC,2018-08-27,741981,7519,5488.19,
ClientBrand,Paid Social,Meta,Unclassified,Traffic,Platform and Fees,EXCLUDING,CTC,2018-09-03,792424,7635,5215.74,
ClientBrand,Paid Social,Meta,Unclassified,Traffic,Platform and Fees,EXCLUDING,CTC,2018-09-10,396570,4140,3845.13,
ClientBrand,Paid Social,Meta,Unclassified,Traffic,Platform and Fees,EXCLUDING,CTC,2018-09-17,330074,2259,2521.81,
ClientBrand,Paid Social,Meta,Unclassified,Traffic,Platform and Fees,EXCLUDING,CTC,2018-09-24,97839,1000,583.78,
ClientBrand,Paid Social,Meta,Unclassified,Traffic,Platform and Fees,EXCLUDING,CTC,2018-10-01,396475,7367,1772.13,
ClientBrand,Paid Social,Meta,Unclassified,Traffic,Platform and Fees,EXCLUDING,CTC,2018-10-08,487442,9047,1866.02,
ClientBrand,Paid Social,Meta,Unclassified,Traffic,Platform and Fees,EXCLUDING,CTC,2018-10-15,462086,10218,2643.38,
ClientBrand,Paid Social,Meta,Unclassified,Traffic,Platform and Fees,EXCLUDING,CTC,2018-10-22,348250,5837,1443.19,
ClientBrand,Paid Social,Meta,Unclassified,Traffic,Platform and Fees,EXCLUDING,CTC,2018-12-03,586340,274,3831.48,
ClientBrand,Paid Social,Meta,Unclassified,Traffic,Platform and Fees,EXCLUDING,CTC,2018-12-10,3542366,2734,20985.64,
ClientBrand,Paid Social,Meta,Unclassified,Traffic,Platform and Fees,EXCLUDING,CTC,2018-12-17,6556327,62798,33300.98,
ClientBrand,Paid Social,Meta,Unclassified,Traffic,Platform and Fees,EXCLUDING,CTC,2018-12-24,2456491,26308,15901.82,
ClientBrand,Paid Social,Meta,Unclassified,Traffic,Platform and Fees,EXCLUDING,CTC,2018-12-31,966705,10797,6731.68,
ClientBrand,Paid Social,Meta,Unclassified,Traffic,Platform and Fees,EXCLUDING,CTC,2019-01-07,601208,8638,4162.2,
ClientBrand,Paid Social,Meta,Unclassified,Traffic,Platform and Fees,EXCLUDING,CTC,2019-01-14,1377178,12607,9675.81,
ClientBrand,Paid Social,Meta,Unclassified,Traffic,Platform and Fees,EXCLUDING,CTC,2019-01-21,942956,6828,4621.85,
ClientBrand,Paid Social,Meta,Unclassified,Traffic,Platform and Fees,EXCLUDING,CTC,2019-01-28,1147334,8353,7247.43,
ClientBrand,Paid Social,Meta,Unclassified,Traffic,Platform and Fees,EXCLUDING,CTC,2019-02-04,2104752,14483,12856.19,
ClientBrand,Paid Social,Meta,Unclassified,Traffic,Platform and Fees,EXCLUDING,CTC,2019-02-11,1924762,11835,11691.87,
ClientBrand,Paid Social,Meta,Unclassified,Traffic,Platform and Fees,EXCLUDING,CTC,2019-02-18,6434482,49662,24493.73,
ClientBrand,Paid Social,Meta,Unclassified,Traffic,Platform and Fees,EXCLUDING,CTC,2019-02-25,3108252,28078,13325.35,
ClientBrand,Paid Social,Meta,Unclassified,Traffic,Platform and Fees,EXCLUDING,CTC,2019-03-04,3595232,49390,18647.58,
ClientBrand,Paid Social,Meta,Unclassified,Traffic,Platform and Fees,EXCLUDING,CTC,2019-03-11,4363018,61967,21624.77,
ClientBrand,Paid Social,Meta,Unclassified,Traffic,Platform and Fees,EXCLUDING,CTC,2019-03-18,4936361,52286,22174.44,
ClientBrand,Paid Social,Meta,Unclassified,Traffic,Platform and Fees,EXCLUDING,CTC,2019-03-25,5333700,55399,21210.63,
ClientBrand,Paid Social,Meta,Unclassified,Traffic,Platform and Fees,EXCLUDING,CTC,2019-04-01,2562842,29198,10387.51,
ClientBrand,Paid Social,Meta,Unclassified,Traffic,Platform and Fees,EXCLUDING,CTC,2019-04-08,5891554,45038,20350.08,
ClientBrand,Paid Social,Meta,Unclassified,Traffic,Platform and Fees,EXCLUDING,CTC,2019-04-15,7547225,34733,19412.87,
ClientBrand,Paid Social,Meta,Unclassified,Traffic,Platform and Fees,EXCLUDING,CTC,2019-04-22,3039365,13219,13947.27,
ClientBrand,Paid Social,Meta,Unclassified,Traffic,Platform and Fees,EXCLUDING,CTC,2019-04-29,3204012,12757,12582.3,
ClientBrand,Paid Social,Meta,Unclassified,Traffic,Platform and Fees,EXCLUDING,CTC,2019-05-06,2151826,7247,8997.28,
ClientBrand,Paid Social,Meta,Unclassified,Traffic,Platform and Fees,EXCLUDING,CTC,2019-05-13,2956291,34000,12717.79,
ClientBrand,Paid Social,Meta,Unclassified,Traffic,Platform and Fees,EXCLUDING,CTC,2019-05-20,3973120,53992,17114.17,
ClientBrand,Paid Social,Meta,Unclassified,Traffic,Platform and Fees,EXCLUDING,CTC,2019-05-27,2073531,23653,7471.43,
ClientBrand,Paid Social,Meta,Unclassified,Traffic,Platform and Fees,EXCLUDING,CTC,2019-06-03,2305243,24087,7910.27,
ClientBrand,Paid Social,Meta,Unclassified,Traffic,Platform and Fees,EXCLUDING,CTC,2019-06-10,4524131,34312,14391.37,
ClientBrand,Paid Social,Meta,Unclassified,Traffic,Platform and Fees,EXCLUDING,CTC,2019-06-17,2832166,33719,10564.34,
ClientBrand,Paid Social,Meta,Unclassified,Traffic,Platform and Fees,EXCLUDING,CTC,2019-06-24,3111237,46906,10154.52,
ClientBrand,Paid Social,Meta,Unclassified,Traffic,Platform and Fees,EXCLUDING,CTC,2019-07-01,2704748,32403,8197.37,
ClientBrand,Paid Social,Meta,Unclassified,Traffic,Platform and Fees,EXCLUDING,CTC,2019-07-08,3515446,40091,10575.27,
ClientBrand,Paid Social,Meta,Unclassified,Traffic,Platform and Fees,EXCLUDING,CTC,2019-07-15,3667295,43724,11454.86,
ClientBrand,Paid Social,Meta,Unclassified,Traffic,Platform and Fees,EXCLUDING,CTC,2019-07-22,2194184,19298,6726.68,
ClientBrand,Paid Social,Meta,Unclassified,Traffic,Platform and Fees,EXCLUDING,CTC,2019-07-29,2741155,33962,9871.384899,
ClientBrand,Paid Social,Meta,Unclassified,Traffic,Platform and Fees,EXCLUDING,CTC,2019-08-05,1940126,37076,6885.9050174,
ClientBrand,Paid Social,Meta,Unclassified,Traffic,Platform and Fees,EXCLUDING,CTC,2019-08-12,2724946,41327,10065.7556216,
ClientBrand,Paid Social,Pinterest,Unclassified,Traffic,Platform and Fees,EXCLUDING,CTC,2019-08-12,231984,0,992.7123788,
ClientBrand,Paid Social,Twitter,Unclassified,Traffic,Platform and Fees,EXCLUDING,CTC,2019-08-12,316157,2346,1408.6541382,
ClientBrand,Paid Social,Meta,Unclassified,Traffic,Platform and Fees,EXCLUDING,CTC,2019-08-19,2894889,41151,13637.380279,
ClientBrand,Paid Social,Pinterest,Unclassified,Traffic,Platform and Fees,EXCLUDING,CTC,2019-08-19,488457,0,1976.6680256,
ClientBrand,Paid Social,Twitter,Unclassified,Traffic,Platform and Fees,EXCLUDING,CTC,2019-08-19,426050,2702,2229.41884047164,
ClientBrand,Paid Social,Meta,Unclassified,Traffic,Platform and Fees,EXCLUDING,CTC,2019-08-26,2912556,41863,13202.3794426,
ClientBrand,Paid Social,Pinterest,Unclassified,Traffic,Platform and Fees,EXCLUDING,CTC,2019-08-26,531468,0,1985.3301188,
ClientBrand,Paid Social,Twitter,Unclassified,Traffic,Platform and Fees,EXCLUDING,CTC,2019-08-26,547904,3548,2464.94614335452,
ClientBrand,Paid Social,Meta,Unclassified,Traffic,Platform and Fees,EXCLUDING,CTC,2019-09-02,2326296,36149,10507.102816,
ClientBrand,Paid Social,Pinterest,Unclassified,Traffic,Platform and Fees,EXCLUDING,CTC,2019-09-02,270904,0,993.154412,
ClientBrand,Paid Social,Twitter,Unclassified,Traffic,Platform and Fees,EXCLUDING,CTC,2019-09-02,467125,3316,2030.40447381528,
ClientBrand,Paid Social,Meta,Unclassified,Traffic,Platform and Fees,EXCLUDING,CTC,2019-09-09,1734708,26362,8396.0511508,
ClientBrand,Paid Social,Pinterest,Unclassified,Traffic,Platform and Fees,EXCLUDING,CTC,2019-09-09,252885,0,1012.325071,
ClientBrand,Paid Social,Twitter,Unclassified,Traffic,Platform and Fees,EXCLUDING,CTC,2019-09-09,343596,3262,1742.90418433692,
ClientBrand,Paid Social,Meta,Unclassified,Traffic,Platform and Fees,EXCLUDING,CTC,2019-09-16,947852,16064,5326.5638544,
ClientBrand,Paid Social,Pinterest,Unclassified,Traffic,Platform and Fees,EXCLUDING,CTC,2019-09-16,251423,0,1011.9774778,
ClientBrand,Paid Social,Twitter,Unclassified,Traffic,Platform and Fees,EXCLUDING,CTC,2019-09-16,399563,5303,2463.39660852162,
ClientBrand,Paid Social,Meta,Unclassified,Traffic,Platform and Fees,EXCLUDING,CTC,2019-09-23,1678375,29598,10871.5505526,
ClientBrand,Paid Social,Pinterest,Unclassified,Traffic,Platform and Fees,EXCLUDING,CTC,2019-09-23,243455,0,1013.202602,
ClientBrand,Paid Social,Twitter,Unclassified,Traffic,Platform and Fees,EXCLUDING,CTC,2019-09-23,24413,207,164.1359574,
ClientBrand,Paid Social,Meta,Unclassified,Traffic,Platform and Fees,EXCLUDING,CTC,2019-10-07,5778744,106139,31444.6913954,
ClientBrand,Paid Social,Pinterest,Unclassified,Traffic,Platform and Fees,EXCLUDING,CTC,2019-10-07,351285,0,1232.0467104,
ClientBrand,Paid Social,Twitter,Unclassified,Traffic,Platform and Fees,EXCLUDING,CTC,2019-10-07,1542123,9533,7824.4241082689,
ClientBrand,Paid Social,Meta,Unclassified,Traffic,Platform and Fees,EXCLUDING,CTC,2019-10-14,3083455,54467,21383.3372656,
ClientBrand,Paid Social,Pinterest,Unclassified,Traffic,Platform and Fees,EXCLUDING,CTC,2019-10-14,658994,0,2200.183468,
ClientBrand,Paid Social,Twitter,Unclassified,Traffic,Platform and Fees,EXCLUDING,CTC,2019-10-14,1388940,8498,7488.45066810176,
ClientBrand,Paid Social,Meta,Unclassified,Traffic,Platform and Fees,EXCLUDING,CTC,2019-10-21,3850530,56802,25023.8060824,
ClientBrand,Paid Social,Pinterest,Unclassified,Traffic,Platform and Fees,EXCLUDING,CTC,2019-10-21,1237739,0,4742.8204136,
ClientBrand,Paid Social,Twitter,Unclassified,Traffic,Platform and Fees,EXCLUDING,CTC,2019-10-21,1193806,7434,6946.0418009987,
ClientBrand,Paid Social,Meta,Unclassified,Traffic,Platform and Fees,EXCLUDING,CTC,2019-10-28,7150091,41936,40653.8848612,
ClientBrand,Paid Social,Pinterest,Unclassified,Traffic,Platform and Fees,EXCLUDING,CTC,2019-10-28,262357,0,1030.5398986,
ClientBrand,Paid Social,Meta,Unclassified,Traffic,Platform and Fees,EXCLUDING,CTC,2019-11-04,2886736,43728,20381.5290768,
ClientBrand,Paid Social,Pinterest,Unclassified,Traffic,Platform and Fees,EXCLUDING,CTC,2019-11-04,691357,0,2526.0396186,
ClientBrand,Paid Social,Twitter,Unclassified,Traffic,Platform and Fees,EXCLUDING,CTC,2019-11-04,1319749,6360,7011.76956927374,
ClientBrand,Paid Social,Meta,Unclassified,Traffic,Platform and Fees,EXCLUDING,CTC,2019-11-11,2864881,37957,20244.5490824,
ClientBrand,Paid Social,Pinterest,Unclassified,Traffic,Platform and Fees,EXCLUDING,CTC,2019-11-11,562449,0,2543.3773832,
ClientBrand,Paid Social,Twitter,Unclassified,Traffic,Platform and Fees,EXCLUDING,CTC,2019-11-11,1225651,5634,8040.57631072626,
ClientBrand,Paid Social,Meta,Unclassified,Traffic,Platform and Fees,EXCLUDING,CTC,2019-11-18,3815429,62707,30564.4138496,
ClientBrand,Paid Social,Meta,Unclassified,Traffic,Platform and Fees,EXCLUDING,CTC,2019-11-25,3851752,63525,37074.2397218,
ClientBrand,Paid Social,Meta,Unclassified,Traffic,Platform and Fees,EXCLUDING,CTC,2019-12-02,2447949,41474,18488.169924,
ClientBrand,Paid Social,Pinterest,Unclassified,Traffic,Platform and Fees,EXCLUDING,CTC,2019-12-02,570940,0,2529.5316324,
ClientBrand,Paid Social,Twitter,Unclassified,Traffic,Platform and Fees,EXCLUDING,CTC,2019-12-02,637831,2228,3582.6948622,
ClientBrand,Paid Social,Meta,Unclassified,Traffic,Platform and Fees,EXCLUDING,CTC,2019-12-09,828810,21400,5200.9885276,
ClientBrand,Paid Social,Pinterest,Unclassified,Traffic,Platform and Fees,EXCLUDING,CTC,2019-12-09,444146,0,1776.268727,
ClientBrand,Paid Social,Twitter,Unclassified,Traffic,Platform and Fees,EXCLUDING,CTC,2019-12-09,324721,1309,1908.7820006,
ClientBrand,Paid Social,Meta,Unclassified,Traffic,Platform and Fees,EXCLUDING,CTC,2019-12-16,3139746,61204,24213.6114516,
ClientBrand,Paid Social,Pinterest,Unclassified,Traffic,Platform and Fees,EXCLUDING,CTC,2019-12-16,876338,0,4095.053994,
ClientBrand,Paid Social,Twitter,Unclassified,Traffic,Platform and Fees,EXCLUDING,CTC,2019-12-16,650404,3081,4440.5608599921,
ClientBrand,Paid Social,Meta,Unclassified,Traffic,Platform and Fees,EXCLUDING,CTC,2019-12-23,12585311,159579,67175.9371914,
ClientBrand,Paid Social,Pinterest,Unclassified,Traffic,Platform and Fees,EXCLUDING,CTC,2019-12-23,244692,0,1162.2793616,
ClientBrand,Paid Social,Twitter,Unclassified,Traffic,Platform and Fees,EXCLUDING,CTC,2019-12-23,113824,571,639.21467636744,
ClientBrand,Paid Social,Meta,Unclassified,Traffic,Platform and Fees,EXCLUDING,CTC,2019-12-30,10473386,35766,47107.6104268,
ClientBrand,Paid Social,Pinterest,Unclassified,Traffic,Platform and Fees,EXCLUDING,CTC,2019-12-30,1012183,0,2044.1580272,
ClientBrand,Paid Social,Twitter,Unclassified,Traffic,Platform and Fees,EXCLUDING,CTC,2019-12-30,722141,0,2031.95720066024,
ClientBrand,Paid Social,Meta,Unclassified,Traffic,Platform and Fees,EXCLUDING,CTC,2020-01-06,7036288,0,36199.8078036,
ClientBrand,Paid Social,Pinterest,Unclassified,Traffic,Platform and Fees,EXCLUDING,CTC,2020-01-06,436937,0,1143.9627662,
ClientBrand,Paid Social,Twitter,Unclassified,Traffic,Platform and Fees,EXCLUDING,CTC,2020-01-06,543420,0,1765.22293857752,
ClientBrand,Paid Social,Meta,Unclassified,Traffic,Platform and Fees,EXCLUDING,CTC,2020-01-13,6858989,0,32029.6689448,
ClientBrand,Paid Social,Pinterest,Unclassified,Traffic,Platform and Fees,EXCLUDING,CTC,2020-01-13,342669,0,866.4139984,
ClientBrand,Paid Social,Twitter,Unclassified,Traffic,Platform and Fees,EXCLUDING,CTC,2020-01-13,586024,0,2058.19322852064,
ClientBrand,Paid Social,Meta,Unclassified,Catalogue Sales,Platform and Fees,EXCLUDING,CTC,2020-01-20,359036,13743,1902.5200116,
ClientBrand,Paid Social,Meta,Unclassified,Traffic,Platform and Fees,EXCLUDING,CTC,2020-01-20,7790876,0,37193.4733202,
ClientBrand,Paid Social,Pinterest,Unclassified,Traffic,Platform and Fees,EXCLUDING,CTC,2020-01-20,304864,0,841.2676314,
ClientBrand,Paid Social,Twitter,Unclassified,Traffic,Platform and Fees,EXCLUDING,CTC,2020-01-20,231205,0,840.441797,
ClientBrand,Paid Social,Meta,Unclassified,Traffic,Platform and Fees,EXCLUDING,CTC,2020-01-27,3688615,0,15438.857959,
ClientBrand,Paid Social,Twitter,Unclassified,Website traffic,Platform and Fees,EXCLUDING,CTC,2020-01-27,231205,926,841.3222639999999,
ClientBrand,Paid Social,Meta,Unclassified,Traffic,Platform and Fees,EXCLUDING,CTC,2020-02-03,7431840,67376,35400.487430999994,
ClientBrand,Paid Social,Meta,Unclassified,Video Views,Platform and Fees,EXCLUDING,CTC,2020-02-03,368841,337,900.5996888000002,
ClientBrand,Paid Social,Pinterest,Unclassified,Traffic,Platform and Fees,EXCLUDING,CTC,2020-02-03,309732,805,842.2011050000001,
ClientBrand,Paid Social,Meta,Unclassified,Engagement,Platform and Fees,EXCLUDING,CTC,2020-02-10,12473,0,44.0530576,
ClientBrand,Paid Social,Meta,Unclassified,Traffic,Platform and Fees,EXCLUDING,CTC,2020-02-10,2992825,31842,12425.553008400002,
ClientBrand,Paid Social,Meta,Unclassified,Video Views,Platform and Fees,EXCLUDING,CTC,2020-02-10,370009,276,956.4295754,
ClientBrand,Paid Social,Meta,Unclassified,Catalogue Sales,Platform and Fees,EXCLUDING,CTC,2020-02-17,1377797,50210,6132.1828532,
ClientBrand,Paid Social,Meta,Unclassified,Video Views,Platform and Fees,EXCLUDING,CTC,2020-02-17,337461,241,927.4801171999999,
ClientBrand,Paid Social,Meta,Unclassified,Conversions,Platform and Fees,EXCLUDING,CTC,2020-02-24,913894,4069,5643.473623600001,
ClientBrand,Paid Social,Meta,Unclassified,Engagement,Platform and Fees,EXCLUDING,CTC,2020-02-24,296022,0,1005.2894497999999,
ClientBrand,Paid Social,Meta,Unclassified,Traffic,Platform and Fees,EXCLUDING,CTC,2020-02-24,6249598,82571,26304.820278200004,
ClientBrand,Paid Social,Meta,Unclassified,Video Views,Platform and Fees,EXCLUDING,CTC,2020-02-24,239991,156,720.7902332,
ClientBrand,Paid Social,Meta,Unclassified,Catalogue Sales,Platform and Fees,EXCLUDING,CTC,2020-03-02,1952905,70669,8649.0615278,
ClientBrand,Paid Social,Meta,Unclassified,Video Views,Platform and Fees,EXCLUDING,CTC,2020-03-02,602386,690,2082.2934898,
ClientBrand,Paid Social,Meta,Unclassified,Traffic,Platform and Fees,EXCLUDING,CTC,2020-03-09,6090141,79280,26962.0537222,
ClientBrand,Paid Social,Meta,Unclassified,Video Views,Platform and Fees,EXCLUDING,CTC,2020-03-09,330547,228,1096.1928438,
ClientBrand,Paid Social,Meta,Unclassified,Conversions,Platform and Fees,EXCLUDING,CTC,2020-03-16,301520,1568,1842.2225662,
ClientBrand,Paid Social,Meta,Unclassified,Video Views,Platform and Fees,EXCLUDING,CTC,2020-03-16,810132,1028,3054.9681140000002,
ClientBrand,Paid Social,Meta,Unclassified,Catalogue Sales,Platform and Fees,EXCLUDING,CTC,2020-03-23,143782,4598,484.35177100000004,
ClientBrand,Paid Social,Meta,Unclassified,Video Views,Platform and Fees,EXCLUDING,CTC,2020-03-23,927502,1269,3422.1148559999997,
ClientBrand,Paid Social,Meta,Unclassified,Traffic,Platform and Fees,EXCLUDING,CTC,2020-03-30,2009992,24813,8251.76322,
ClientBrand,Paid Social,Meta,Unclassified,Video Views,Platform and Fees,EXCLUDING,CTC,2020-03-30,1021283,1285,3480.0049208,
ClientBrand,Paid Social,Meta,Unclassified,Catalogue Sales,Platform and Fees,EXCLUDING,CTC,2020-04-06,305489,8928,1156.7088261999997,
ClientBrand,Paid Social,Meta,Unclassified,Video Views,Platform and Fees,EXCLUDING,CTC,2020-04-06,1169760,1111,4517.511049000001,
ClientBrand,Paid Social,Meta,Unclassified,Traffic,Platform and Fees,EXCLUDING,CTC,2020-04-13,3754032,31623,9683.1755104,
ClientBrand,Paid Social,Meta,Unclassified,Video Views,Platform and Fees,EXCLUDING,CTC,2020-04-13,699872,846,2470.5927268,
ClientBrand,Paid Social,Meta,Unclassified,Catalogue Sales,Platform and Fees,EXCLUDING,CTC,2020-04-20,192734,3008,568.8381932,
ClientBrand,Paid Social,Meta,Unclassified,Video Views,Platform and Fees,EXCLUDING,CTC,2020-04-20,282480,275,951.744156,
ClientBrand,Paid Social,Meta,Unclassified,Traffic,Platform and Fees,EXCLUDING,CTC,2020-04-27,1980537,31659,4829.6164476,
ClientBrand,Paid Social,Meta,Unclassified,Video Views,Platform and Fees,EXCLUDING,CTC,2020-04-27,449726,571,1485.3536622,
ClientBrand,Paid Social,Meta,Unclassified,Catalogue Sales,Platform and Fees,EXCLUDING,CTC,2020-05-04,8642,220,23.2422704,
ClientBrand,Paid Social,Meta,Unclassified,Video Views,Platform and Fees,EXCLUDING,CTC,2020-05-04,458007,587,1486.1245522,
ClientBrand,Paid Social,Meta,Unclassified,Traffic,Platform and Fees,EXCLUDING,CTC,2020-05-11,2084448,31940,4526.140072600001,
ClientBrand,Paid Social,Meta,Unclassified,Video Views,Platform and Fees,EXCLUDING,CTC,2020-05-11,292876,316,992.9065169999999,
ClientBrand,Paid Social,Meta,Unclassified,Traffic,Platform and Fees,EXCLUDING,CTC,2020-05-18,627720,7562,2013.0076712,
ClientBrand,Paid Social,Meta,Unclassified,Video Views,Platform and Fees,EXCLUDING,CTC,2020-05-18,0,0,0.0,
ClientBrand,Paid Social,Meta,Unclassified,Traffic,Platform and Fees,EXCLUDING,CTC,2020-05-25,751753,30801,2061.3530412,
ClientBrand,Paid Social,Meta,Unclassified,Video Views,Platform and Fees,EXCLUDING,CTC,2020-05-25,263159,301,996.0862593999999,
ClientBrand,Paid Social,Meta,Unclassified,Traffic,Platform and Fees,EXCLUDING,CTC,2020-06-01,956019,33611,2084.2329812,
ClientBrand,Paid Social,Meta,Unclassified,Video Views,Platform and Fees,EXCLUDING,CTC,2020-06-01,352284,422,1490.6804028000001,
ClientBrand,Paid Social,Meta,Unclassified,Traffic,Platform and Fees,EXCLUDING,CTC,2020-06-08,796004,15390,2040.6674206,
ClientBrand,Paid Social,Meta,Unclassified,Video Views,Platform and Fees,EXCLUDING,CTC,2020-06-08,948331,669,2993.5123780000004,
ClientBrand,Paid Social,Meta,Unclassified,Store Traffic,Platform and Fees,EXCLUDING,CTC,2020-06-15,6137441,2058,5382.000006,
ClientBrand,Paid Social,Meta,Unclassified,Traffic,Platform and Fees,EXCLUDING,CTC,2020-06-15,935972,19362,2059.6303512,
ClientBrand,Paid Social,Meta,Unclassified,Video Views,Platform and Fees,EXCLUDING,CTC,2020-06-15,928082,704,2510.449152,
ClientBrand,Paid Social,Pinterest,Unclassified,Traffic,Platform and Fees,EXCLUDING,CTC,2020-06-15,287517,1432,1005.4782642,
ClientBrand,Paid Social,Meta,Unclassified,Traffic,Platform and Fees,EXCLUDING,CTC,2020-06-22,973548,68288,3597.1742172,
ClientBrand,Paid Social,Meta,Unclassified,Video Views,Platform and Fees,EXCLUDING,CTC,2020-06-22,1461164,1023,3527.4725,
ClientBrand,Paid Social,Meta,Unclassified,Reach,Platform and Fees,EXCLUDING,CTC,2020-06-29,337454,229,509.2116564,
ClientBrand,Paid Social,Meta,Unclassified,Store Traffic,Platform and Fees,EXCLUDING,CTC,2020-06-29,4977523,1300,4482.08507,
ClientBrand,Paid Social,Meta,Unclassified,Traffic,Platform and Fees,EXCLUDING,CTC,2020-06-29,748078,43169,2080.8110912,
ClientBrand,Paid Social,Meta,Unclassified,Video Views,Platform and Fees,EXCLUDING,CTC,2020-06-29,2152898,1550,4560.0410608,
ClientBrand,Paid Social,Meta,Unclassified,Traffic,Platform and Fees,EXCLUDING,CTC,2020-07-06,1529191,63058,4333.840219000001,
ClientBrand,Paid Social,Meta,Unclassified,Video Views,Platform and Fees,EXCLUDING,CTC,2020-07-06,2508604,1892,5562.049880400001,
ClientBrand,Paid Social,Pinterest,Unclassified,Traffic,Platform and Fees,EXCLUDING,CTC,2020-07-06,352229,1861,1271.9378336,
ClientBrand,Paid Social,Meta,Unclassified,Reach,Platform and Fees,EXCLUDING,CTC,2020-07-13,3863440,3350,3419.2783456000006,
ClientBrand,Paid Social,Meta,Unclassified,Traffic,Platform and Fees,EXCLUDING,CTC,2020-07-13,2467659,45841,7112.8833478000015,
ClientBrand,Paid Social,Meta,Unclassified,Video Views,Platform and Fees,EXCLUDING,CTC,2020-07-13,1274446,940,3025.8216507999996,
ClientBrand,Paid Social,Meta,Unclassified,Reach,Platform and Fees,EXCLUDING,CTC,2020-07-20,2755589,1802,2087.8038926,
ClientBrand,Paid Social,Meta,Unclassified,Traffic,Platform and Fees,EXCLUDING,CTC,2020-07-20,659131,12354,2029.6135668,
ClientBrand,Paid Social,Meta,Unclassified,Video Views,Platform and Fees,EXCLUDING,CTC,2020-07-20,3245907,2189,8052.5025494,
ClientBrand,Paid Social,Meta,Unclassified,Traffic,Platform and Fees,EXCLUDING,CTC,2020-07-27,1309906,46229,4058.0634831999996,
ClientBrand,Paid Social,Meta,Unclassified,Video Views,Platform and Fees,EXCLUDING,CTC,2020-07-27,2464480,1409,5557.3059204,
ClientBrand,Paid Social,Meta,Unclassified,Reach,Platform and Fees,EXCLUDING,CTC,2020-08-03,1609757,911,1077.044509,
ClientBrand,Paid Social,Meta,Unclassified,Video Views,Platform and Fees,EXCLUDING,CTC,2020-08-03,2430364,2342,4105.269871,
ClientBrand,Paid Social,Twitter,Unclassified,Video Views,Platform and Fees,EXCLUDING,CTC,2020-08-03,722111,855,2024.703379,
ClientBrand,Paid Social,Meta,Unclassified,Reach,Platform and Fees,EXCLUDING,CTC,2020-08-10,0,0,0.0,
ClientBrand,Paid Social,Meta,Unclassified,Traffic,Platform and Fees,EXCLUDING,CTC,2020-08-10,2729120,65849,9046.7691028,
ClientBrand,Paid Social,Meta,Unclassified,Video Views,Platform and Fees,EXCLUDING,CTC,2020-08-10,1121941,662,2526.927361,
ClientBrand,Paid Social,Meta,Unclassified,Reach,Platform and Fees,EXCLUDING,CTC,2020-08-17,1613911,904,1077.407169,
ClientBrand,Paid Social,Meta,Unclassified,Video Views,Platform and Fees,EXCLUDING,CTC,2020-08-17,2455779,2136,4627.0090832,
ClientBrand,Paid Social,Meta,Unclassified,Reach,Platform and Fees,EXCLUDING,CTC,2020-08-24,0,0,0.0,
ClientBrand,Paid Social,Meta,Unclassified,Traffic,Platform and Fees,EXCLUDING,CTC,2020-08-24,1023415,28978,3521.5134116,
ClientBrand,Paid Social,Meta,Unclassified,Video Views,Platform and Fees,EXCLUDING,CTC,2020-08-24,210222,144,636.1992124,
ClientBrand,Paid Social,Meta,Unclassified,Video Views,Platform and Fees,EXCLUDING,CTC,2020-08-31,125219,110,497.44302179999994,
ClientBrand,Paid Social,Pinterest,Unclassified,Video Views,Platform and Fees,EXCLUDING,CTC,2020-08-31,132042,95,994.9487110000001,
ClientBrand,Paid Social,Twitter,Unclassified,Video Views,Platform and Fees,EXCLUDING,CTC,2020-08-31,674901,718,2019.1364495082398,
ClientBrand,Paid Social,Meta,Unclassified,Traffic,Platform and Fees,EXCLUDING,CTC,2020-09-07,2395017,68842,9021.4886328,
ClientBrand,Paid Social,Meta,Unclassified,Video Views,Platform and Fees,EXCLUDING,CTC,2020-09-07,112946,82,496.29365179999996,
ClientBrand,Paid Social,Meta,Unclassified,Video Views,Platform and Fees,EXCLUDING,CTC,2020-09-14,3243597,3396,8149.254383,
ClientBrand,Paid Social,Meta,Unclassified,Reach,Platform and Fees,EXCLUDING,CTC,2020-09-21,451430,826,2455.1190580000007,
ClientBrand,Paid Social,Meta,Unclassified,Video Views,Platform and Fees,EXCLUDING,CTC,2020-09-21,0,0,0.0,
ClientBrand,Paid Social,Meta,Unclassified,Video Views,Platform and Fees,EXCLUDING,CTC,2020-09-28,0,0,0.0,
ClientBrand,Paid Social,Twitter,Unclassified,Video Views,Platform and Fees,EXCLUDING,CTC,2020-09-28,1013179,996,3522.0732359182603,
ClientBrand,Paid Social,Meta,Unclassified,Traffic,Platform and Fees,EXCLUDING,CTC,2020-10-05,3097860,83743,12117.3808918,
ClientBrand,Paid Social,Meta,Unclassified,Video Views,Platform and Fees,EXCLUDING,CTC,2020-10-05,862590,4187,12238.742768199996,
ClientBrand,Paid Social,Pinterest,Unclassified,Video Views,Platform and Fees,EXCLUDING,CTC,2020-10-05,145734,82,996.160191,
ClientBrand,Paid Social,Meta,Unclassified,Conversions,Platform and Fees,EXCLUDING,CTC,2020-10-12,181877,1889,954.1215264,
ClientBrand,Paid Social,Meta,Unclassified,Traffic,Platform and Fees,EXCLUDING,CTC,2020-10-12,1460903,37278,5503.8747112,
ClientBrand,Paid Social,Meta,Unclassified,Video Views,Platform and Fees,EXCLUDING,CTC,2020-10-12,1929108,4720,16514.386618,
ClientBrand,Paid Social,Meta,Unclassified,Reach,Platform and Fees,EXCLUDING,CTC,2020-10-19,459482,1514,2456.9339274000004,
ClientBrand,Paid Social,Meta,Unclassified,Video Views,Platform and Fees,EXCLUDING,CTC,2020-10-19,1922615,4549,16910.248371399997,
ClientBrand,Paid Social,Twitter,Unclassified,Video Views,Platform and Fees,EXCLUDING,CTC,2020-10-19,1006373,780,3040.50731,
ClientBrand,Paid Social,Meta,Unclassified,Reach,Platform and Fees,EXCLUDING,CTC,2020-10-26,385650,526,1376.305516,
ClientBrand,Paid Social,Meta,Unclassified,Traffic,Platform and Fees,EXCLUDING,CTC,2020-10-26,917436,22874,3981.6594731999994,
ClientBrand,Paid Social,Meta,Unclassified,Video Views,Platform and Fees,EXCLUDING,CTC,2020-10-26,851249,3085,12406.927476,
ClientBrand,Paid Social,Twitter,Unclassified,Video Views,Platform and Fees,EXCLUDING,CTC,2020-10-26,0,0,0.0,
ClientBrand,Paid Social,Meta,Unclassified,Traffic,Platform and Fees,EXCLUDING,CTC,2020-11-02,3049472,66478,10103.363112999998,
ClientBrand,Paid Social,Meta,Unclassified,Video Views,Platform and Fees,EXCLUDING,CTC,2020-11-02,898522,1506,6115.275352799999,
ClientBrand,Paid Social,Twitter,Unclassified,Video Views,Platform and Fees,EXCLUDING,CTC,2020-11-02,0,0,0.0,
ClientBrand,Paid Social,Meta,Unclassified,Conversions,Platform and Fees,EXCLUDING,CTC,2020-11-09,176127,1231,1013.4454598000001,
ClientBrand,Paid Social,Meta,Unclassified,Video Views,Platform and Fees,EXCLUDING,CTC,2020-11-09,2143308,2527,10496.1940842,
ClientBrand,Paid Social,Pinterest,Unclassified,Video Views,Platform and Fees,EXCLUDING,CTC,2020-11-09,18,0,0.00162,
ClientBrand,Paid Social,Meta,Unclassified,Reach,Platform and Fees,EXCLUDING,CTC,2020-11-16,447067,1136,2455.222388,
ClientBrand,Paid Social,Meta,Unclassified,Traffic,Platform and Fees,EXCLUDING,CTC,2020-11-16,1165175,26259,5464.8279852,
ClientBrand,Paid Social,Meta,Unclassified,Video Views,Platform and Fees,EXCLUDING,CTC,2020-11-16,287947,913,5076.461871799999,
ClientBrand,Paid Social,Twitter,Unclassified,Video Views,Platform and Fees,EXCLUDING,CTC,2020-11-16,1725406,1120,5071.5795314,
ClientBrand,Paid Social,Meta,Unclassified,Traffic,Platform and Fees,EXCLUDING,CTC,2020-11-23,3178753,32503,14405.6154394,
ClientBrand,Paid Social,Meta,Unclassified,Video Views,Platform and Fees,EXCLUDING,CTC,2020-11-23,614970,860,1780.2879428,
ClientBrand,Paid Social,Twitter,Unclassified,Video Views,Platform and Fees,EXCLUDING,CTC,2020-11-23,479839,548,1508.32511,
ClientBrand,Paid Social,Meta,Unclassified,Engagement,Platform and Fees,EXCLUDING,CTC,2020-11-30,417303,298,2463.8082207999996,
ClientBrand,Paid Social,Meta,Unclassified,Reach,Platform and Fees,EXCLUDING,CTC,2020-11-30,3559070,1518,6975.7929014,
ClientBrand,Paid Social,Meta,Unclassified,Video Views,Platform and Fees,EXCLUDING,CTC,2020-11-30,0,0,0.0,
ClientBrand,Paid Social,Pinterest,Unclassified,Traffic,Platform and Fees,EXCLUDING,CTC,2020-11-30,383618,8570,1142.6255146,
ClientBrand,Paid Social,Twitter,Unclassified,Video Views,Platform and Fees,EXCLUDING,CTC,2020-11-30,390418,329,1510.0387217999998,
ClientBrand,Paid Social,Meta,Unclassified,Conversions,Platform and Fees,EXCLUDING,CTC,2020-12-07,236590,2334,1235.6863494000002,
ClientBrand,Paid Social,Meta,Unclassified,Traffic,Platform and Fees,EXCLUDING,CTC,2020-12-07,1616857,26126,9640.2386064,
ClientBrand,Paid Social,Pinterest,Unclassified,Traffic,Platform and Fees,EXCLUDING,CTC,2020-12-07,420025,9009,1147.4640032,
ClientBrand,Paid Social,Pinterest,Unclassified,Video Views,Platform and Fees,EXCLUDING,CTC,2020-12-07,142599,92,995.894041,
ClientBrand,Paid Social,Twitter,Unclassified,Video Views,Platform and Fees,EXCLUDING,CTC,2020-12-07,657677,424,2583.1017144728003,
ClientBrand,Paid Social,Meta,Unclassified,Traffic,Platform and Fees,EXCLUDING,CTC,2020-12-14,2864597,57766,12485.306674399999,
ClientBrand,Paid Social,Meta,Unclassified,Video Views,Platform and Fees,EXCLUDING,CTC,2020-12-14,675533,1089,2999.1830790000004,
ClientBrand,Paid Social,Twitter,Unclassified,Pre-roll views,Platform and Fees,EXCLUDING,CTC,2020-12-14,583948,51,5986.328483800001,
ClientBrand,Paid Social,Twitter,Unclassified,Video Views,Platform and Fees,EXCLUDING,CTC,2020-12-14,891733,409,2046.6070044415399,
ClientBrand,Paid Social,Meta,Unclassified,Engagement,Platform and Fees,EXCLUDING,CTC,2020-12-21,472590,211,2616.8006586,
ClientBrand,Paid Social,Meta,Unclassified,Traffic,Platform and Fees,EXCLUDING,CTC,2020-12-21,1213291,21114,5363.9030987999995,
ClientBrand,Paid Social,Meta,Unclassified,Video Views,Platform and Fees,EXCLUDING,CTC,2020-12-21,946711,1182,2837.2884358,
ClientBrand,Paid Social,Pinterest,Unclassified,Traffic,Platform and Fees,EXCLUDING,CTC,2020-12-21,394520,9358,1145.7269532,
ClientBrand,Paid Social,Meta,Unclassified,Engagement,Platform and Fees,EXCLUDING,CTC,2020-12-28,107341,48,647.4663818,
ClientBrand,Paid Social,Meta,Unclassified,Traffic,Platform and Fees,EXCLUDING,CTC,2020-12-28,3858759,51847,16406.3480544,
ClientBrand,Paid Social,Meta,Unclassified,Video Views,Platform and Fees,EXCLUDING,CTC,2020-12-28,200190,177,335.504187,
ClientBrand,Paid Social,Twitter,Unclassified,Video Views,Platform and Fees,EXCLUDING,CTC,2020-12-28,1079680,655,4501.99159444142,
ClientBrand,Paid Social,Meta,Unclassified,Conversions,Platform and Fees,EXCLUDING,CTC,2021-01-04,261313,2259,1290.5685438,
ClientBrand,Paid Social,Meta,Unclassified,Video Views,Platform and Fees,EXCLUDING,CTC,2021-01-04,1142745,1449,3333.1540138,
ClientBrand,Paid Social,Pinterest,Unclassified,Video Views,Platform and Fees,EXCLUDING,CTC,2021-01-04,100711,62,746.3452356,
ClientBrand,Paid Social,Twitter,Unclassified,Video Views,Platform and Fees,EXCLUDING,CTC,2021-01-04,124540,50,397.085453442,
ClientBrand,Paid Social,Meta,Unclassified,Engagement,Platform and Fees,EXCLUDING,CTC,2021-01-11,387724,47,1490.4369726,
ClientBrand,Paid Social,Meta,Unclassified,Traffic,Platform and Fees,EXCLUDING,CTC,2021-01-11,1277836,44738,5019.3854114,
ClientBrand,Paid Social,Pinterest,Unclassified,Traffic,Platform and Fees,EXCLUDING,CTC,2021-01-11,337481,5125,514.7133544000001,
ClientBrand,Paid Social,Twitter,Unclassified,Video Views,Platform and Fees,EXCLUDING,CTC,2021-01-11,755514,475,1788.05658648374,
ClientBrand,Paid Social,Meta,Unclassified,Traffic,Platform and Fees,EXCLUDING,CTC,2021-01-18,1519192,28212,8410.7475404,
ClientBrand,Paid Social,Meta,Unclassified,Video Views,Platform and Fees,EXCLUDING,CTC,2021-01-18,618484,654,1039.622891,
ClientBrand,Paid Social,Pinterest,Unclassified,Traffic,Platform and Fees,EXCLUDING,CTC,2021-01-18,321895,5605,525.2515761999999,
ClientBrand,Paid Social,Twitter,Unclassified,Video Views,Platform and Fees,EXCLUDING,CTC,2021-01-18,5686,3,12.60882858838,
ClientBrand,Paid Social,Meta,Unclassified,Video Views,Platform and Fees,EXCLUDING,CTC,2021-01-25,0,0,0.0,
ClientBrand,Paid Social,Pinterest,Unclassified,Traffic,Platform and Fees,EXCLUDING,CTC,2021-01-25,310599,5808,524.5597362,
ClientBrand,Paid Social,Twitter,Unclassified,Pre-roll views,Platform and Fees,EXCLUDING,CTC,2021-01-25,17475,1,152.59363087246,
ClientBrand,Paid Social,Twitter,Unclassified,Video Views,Platform and Fees,EXCLUDING,CTC,2021-01-25,872104,744,2543.46108,
ClientBrand,Paid Social,Meta,Unclassified,Conversions,Platform and Fees,EXCLUDING,CTC,2021-02-01,95775,1602,642.6303666,
ClientBrand,Paid Social,Pinterest,Unclassified,Traffic,Platform and Fees,EXCLUDING,CTC,2021-02-01,301434,5826,478.18054859999995,
ClientBrand,Paid Social,Pinterest,Unclassified,Video Views,Platform and Fees,EXCLUDING,CTC,2021-02-01,10169,4,74.64405880000001,
ClientBrand,Paid Social,Meta,Unclassified,Traffic,Platform and Fees,EXCLUDING,CTC,2021-02-08,4580933,78347,19384.1126158,
ClientBrand,Paid Social,Pinterest,Unclassified,Traffic,Platform and Fees,EXCLUDING,CTC,2021-02-08,316637,6033,525.4631562,
ClientBrand,Paid Social,Twitter,Unclassified,Video Views,Platform and Fees,EXCLUDING,CTC,2021-02-08,508642,282,1453.0022727448197,
ClientBrand,Paid Social,Meta,Unclassified,Traffic,Platform and Fees,EXCLUDING,CTC,2021-02-15,3229316,68357,14977.424892400002,
ClientBrand,Paid Social,Meta,Unclassified,Video Views,Platform and Fees,EXCLUDING,CTC,2021-02-15,612209,650,1039.051741,
ClientBrand,Paid Social,Pinterest,Unclassified,Traffic,Platform and Fees,EXCLUDING,CTC,2021-02-15,316873,6033,525.4843962,
ClientBrand,Paid Social,Meta,Unclassified,Traffic,Platform and Fees,EXCLUDING,CTC,2021-02-22,1239580,23153,5565.0954774,
ClientBrand,Paid Social,Meta,Unclassified,Video Views,Platform and Fees,EXCLUDING,CTC,2021-02-22,0,0,0.0,
ClientBrand,Paid Social,Pinterest,Unclassified,Traffic,Platform and Fees,EXCLUDING,CTC,2021-02-22,314891,5559,524.4521208,
ClientBrand,Paid Social,Meta,Unclassified,Conversions,Platform and Fees,EXCLUDING,CTC,2021-03-01,162506,3296,1189.346419,
ClientBrand,Paid Social,Meta,Unclassified,Traffic,Platform and Fees,EXCLUDING,CTC,2021-03-01,1481204,35535,6457.803337599999,
ClientBrand,Paid Social,Pinterest,Unclassified,Traffic,Platform and Fees,EXCLUDING,CTC,2021-03-01,242862,4250,377.9373108,
ClientBrand,Paid Social,Meta,Unclassified,Traffic,Platform and Fees,EXCLUDING,CTC,2021-03-08,2277959,40348,10597.6764956,
ClientBrand,Paid Social,Pinterest,Unclassified,Traffic,Platform and Fees,EXCLUDING,CTC,2021-03-08,322844,5665,567.7905013999999,
ClientBrand,Paid Social,Twitter,Unclassified,Video Views,Platform and Fees,EXCLUDING,CTC,2021-03-08,441849,221,1354.9056843421397,
ClientBrand,Paid Social,Meta,Unclassified,Engagement,Platform and Fees,EXCLUDING,CTC,2021-03-15,12857,32,244.8489272,
ClientBrand,Paid Social,Meta,Unclassified,Event responses,Platform and Fees,EXCLUDING,CTC,2021-03-15,39807,90,558.5867357999999,
ClientBrand,Paid Social,Meta,Unclassified,Traffic,Platform and Fees,EXCLUDING,CTC,2021-03-15,3293561,64183,18392.897698599998,
ClientBrand,Paid Social,Pinterest,Unclassified,Traffic,Platform and Fees,EXCLUDING,CTC,2021-03-15,292299,5631,562.5253921999999,
ClientBrand,Paid Social,Meta,Unclassified,Traffic,Platform and Fees,EXCLUDING,CTC,2021-03-22,1527393,28583,8244.9304486,
ClientBrand,Paid Social,Meta,Unclassified,Video Views,Platform and Fees,EXCLUDING,CTC,2021-03-22,683957,806,4011.368308,
ClientBrand,Paid Social,Pinterest,Unclassified,Traffic,Platform and Fees,EXCLUDING,CTC,2021-03-22,293319,5657,558.7328702000001,
ClientBrand,Paid Social,Meta,Unclassified,Conversions,Platform and Fees,EXCLUDING,CTC,2021-03-29,121439,2547,1163.5172752,
ClientBrand,Paid Social,Meta,Unclassified,Traffic,Platform and Fees,EXCLUDING,CTC,2021-03-29,1502030,28793,9371.7181854,
ClientBrand,Paid Social,Pinterest,Unclassified,Traffic,Platform and Fees,EXCLUDING,CTC,2021-03-29,273714,4983,497.88187,
ClientBrand,Paid Social,Meta,Unclassified,Traffic,Platform and Fees,EXCLUDING,CTC,2021-04-05,2337300,40609,11453.747048399997,
ClientBrand,Paid Social,Pinterest,Unclassified,Traffic,Platform and Fees,EXCLUDING,CTC,2021-04-05,328878,6270,528.7902905999999,
ClientBrand,Paid Social,Twitter,Unclassified,Video Views,Platform and Fees,EXCLUDING,CTC,2021-04-05,331970,139,1012.9701886,
ClientBrand,Paid Social,Meta,Unclassified,Traffic,Platform and Fees,EXCLUDING,CTC,2021-04-12,3520048,67255,19454.0035006,
ClientBrand,Paid Social,Pinterest,Unclassified,Traffic,Platform and Fees,EXCLUDING,CTC,2021-04-12,265182,4517,518.0564564,
ClientBrand,Paid Social,Twitter,Unclassified,Pre-roll views,Platform and Fees,EXCLUDING,CTC,2021-04-12,1297819,0,1795.9362690039,
ClientBrand,Paid Social,Meta,Unclassified,Traffic,Platform and Fees,EXCLUDING,CTC,2021-04-19,1532936,27293,7668.3769046,
ClientBrand,Paid Social,Meta,Unclassified,Video Views,Platform and Fees,EXCLUDING,CTC,2021-04-19,617106,753,2000.1287829999999,
ClientBrand,Paid Social,Pinterest,Unclassified,Traffic,Platform and Fees,EXCLUDING,CTC,2021-04-19,239628,4154,514.3693908,
ClientBrand,Paid Social,Twitter,Unclassified,Pre-roll views,Platform and Fees,EXCLUDING,CTC,2021-04-19,1045259,1,1492.22197169138,
ClientBrand,Paid Social,Meta,Unclassified,Traffic,Platform and Fees,EXCLUDING,CTC,2021-04-26,2242689,42794,10978.5935936,
ClientBrand,Paid Social,Pinterest,Unclassified,Traffic,Platform and Fees,EXCLUDING,CTC,2021-04-26,421994,7024,1015.7586352,
ClientBrand,Paid Social,Twitter,Unclassified,Pre-roll views,Platform and Fees,EXCLUDING,CTC,2021-04-26,570755,0,528.7256178871,
ClientBrand,Paid Social,Meta,Unclassified,Reach,Platform and Fees,EXCLUDING,CTC,2021-05-03,483157,70,530.1558036,
ClientBrand,Paid Social,Meta,Unclassified,Traffic,Platform and Fees,EXCLUDING,CTC,2021-05-03,1648085,29417,7527.542272600001,
ClientBrand,Paid Social,Pinterest,Unclassified,Traffic,Platform and Fees,EXCLUDING,CTC,2021-05-03,232750,4045,509.60760639999995,
ClientBrand,Paid Social,Meta,Unclassified,Reach,Platform and Fees,EXCLUDING,CTC,2021-05-10,0,0,0.0,
ClientBrand,Paid Social,Meta,Unclassified,Traffic,Platform and Fees,EXCLUDING,CTC,2021-05-10,1213172,22241,5854.9927972000005,
ClientBrand,Paid Social,Pinterest,Unclassified,Traffic,Platform and Fees,EXCLUDING,CTC,2021-05-10,259137,4598,513.037006,
ClientBrand,Paid Social,Meta,Unclassified,Reach,Platform and Fees,EXCLUDING,CTC,2021-05-17,343533,257,517.8888436,
ClientBrand,Paid Social,Meta,Unclassified,Traffic,Platform and Fees,EXCLUDING,CTC,2021-05-17,1363815,25458,7770.576050399999,
ClientBrand,Paid Social,Pinterest,Unclassified,Traffic,Platform and Fees,EXCLUDING,CTC,2021-05-17,243934,3679,509.71024839999995,
ClientBrand,Paid Social,Meta,Unclassified,Traffic,Platform and Fees,EXCLUDING,CTC,2021-05-24,1988382,29661,11292.822134799999,
ClientBrand,Paid Social,Meta,Unclassified,Traffic,Platform and Fees,EXCLUDING,CTC,2021-05-31,2084444,26016,9403.001771599998,
ClientBrand,Paid Social,Pinterest,Unclassified,Traffic,Platform and Fees,EXCLUDING,CTC,2021-05-31,169375,2375,501.401626,
ClientBrand,Paid Social,Meta,Unclassified,Traffic,Platform and Fees,EXCLUDING,CTC,2021-06-07,1173223,24817,6015.3782868,
ClientBrand,Paid Social,Pinterest,Unclassified,Traffic,Platform and Fees,EXCLUDING,CTC,2021-06-07,174153,2688,502.332446,
ClientBrand,Paid Social,Meta,Unclassified,Traffic,Platform and Fees,EXCLUDING,CTC,2021-06-14,832585,15733,5226.585008200001,
ClientBrand,Paid Social,Pinterest,Unclassified,Traffic,Platform and Fees,EXCLUDING,CTC,2021-06-14,181562,3047,503.573656,
ClientBrand,Paid Social,Meta,Unclassified,Traffic,Platform and Fees,EXCLUDING,CTC,2021-06-21,1021037,20288,6167.5789176,
ClientBrand,Paid Social,Pinterest,Unclassified,Traffic,Platform and Fees,EXCLUDING,CTC,2021-06-21,215320,4040,508.20067600000004,
ClientBrand,Paid Social,Meta,Unclassified,Reach,Platform and Fees,EXCLUDING,CTC,2021-06-28,920821,87,1160.4452458000003,
ClientBrand,Paid Social,Meta,Unclassified,Traffic,Platform and Fees,EXCLUDING,CTC,2021-06-28,1135709,20032,5737.9032502,
ClientBrand,Paid Social,Pinterest,Unclassified,Traffic,Platform and Fees,EXCLUDING,CTC,2021-06-28,241793,4233,511.6029562,
ClientBrand,Paid Social,Twitter,Unclassified,Reach,Platform and Fees,EXCLUDING,CTC,2021-06-28,204326,10,426.79666398064,
ClientBrand,Paid Social,Meta,Unclassified,Reach,Platform and Fees,EXCLUDING,CTC,2021-07-05,975659,38,1355.6033768,
ClientBrand,Paid Social,Meta,Unclassified,Traffic,Platform and Fees,EXCLUDING,CTC,2021-07-05,1075685,20191,5908.785344199999,
ClientBrand,Paid Social,Pinterest,Unclassified,Traffic,Platform and Fees,EXCLUDING,CTC,2021-07-05,219051,4366,509.7371444,
ClientBrand,Paid Social,Twitter,Unclassified,Pre-roll views,Platform and Fees,EXCLUDING,CTC,2021-07-05,637536,41,3989.8400461383994,
ClientBrand,Paid Social,Twitter,Unclassified,Reach,Platform and Fees,EXCLUDING,CTC,2021-07-05,261380,14,539.4126499992999,
ClientBrand,Paid Social,Meta,Unclassified,Reach,Platform and Fees,EXCLUDING,CTC,2021-07-12,1631067,94,2461.6806518,
ClientBrand,Paid Social,Meta,Unclassified,Traffic,Platform and Fees,EXCLUDING,CTC,2021-07-12,1189498,25901,5954.001325200001,
ClientBrand,Paid Social,Pinterest,Unclassified,Traffic,Platform and Fees,EXCLUDING,CTC,2021-07-12,199782,4207,507.7803662,
ClientBrand,Paid Social,Twitter,Unclassified,Pre-roll views,Platform and Fees,EXCLUDING,CTC,2021-07-12,920568,37,5001.1777688147195,
ClientBrand,Paid Social,Twitter,Unclassified,Reach,Platform and Fees,EXCLUDING,CTC,2021-07-12,301623,26,616.85704491462,
ClientBrand,Paid Social,Meta,Unclassified,Reach,Platform and Fees,EXCLUDING,CTC,2021-07-19,2092865,82,3226.3250511999995,
ClientBrand,Paid Social,Meta,Unclassified,Traffic,Platform and Fees,EXCLUDING,CTC,2021-07-19,1456498,30472,7668.079979199999,
ClientBrand,Paid Social,Pinterest,Unclassified,Traffic,Platform and Fees,EXCLUDING,CTC,2021-07-19,207620,3205,506.8825862,
ClientBrand,Paid Social,Twitter,Unclassified,Pre-roll views,Platform and Fees,EXCLUDING,CTC,2021-07-19,450312,32,2499.82843924688,
ClientBrand,Paid Social,Twitter,Unclassified,Reach,Platform and Fees,EXCLUDING,CTC,2021-07-19,508131,22,1086.1304671930402,
ClientBrand,Paid Social,Meta,Unclassified,Reach,Platform and Fees,EXCLUDING,CTC,2021-07-26,3608633,653,4701.5907676,
ClientBrand,Paid Social,Meta,Unclassified,Traffic,Platform and Fees,EXCLUDING,CTC,2021-07-26,1356856,28172,6631.9443338,
ClientBrand,Paid Social,Pinterest,Unclassified,Traffic,Platform and Fees,EXCLUDING,CTC,2021-07-26,229434,4261,510.5354462,
ClientBrand,Paid Social,Twitter,Unclassified,Pre-roll views,Platform and Fees,EXCLUDING,CTC,2021-07-26,1305723,79,7457.329986079921,
ClientBrand,Paid Social,Twitter,Unclassified,Reach,Platform and Fees,EXCLUDING,CTC,2021-07-26,474455,9,973.53395295424,
ClientBrand,Paid Social,Meta,Unclassified,Reach,Platform and Fees,EXCLUDING,CTC,2021-08-02,5282980,1191,7141.2125816,
ClientBrand,Paid Social,Meta,Unclassified,Store Traffic,Platform and Fees,EXCLUDING,CTC,2021-08-02,792305,444,997.3682760000002,
ClientBrand,Paid Social,Meta,Unclassified,Traffic,Platform and Fees,EXCLUDING,CTC,2021-08-02,1285514,29701,6236.2584336,
ClientBrand,Paid Social,Pinterest,Unclassified,Traffic,Platform and Fees,EXCLUDING,CTC,2021-08-02,276039,5211,516.2498962,
ClientBrand,Paid Social,Twitter,Unclassified,Pre-roll views,Platform and Fees,EXCLUDING,CTC,2021-08-02,840972,54,4286.43539273768,
ClientBrand,Paid Social,Twitter,Unclassified,Reach,Platform and Fees,EXCLUDING,CTC,2021-08-02,1550977,0,3285.9909484587,
ClientBrand,Paid Social,Meta,Unclassified,Reach,Platform and Fees,EXCLUDING,CTC,2021-08-09,1365921,103,1751.9733384000003,
ClientBrand,Paid Social,Meta,Unclassified,Traffic,Platform and Fees,EXCLUDING,CTC,2021-08-09,1275350,24965,5929.693098400001,
ClientBrand,Paid Social,Pinterest,Unclassified,Traffic,Platform and Fees,EXCLUDING,CTC,2021-08-09,229138,4696,511.20480619999995,
ClientBrand,Paid Social,Twitter,Unclassified,Pre-roll views,Platform and Fees,EXCLUDING,CTC,2021-08-09,395232,16,2077.12460567704,
ClientBrand,Paid Social,Twitter,Unclassified,Reach,Platform and Fees,EXCLUDING,CTC,2021-08-09,613320,14,1275.84189397268,
ClientBrand,Paid Social,Meta,Unclassified,Reach,Platform and Fees,EXCLUDING,CTC,2021-08-16,1474860,376,1774.533555,
ClientBrand,Paid Social,Meta,Unclassified,Traffic,Platform and Fees,EXCLUDING,CTC,2021-08-16,1186882,25223,6344.9655778,
ClientBrand,Paid Social,Pinterest,Unclassified,Traffic,Platform and Fees,EXCLUDING,CTC,2021-08-16,223750,5017,511.23348619999996,
ClientBrand,Paid Social,Twitter,Unclassified,Pre-roll views,Platform and Fees,EXCLUDING,CTC,2021-08-16,380353,26,2001.2027344000003,
ClientBrand,Paid Social,Twitter,Unclassified,Reach,Platform and Fees,EXCLUDING,CTC,2021-08-16,447091,27,916.3964249951998,
ClientBrand,Paid Social,Meta,Unclassified,Reach,Platform and Fees,EXCLUDING,CTC,2021-08-23,4294997,612,5802.648639999999,
ClientBrand,Paid Social,Meta,Unclassified,Traffic,Platform and Fees,EXCLUDING,CTC,2021-08-23,2025731,37136,12102.2514594,
ClientBrand,Paid Social,Pinterest,Unclassified,Traffic,Platform and Fees,EXCLUDING,CTC,2021-08-23,188396,4046,506.3919202,
ClientBrand,Paid Social,Twitter,Unclassified,Pre-roll views,Platform and Fees,EXCLUDING,CTC,2021-08-23,490352,25,2502.7962484,
ClientBrand,Paid Social,Twitter,Unclassified,Reach,Platform and Fees,EXCLUDING,CTC,2021-08-23,1375041,24,2879.6795885642,
ClientBrand,Paid Social,Meta,Unclassified,Reach,Platform and Fees,EXCLUDING,CTC,2021-08-30,3701451,600,4136.8977982,
ClientBrand,Paid Social,Meta,Unclassified,Traffic,Platform and Fees,EXCLUDING,CTC,2021-08-30,1668911,29886,8157.8688874,
ClientBrand,Paid Social,Pinterest,Unclassified,Traffic,Platform and Fees,EXCLUDING,CTC,2021-08-30,250891,4920,513.5209762,
ClientBrand,Paid Social,Twitter,Unclassified,Pre-roll views,Platform and Fees,EXCLUDING,CTC,2021-08-30,964706,56,4835.644727600001,
ClientBrand,Paid Social,Twitter,Unclassified,Reach,Platform and Fees,EXCLUDING,CTC,2021-08-30,738685,26,1561.8175932427,
ClientBrand,Paid Social,Meta,Unclassified,Reach,Platform and Fees,EXCLUDING,CTC,2021-09-06,543484,3,609.4551367999999,
ClientBrand,Paid Social,Meta,Unclassified,Traffic,Platform and Fees,EXCLUDING,CTC,2021-09-06,1361458,24496,6074.7044926,
ClientBrand,Paid Social,Pinterest,Unclassified,Traffic,Platform and Fees,EXCLUDING,CTC,2021-09-06,241129,4655,512.2183961999999,
ClientBrand,Paid Social,Twitter,Unclassified,Reach,Platform and Fees,EXCLUDING,CTC,2021-09-06,451370,0,961.06512238008,
ClientBrand,Paid Social,Meta,Unclassified,Traffic,Platform and Fees,EXCLUDING,CTC,2021-09-13,1303988,21635,6483.3093294,
ClientBrand,Paid Social,Pinterest,Unclassified,Traffic,Platform and Fees,EXCLUDING,CTC,2021-09-13,241251,4658,512.2341762,
ClientBrand,Paid Social,Meta,Unclassified,Traffic,Platform and Fees,EXCLUDING,CTC,2021-09-20,1765135,29057,10215.276673400002,
ClientBrand,Paid Social,Meta,Unclassified,Traffic,Platform and Fees,EXCLUDING,CTC,2021-09-27,3244847,37609,19795.339335000004,
ClientBrand,Paid Social,Pinterest,Unclassified,Traffic,Platform and Fees,EXCLUDING,CTC,2021-09-27,388809,7068,1009.850196,
ClientBrand,Paid Social,Meta,Unclassified,Reach,Platform and Fees,EXCLUDING,CTC,2021-10-04,4999376,4976,12291.493806600001,
ClientBrand,Paid Social,Meta,Unclassified,Traffic,Platform and Fees,EXCLUDING,CTC,2021-10-04,1959390,32712,11466.8164052,
ClientBrand,Paid Social,Pinterest,Unclassified,Traffic,Platform and Fees,EXCLUDING,CTC,2021-10-04,349379,7043,1006.1341688000001,
ClientBrand,Paid Social,Meta,Unclassified,Reach,Platform and Fees,EXCLUDING,CTC,2021-10-11,12792311,9871,26573.037345200002,
ClientBrand,Paid Social,Meta,Unclassified,Traffic,Platform and Fees,EXCLUDING,CTC,2021-10-11,625968,8126,3832.0590814,
ClientBrand,Paid Social,Twitter,Unclassified,Pre-roll views,Platform and Fees,EXCLUDING,CTC,2021-10-11,858430,1,3224.36426,
ClientBrand,Paid Social,Meta,Unclassified,Reach,Platform and Fees,EXCLUDING,CTC,2021-10-18,9671533,12088,21981.932652800002,
ClientBrand,Paid Social,Meta,Unclassified,Traffic,Platform and Fees,EXCLUDING,CTC,2021-10-18,518416,8821,3244.6619502,
ClientBrand,Paid Social,Twitter,Unclassified,Pre-roll views,Platform and Fees,EXCLUDING,CTC,2021-10-18,1176291,2,4037.51479750982,
ClientBrand,Paid Social,Meta,Unclassified,Reach,Platform and Fees,EXCLUDING,CTC,2021-10-25,12182549,9684,23657.1038674,
ClientBrand,Paid Social,Meta,Unclassified,Traffic,Platform and Fees,EXCLUDING,CTC,2021-10-25,621715,8597,3936.7639412000003,
ClientBrand,Paid Social,Twitter,Unclassified,Pre-roll views,Platform and Fees,EXCLUDING,CTC,2021-10-25,1163777,2,4189.82413,
ClientBrand,Paid Social,Meta,Unclassified,Reach,Platform and Fees,EXCLUDING,CTC,2021-11-01,12016934,9749,21718.7386752,
ClientBrand,Paid Social,Meta,Unclassified,Traffic,Platform and Fees,EXCLUDING,CTC,2021-11-01,807387,11858,3804.8913742000004,
ClientBrand,Paid Social,Twitter,Unclassified,Pre-roll views,Platform and Fees,EXCLUDING,CTC,2021-11-01,604029,1,3915.9729813203003,
ClientBrand,Paid Social,Meta,Unclassified,Reach,Platform and Fees,EXCLUDING,CTC,2021-11-08,10049838,8503,19831.9940288,
ClientBrand,Paid Social,Meta,Unclassified,Traffic,Platform and Fees,EXCLUDING,CTC,2021-11-08,423658,6531,3213.9966756000003,
ClientBrand,Paid Social,Twitter,Unclassified,Pre-roll views,Platform and Fees,EXCLUDING,CTC,2021-11-08,496523,2,3313.78200524934,
ClientBrand,Paid Social,Meta,Unclassified,Reach,Platform and Fees,EXCLUDING,CTC,2021-11-15,2834372,2238,5766.541244599999,
ClientBrand,Paid Social,Meta,Unclassified,Traffic,Platform and Fees,EXCLUDING,CTC,2021-11-15,619094,14409,4745.580005000001,
ClientBrand,Paid Social,Twitter,Unclassified,Pre-roll views,Platform and Fees,EXCLUDING,CTC,2021-11-15,518775,6,3263.9726306814596,
ClientBrand,Paid Social,Meta,Unclassified,Reach,Platform and Fees,EXCLUDING,CTC,2021-11-22,1414002,298,1998.3220964,
ClientBrand,Paid Social,Meta,Unclassified,Traffic,Platform and Fees,EXCLUDING,CTC,2021-11-22,1652892,27760,16749.903467,
ClientBrand,Paid Social,Twitter,Unclassified,Pre-roll views,Platform and Fees,EXCLUDING,CTC,2021-11-22,506755,2,3309.9051868038005,
ClientBrand,Paid Social,Meta,Unclassified,Reach,Platform and Fees,EXCLUDING,CTC,2021-11-29,53216,61,163.4306252,
ClientBrand,Paid Social,Meta,Unclassified,Traffic,Platform and Fees,EXCLUDING,CTC,2021-11-29,1930186,25070,14999.7422824,
ClientBrand,Paid Social,Pinterest,Unclassified,Traffic,Platform and Fees,EXCLUDING,CTC,2021-11-29,417560,9042,1742.7724358000003,
ClientBrand,Paid Social,Twitter,Unclassified,Pre-roll views,Platform and Fees,EXCLUDING,CTC,2021-11-29,233466,10,1383.4959912443003,
ClientBrand,Paid Social,Meta,Unclassified,Reach,Platform and Fees,EXCLUDING,CTC,2021-12-06,2153231,365,2822.0156057999993,
ClientBrand,Paid Social,Meta,Unclassified,Traffic,Platform and Fees,EXCLUDING,CTC,2021-12-06,331104,6241,2132.0255104,
ClientBrand,Paid Social,Pinterest,Unclassified,Traffic,Platform and Fees,EXCLUDING,CTC,2021-12-06,286122,8697,1005.7931418000001,
ClientBrand,Paid Social,Twitter,Unclassified,Pre-roll views,Platform and Fees,EXCLUDING,CTC,2021-12-06,186515,0,311.82863968213996,
ClientBrand,Paid Social,Meta,Unclassified,Reach,Platform and Fees,EXCLUDING,CTC,2021-12-13,2070874,301,2723.9608259999995,
ClientBrand,Paid Social,Meta,Unclassified,Traffic,Platform and Fees,EXCLUDING,CTC,2021-12-13,433044,9556,2526.8092356,
ClientBrand,Paid Social,Pinterest,Unclassified,Traffic,Platform and Fees,EXCLUDING,CTC,2021-12-13,277349,8403,1004.5331718,
ClientBrand,Paid Social,Twitter,Unclassified,Pre-roll views,Platform and Fees,EXCLUDING,CTC,2021-12-13,276100,0,319.8873436,
ClientBrand,Paid Social,Meta,Unclassified,Reach,Platform and Fees,EXCLUDING,CTC,2021-12-20,4832206,911,4907.185503,
ClientBrand,Paid Social,Meta,Unclassified,Traffic,Platform and Fees,EXCLUDING,CTC,2021-12-20,5333903,55365,18708.2942074,
ClientBrand,Paid Social,Pinterest,Unclassified,Traffic,Platform and Fees,EXCLUDING,CTC,2021-12-20,426547,10170,2083.0790214,
ClientBrand,Paid Social,Twitter,Unclassified,Pre-roll views,Platform and Fees,EXCLUDING,CTC,2021-12-20,627808,1,1223.44515033528,
ClientBrand,Paid Social,Meta,Brand,Reach,Platform and Fees,EXCLUDING,CTC,2021-12-27,886894,209,489.9956072,
ClientBrand,Paid Social,Meta,Unclassified,Traffic,Platform and Fees,EXCLUDING,CTC,2021-12-27,3702150,76025,12567.841407,
ClientBrand,Paid Social,Meta,Promo,Traffic,Platform and Fees,EXCLUDING,CTC,2021-12-27,4187709,54699,8885.025534,
ClientBrand,Paid Social,Pinterest,Unclassified,Traffic,Platform and Fees,EXCLUDING,CTC,2021-12-27,460391,9600,1119.5316647999998,
ClientBrand,Paid Social,Pinterest,Promo,Consideration,Platform and Fees,EXCLUDING,CTC,2021-12-27,150884,789,323.03907459999994,
ClientBrand,Paid Social,Twitter,Brand,Pre-roll views,Platform and Fees,EXCLUDING,CTC,2021-12-27,217759,1,266.0257842,
ClientBrand,Paid Social,Twitter,Unclassified,Pre-roll views,Platform and Fees,EXCLUDING,CTC,2021-12-27,371742,3,659.1390679755401,
ClientBrand,Paid Social,Meta,Brand,Reach,Platform and Fees,EXCLUDING,CTC,2022-01-03,4465079,942,3204.6474724,
ClientBrand,Paid Social,Meta,Promo,Traffic,Platform and Fees,EXCLUDING,CTC,2022-01-03,6922920,77707,19206.428289400003,
ClientBrand,Paid Social,Pinterest,Promo,Consideration,Platform and Fees,EXCLUDING,CTC,2022-01-03,456070,2280,1097.6022948,
ClientBrand,Paid Social,Twitter,Brand,Pre-roll views,Platform and Fees,EXCLUDING,CTC,2022-01-03,673985,0,925.746393,
ClientBrand,Paid Social,Meta,Brand,Reach,Platform and Fees,EXCLUDING,CTC,2022-01-10,3720085,799,3155.1789984000006,
ClientBrand,Paid Social,Meta,Promo,Traffic,Platform and Fees,EXCLUDING,CTC,2022-01-10,3033358,30523,9432.720264000001,
ClientBrand,Paid Social,Pinterest,Promo,Consideration,Platform and Fees,EXCLUDING,CTC,2022-01-10,428966,2098,1093.2472672,
ClientBrand,Paid Social,Twitter,Brand,Pre-roll views,Platform and Fees,EXCLUDING,CTC,2022-01-10,478641,5,907.8028828,
ClientBrand,Paid Social,Meta,Brand,Reach,Platform and Fees,EXCLUDING,CTC,2022-01-17,2703051,708,2128.7087668,
ClientBrand,Paid Social,Meta,Promo,Traffic,Platform and Fees,EXCLUDING,CTC,2022-01-17,3572264,40120,10447.490977000001,
ClientBrand,Paid Social,Pinterest,Promo,Consideration,Platform and Fees,EXCLUDING,CTC,2022-01-17,420570,2093,1094.8684648,
ClientBrand,Paid Social,Twitter,Brand,Pre-roll views,Platform and Fees,EXCLUDING,CTC,2022-01-17,561215,3,916.8880226000001,
ClientBrand,Paid Social,Meta,Brand,Reach,Platform and Fees,EXCLUDING,CTC,2022-01-24,247281,5,256.1199454,
ClientBrand,Paid Social,Meta,Promo,Traffic,Platform and Fees,EXCLUDING,CTC,2022-01-24,2757113,34209,8763.5706708,
ClientBrand,Paid Social,Pinterest,Promo,Consideration,Platform and Fees,EXCLUDING,CTC,2022-01-24,389549,1891,1091.8683687999999,
ClientBrand,Paid Social,Meta,Brand,Reach,Platform and Fees,EXCLUDING,CTC,2022-01-31,5290974,1533,5953.669719799999,
ClientBrand,Paid Social,Meta,Promo,Traffic,Platform and Fees,EXCLUDING,CTC,2022-01-31,2371972,30015,8009.9978353999995,
ClientBrand,Paid Social,Pinterest,Promo,Consideration,Platform and Fees,EXCLUDING,CTC,2022-01-31,415036,1982,1083.1937644000002,
ClientBrand,Paid Social,Twitter,Brand,Pre-roll views,Platform and Fees,EXCLUDING,CTC,2022-01-31,822378,0,1037.7628514,
ClientBrand,Paid Social,Meta,Brand,Reach,Platform and Fees,EXCLUDING,CTC,2022-02-07,3876595,1574,4899.213363000001,
ClientBrand,Paid Social,Meta,Promo,Traffic,Platform and Fees,EXCLUDING,CTC,2022-02-07,2439736,31661,8977.0874182,
ClientBrand,Paid Social,Pinterest,Promo,Consideration,Platform and Fees,EXCLUDING,CTC,2022-02-07,398915,1892,1093.0191447999998,
ClientBrand,Paid Social,Twitter,Brand,Pre-roll views,Platform and Fees,EXCLUDING,CTC,2022-02-07,1988277,0,2974.0500658,
ClientBrand,Paid Social,Meta,Brand,Reach,Platform and Fees,EXCLUDING,CTC,2022-02-14,4454732,1661,4914.1876938000005,
ClientBrand,Paid Social,Meta,Promo,Traffic,Platform and Fees,EXCLUDING,CTC,2022-02-14,2684391,45127,8357.027701,
ClientBrand,Paid Social,Pinterest,Promo,Consideration,Platform and Fees,EXCLUDING,CTC,2022-02-14,394768,1816,1092.5866028,
ClientBrand,Paid Social,Twitter,Brand,Pre-roll views,Platform and Fees,EXCLUDING,CTC,2022-02-14,2048614,0,3206.6376848,
ClientBrand,Paid Social,Meta,Brand,Reach,Platform and Fees,EXCLUDING,CTC,2022-02-21,3279355,924,2983.4485076,
ClientBrand,Paid Social,Meta,Promo,Traffic,Platform and Fees,EXCLUDING,CTC,2022-02-21,2951717,33945,8536.0738254,
ClientBrand,Paid Social,Pinterest,Promo,Consideration,Platform and Fees,EXCLUDING,CTC,2022-02-21,367737,1715,1085.2755562,
ClientBrand,Paid Social,Twitter,Brand,Pre-roll views,Platform and Fees,EXCLUDING,CTC,2022-02-21,1555249,1,1922.048106,
ClientBrand,Paid Social,Twitter,Brand,Reach,Platform and Fees,EXCLUDING,CTC,2022-02-21,70870,0,147.96296239999998,
ClientBrand,Paid Social,Meta,Brand,Reach,Platform and Fees,EXCLUDING,CTC,2022-02-28,3847448,1093,3744.9387756,
ClientBrand,Paid Social,Meta,Promo,Traffic,Platform and Fees,EXCLUDING,CTC,2022-02-28,2991915,32172,8504.027760800001,
ClientBrand,Paid Social,Pinterest,Promo,Consideration,Platform and Fees,EXCLUDING,CTC,2022-02-28,325991,1582,1083.7490554,
ClientBrand,Paid Social,Twitter,Brand,Pre-roll views,Platform and Fees,EXCLUDING,CTC,2022-02-28,2292419,0,2050.3636208,
ClientBrand,Paid Social,Meta,Brand,Reach,Platform and Fees,EXCLUDING,CTC,2022-03-07,3892450,1103,4274.512664399999,
ClientBrand,Paid Social,Meta,Promo,Traffic,Platform and Fees,EXCLUDING,CTC,2022-03-07,2366645,29236,7972.8970573999995,
ClientBrand,Paid Social,Pinterest,Promo,Consideration,Platform and Fees,EXCLUDING,CTC,2022-03-07,334281,1713,1084.5699854000002,
ClientBrand,Paid Social,Twitter,Brand,Pre-roll views,Platform and Fees,EXCLUDING,CTC,2022-03-07,1751562,3,1780.8475366000002,
ClientBrand,Paid Social,Meta,Brand,Reach,Platform and Fees,EXCLUDING,CTC,2022-03-14,1915078,393,1896.8205541999998,
ClientBrand,Paid Social,Meta,Promo,Traffic,Platform and Fees,EXCLUDING,CTC,2022-03-14,2830432,26614,10667.929855,
ClientBrand,Paid Social,Pinterest,Promo,Consideration,Platform and Fees,EXCLUDING,CTC,2022-03-14,298962,1565,1081.9296114,
ClientBrand,Paid Social,Twitter,Brand,Reach,Platform and Fees,EXCLUDING,CTC,2022-03-14,179344,0,397.9882698,
ClientBrand,Paid Social,Meta,Brand,Reach,Platform and Fees,EXCLUDING,CTC,2022-03-21,3579219,945,3871.7822528,
ClientBrand,Paid Social,Meta,Promo,Traffic,Platform and Fees,EXCLUDING,CTC,2022-03-21,1914176,25996,7962.842056400001,
ClientBrand,Paid Social,Pinterest,Promo,Consideration,Platform and Fees,EXCLUDING,CTC,2022-03-21,263998,1029,1071.3608136,
ClientBrand,Paid Social,Meta,Brand,Reach,Platform and Fees,EXCLUDING,CTC,2022-03-28,1414614,288,1184.0358244000001,
ClientBrand,Paid Social,Meta,Promo,Traffic,Platform and Fees,EXCLUDING,CTC,2022-03-28,1605303,22727,5482.697552200001,
ClientBrand,Paid Social,Pinterest,Promo,Consideration,Platform and Fees,EXCLUDING,CTC,2022-03-28,337364,1554,1084.4411534,
ClientBrand,Paid Social,Twitter,Brand,Pre-roll views,Platform and Fees,EXCLUDING,CTC,2022-03-28,1070082,2,2712.7538767999995,
ClientBrand,Paid Social,Meta,Brand,Reach,Platform and Fees,EXCLUDING,CTC,2022-04-04,1546405,340,1192.8427104000002,
ClientBrand,Paid Social,Meta,Promo,Traffic,Platform and Fees,EXCLUDING,CTC,2022-04-04,1723957,23069,5491.243496200001,
ClientBrand,Paid Social,Pinterest,Promo,Consideration,Platform and Fees,EXCLUDING,CTC,2022-04-04,358008,1728,1086.1673174,
ClientBrand,Paid Social,Twitter,Brand,Pre-roll views,Platform and Fees,EXCLUDING,CTC,2022-04-04,1139664,1,2702.2771467999996,
ClientBrand,Paid Social,Meta,Brand,Reach,Platform and Fees,EXCLUDING,CTC,2022-04-11,1528453,329,1191.6348884,
ClientBrand,Paid Social,Meta,Promo,Traffic,Platform and Fees,EXCLUDING,CTC,2022-04-11,3092968,31636,10446.7436502,
ClientBrand,Paid Social,Pinterest,Promo,Consideration,Platform and Fees,EXCLUDING,CTC,2022-04-11,361491,2044,1087.0576354000002,
ClientBrand,Paid Social,Twitter,Brand,Pre-roll views,Platform and Fees,EXCLUDING,CTC,2022-04-11,1216454,3,2704.7498698,
ClientBrand,Paid Social,Meta,Brand,Reach,Platform and Fees,EXCLUDING,CTC,2022-04-18,1574759,316,1194.6639144,
ClientBrand,Paid Social,Meta,Promo,Traffic,Platform and Fees,EXCLUDING,CTC,2022-04-18,3063632,36624,10455.232394199998,
ClientBrand,Paid Social,Pinterest,Promo,Consideration,Platform and Fees,EXCLUDING,CTC,2022-04-18,366648,1817,1086.9235674000001,
ClientBrand,Paid Social,Twitter,Brand,Pre-roll views,Platform and Fees,EXCLUDING,CTC,2022-04-18,1174744,0,2714.8295658,
ClientBrand,Paid Social,Meta,Brand,Reach,Platform and Fees,EXCLUDING,CTC,2022-04-25,1462308,267,1187.1397384,
ClientBrand,Paid Social,Meta,Promo,Traffic,Platform and Fees,EXCLUDING,CTC,2022-04-25,2618879,33957,10420.3046662,
ClientBrand,Paid Social,Pinterest,Promo,Consideration,Platform and Fees,EXCLUDING,CTC,2022-04-25,335862,1647,1081.9686262,
ClientBrand,Paid Social,Twitter,Brand,Pre-roll views,Platform and Fees,EXCLUDING,CTC,2022-04-25,1140075,7,2705.521214,
ClientBrand,Paid Social,Meta,Promo,Traffic,Platform and Fees,EXCLUDING,CTC,2022-05-02,1626514,29546,5498.349188200001,
ClientBrand,Paid Social,Pinterest,Promo,Consideration,Platform and Fees,EXCLUDING,CTC,2022-05-02,342035,1707,992.5341668,
ClientBrand,Paid Social,Meta,Promo,Traffic,Platform and Fees,EXCLUDING,CTC,2022-05-09,1492692,24501,5478.972886200001,
ClientBrand,Paid Social,Pinterest,Promo,Consideration,Platform and Fees,EXCLUDING,CTC,2022-05-09,326976,1588,991.2915628000001,
ClientBrand,Paid Social,Meta,Promo,Traffic,Platform and Fees,EXCLUDING,CTC,2022-05-16,1591845,22294,5480.904354200002,
ClientBrand,Paid Social,Pinterest,Promo,Consideration,Platform and Fees,EXCLUDING,CTC,2022-05-16,309333,1577,990.1041348,
ClientBrand,Paid Social,Meta,Promo,Traffic,Platform and Fees,EXCLUDING,CTC,2022-05-23,1378469,20549,5463.174488200001,
ClientBrand,Paid Social,Pinterest,Promo,Consideration,Platform and Fees,EXCLUDING,CTC,2022-05-23,291571,1506,988.7834528000001,
ClientBrand,Paid Social,Meta,Promo,Traffic,Platform and Fees,EXCLUDING,CTC,2022-05-30,1375905,16636,5459.315378,
ClientBrand,Paid Social,Pinterest,Promo,Consideration,Platform and Fees,EXCLUDING,CTC,2022-05-30,158764,713,493.9657096,
ClientBrand,Paid Social,Meta,Promo,Traffic,Platform and Fees,EXCLUDING,CTC,2022-06-06,1486651,19461,5472.528864,
ClientBrand,Paid Social,Pinterest,Promo,Consideration,Platform and Fees,EXCLUDING,CTC,2022-06-06,151202,674,493.3851076,
ClientBrand,Paid Social,Meta,Promo,Traffic,Platform and Fees,EXCLUDING,CTC,2022-06-13,1227577,15596,5447.352129999999,
ClientBrand,Paid Social,Pinterest,Promo,Consideration,Platform and Fees,EXCLUDING,CTC,2022-06-13,156716,755,493.9183216,
ClientBrand,Paid Social,Meta,Promo,Traffic,Platform and Fees,EXCLUDING,CTC,2022-06-20,1222570,15267,5446.334058,
ClientBrand,Paid Social,Pinterest,Promo,Consideration,Platform and Fees,EXCLUDING,CTC,2022-06-20,161788,706,494.77668900000003,
ClientBrand,Paid Social,Meta,Promo,Traffic,Platform and Fees,EXCLUDING,CTC,2022-06-27,1958318,25024,7206.413594600001,
ClientBrand,Paid Social,Pinterest,Promo,Consideration,Platform and Fees,EXCLUDING,CTC,2022-06-27,192143,810,497.846327,
ClientBrand,Paid Social,Meta,Promo,Traffic,Platform and Fees,EXCLUDING,CTC,2022-07-04,1748905,24128,5315.9646144,
ClientBrand,Paid Social,Pinterest,Promo,Consideration,Platform and Fees,EXCLUDING,CTC,2022-07-04,209416,849,498.91930659999997,
ClientBrand,Paid Social,Meta,Promo,Traffic,Platform and Fees,EXCLUDING,CTC,2022-07-11,2276602,34612,7040.4146208,
ClientBrand,Paid Social,Pinterest,Promo,Consideration,Platform and Fees,EXCLUDING,CTC,2022-07-11,203800,825,498.64703899999995,
ClientBrand,Paid Social,Meta,Promo,Traffic,Platform and Fees,EXCLUDING,CTC,2022-07-18,1576526,24916,5512.727407,
ClientBrand,Paid Social,Pinterest,Promo,Consideration,Platform and Fees,EXCLUDING,CTC,2022-07-18,211050,928,498.6723412,
ClientBrand,Paid Social,Meta,Promo,Traffic,Platform and Fees,EXCLUDING,CTC,2022-07-25,1958178,22989,6508.674220399998,
ClientBrand,Paid Social,Pinterest,Promo,Consideration,Platform and Fees,EXCLUDING,CTC,2022-07-25,211773,944,499.31586100000004,
ClientBrand,Paid Social,Meta,Promo,Traffic,Platform and Fees,EXCLUDING,CTC,2022-08-01,1897880,20038,6488.563608999999,
ClientBrand,Paid Social,Pinterest,Promo,Consideration,Platform and Fees,EXCLUDING,CTC,2022-08-01,207262,920,497.5992076,
ClientBrand,Paid Social,Meta,Promo,Traffic,Platform and Fees,EXCLUDING,CTC,2022-08-08,2242534,29923,6532.649501399999,
ClientBrand,Paid Social,Pinterest,Promo,Consideration,Platform and Fees,EXCLUDING,CTC,2022-08-08,198775,798,495.0439472,
ClientBrand,Paid Social,Meta,Promo,Traffic,Platform and Fees,EXCLUDING,CTC,2022-08-15,1959352,22081,6497.5697094,
ClientBrand,Paid Social,Pinterest,Promo,Consideration,Platform and Fees,EXCLUDING,CTC,2022-08-15,224788,1011,498.94611360000005,
ClientBrand,Paid Social,Meta,Promo,Traffic,Platform and Fees,EXCLUDING,CTC,2022-08-22,2792436,30923,10464.911021400001,
ClientBrand,Paid Social,Pinterest,Promo,Consideration,Platform and Fees,EXCLUDING,CTC,2022-08-22,227696,974,498.837889,
ClientBrand,Paid Social,Meta,Promo,Traffic,Platform and Fees,EXCLUDING,CTC,2022-08-29,2212807,20363,6018.311615799999,
ClientBrand,Paid Social,Meta,Promo,Traffic,Platform and Fees,EXCLUDING,CTC,2022-09-05,875562,10512,2707.6526422,
ClientBrand,Paid Social,Meta,Promo,Traffic,Platform and Fees,EXCLUDING,CTC,2022-09-12,2000660,22854,6009.5161038,
ClientBrand,Paid Social,Meta,Brand,Reach,Platform and Fees,EXCLUDING,CTC,2022-09-19,2942157,933,2921.3163936,
ClientBrand,Paid Social,Meta,Promo,Traffic,Platform and Fees,EXCLUDING,CTC,2022-09-19,1721642,20233,7537.391444,
ClientBrand,Paid Social,Meta,Brand,Reach,Platform and Fees,EXCLUDING,CTC,2022-09-26,2665071,764,2902.6755076,
ClientBrand,Paid Social,Meta,Promo,Traffic,Platform and Fees,EXCLUDING,CTC,2022-09-26,1456975,32088,5992.9213432,
ClientBrand,Paid Social,Meta,Brand,Reach,Platform and Fees,EXCLUDING,CTC,2022-10-03,3055870,968,2928.8946016,
ClientBrand,Paid Social,Meta,Promo,Traffic,Platform and Fees,EXCLUDING,CTC,2022-10-03,2157838,29585,6033.957641800001,
ClientBrand,Paid Social,Meta,Brand,Reach,Platform and Fees,EXCLUDING,CTC,2022-10-10,2869368,820,2916.2761496,
ClientBrand,Paid Social,Meta,Promo,Traffic,Platform and Fees,EXCLUDING,CTC,2022-10-10,1944970,33234,6027.534763799999,
ClientBrand,Paid Social,Meta,Brand,Reach,Platform and Fees,EXCLUDING,CTC,2022-10-17,2783880,943,2910.8910116,
ClientBrand,Paid Social,Meta,Promo,Traffic,Platform and Fees,EXCLUDING,CTC,2022-10-17,3262230,33183,10654.972002399998,
ClientBrand,Paid Social,Meta,Brand,Reach,Platform and Fees,EXCLUDING,CTC,2022-10-24,3066332,1165,3384.1941672,
ClientBrand,Paid Social,Meta,Promo,Traffic,Platform and Fees,EXCLUDING,CTC,2022-10-24,2777073,27300,8502.298118600002,
ClientBrand,Paid Social,Meta,Brand,Reach,Platform and Fees,EXCLUDING,CTC,2022-10-31,2397984,1002,2817.2447534,
ClientBrand,Paid Social,Meta,Promo,Traffic,Platform and Fees,EXCLUDING,CTC,2022-10-31,3686249,41097,7063.732984,
ClientBrand,Paid Social,Meta,Brand,Reach,Platform and Fees,EXCLUDING,CTC,2022-11-07,2195217,838,2803.5193713999997,
ClientBrand,Paid Social,Meta,Promo,Traffic,Platform and Fees,EXCLUDING,CTC,2022-11-07,2721339,32451,7062.078203399999,
ClientBrand,Paid Social,Meta,Brand,Reach,Platform and Fees,EXCLUDING,CTC,2022-11-14,2041621,794,2793.2900753999998,
ClientBrand,Paid Social,Meta,Promo,Traffic,Platform and Fees,EXCLUDING,CTC,2022-11-14,2491497,35958,9005.3578318,
ClientBrand,Paid Social,Meta,Brand,Reach,Platform and Fees,EXCLUDING,CTC,2022-11-21,1852045,850,2780.8950993999997,
ClientBrand,Paid Social,Meta,Promo,Traffic,Platform and Fees,EXCLUDING,CTC,2022-11-21,2404971,43760,13886.6961728,
ClientBrand,Paid Social,Meta,Brand,Reach,Platform and Fees,EXCLUDING,CTC,2022-11-28,2114488,910,2798.3417373999996,
ClientBrand,Paid Social,Meta,Promo,Traffic,Platform and Fees,EXCLUDING,CTC,2022-11-28,1308418,23376,6031.1929194,
ClientBrand,Paid Social,Meta,Brand,Reach,Platform and Fees,EXCLUDING,CTC,2022-12-05,2241420,993,2806.8927194,
ClientBrand,Paid Social,Meta,Promo,Traffic,Platform and Fees,EXCLUDING,CTC,2022-12-05,888420,14110,2994.7084992,
ClientBrand,Paid Social,Meta,Brand,Reach,Platform and Fees,EXCLUDING,CTC,2022-12-12,2281005,1076,2805.4451700000004,
ClientBrand,Paid Social,Meta,Promo,Traffic,Platform and Fees,EXCLUDING,CTC,2022-12-12,1145798,17146,4502.7819452,
ClientBrand,Paid Social,Meta,Brand,Reach,Platform and Fees,EXCLUDING,CTC,2022-12-19,4542789,2201,4608.815655400001,
ClientBrand,Paid Social,Meta,Promo,Traffic,Platform and Fees,EXCLUDING,CTC,2022-12-19,6198479,44368,16080.863405200002,
ClientBrand,Paid Social,Meta,Brand,Reach,Platform and Fees,EXCLUDING,CTC,2022-12-26,4253779,2038,3826.827114,
ClientBrand,Paid Social,Meta,Promo,Traffic,Platform and Fees,EXCLUDING,CTC,2022-12-26,10007131,93988,25021.454174200004,
ClientBrand,Paid Social,Meta,Brand,Reach,Platform and Fees,EXCLUDING,CTC,2023-01-02,4632947,2301,3852.401872000001,
ClientBrand,Paid Social,Meta,Promo,Traffic,Platform and Fees,EXCLUDING,CTC,2023-01-02,6491128,64563,15984.797158000001,
ClientBrand,Paid Social,Meta,Brand,Reach,Platform and Fees,EXCLUDING,CTC,2023-01-09,3985310,1943,3677.33817,
ClientBrand,Paid Social,Meta,Promo,Traffic,Platform and Fees,EXCLUDING,CTC,2023-01-09,5468413,53992,15013.463718,
ClientBrand,Paid Social,Meta,Brand,Reach,Platform and Fees,EXCLUDING,CTC,2023-01-16,4041842,1913,3951.8952,
ClientBrand,Paid Social,Meta,Promo,Traffic,Platform and Fees,EXCLUDING,CTC,2023-01-16,5058088,39107,11048.449697999997,
ClientBrand,Paid Social,Meta,Brand,Reach,Platform and Fees,EXCLUDING,CTC,2023-01-23,3896636,1955,3913.7507640000003,
ClientBrand,Paid Social,Meta,Promo,Traffic,Platform and Fees,EXCLUDING,CTC,2023-01-23,3067468,25084,5144.667352,
ClientBrand,Paid Social,Meta,Brand,Reach,Platform and Fees,EXCLUDING,CTC,2023-01-30,3092807,1455,2912.8586014,
ClientBrand,Paid Social,Meta,Promo,Traffic,Platform and Fees,EXCLUDING,CTC,2023-01-30,1824622,22010,4991.065772000001,
ClientBrand,Paid Social,Meta,Brand,Reach,Platform and Fees,EXCLUDING,CTC,2023-02-06,2809594,1273,2840.743774,
ClientBrand,Paid Social,Meta,Promo,Traffic,Platform and Fees,EXCLUDING,CTC,2023-02-06,2596588,22888,4930.317128000001,
