Brand,Media L1,Media L2,Further TV Detail,Message,TVR Definition,Confirm VAT,Confirm CTC,wc Mon,Spend,TVRs,Comment
ClientBrand,TV,,Rebates,Unclassified,All Adult 30s Equiv,EXCLUDING,CTC,2010-12-27,-124776,0.0,
ClientBrand,TV,,Rebates,Unclassified,All Adult 30s Equiv,EXCLUDING,CTC,2011-01-03,-20719,0.0,
ClientBrand,TV,,Airtime,Unclassified,All Adult 30s Equiv,EXCLUDING,CTC,2011-01-03,414100,277.7,
ClientBrand,TV,,Rebates,Unclassified,All Adult 30s Equiv,EXCLUDING,CTC,2011-01-10,-20719,0.0,
ClientBrand,TV,,Airtime,Unclassified,All Adult 30s Equiv,EXCLUDING,CTC,2011-01-10,414100,272.5,
ClientBrand,TV,,Rebates,Unclassified,All Adult 30s Equiv,EXCLUDING,CTC,2011-01-17,-20719,0.0,
ClientBrand,TV,,Airtime,Unclassified,All Adult 30s Equiv,EXCLUDING,CTC,2011-01-17,343400,254.4,
ClientBrand,TV,,Rebates,Unclassified,All Adult 30s Equiv,EXCLUDING,CTC,2011-01-24,-20719,0.0,
ClientBrand,TV,,Airtime,Unclassified,All Adult 30s Equiv,EXCLUDING,CTC,2011-01-24,343400,188.0,
ClientBrand,TV,,Rebates,Unclassified,All Adult 30s Equiv,EXCLUDING,CTC,2011-01-31,-20719,0.0,
ClientBrand,TV,,Airtime,Unclassified,All Adult 30s Equiv,EXCLUDING,CTC,2011-01-31,417000,206.9,
ClientBrand,TV,,Rebates,Unclassified,All Adult 30s Equiv,EXCLUDING,CTC,2011-02-07,-22706,0.0,
ClientBrand,TV,,Airtime,Unclassified,All Adult 30s Equiv,EXCLUDING,CTC,2011-02-07,262813,122.4,
ClientBrand,TV,,Rebates,Unclassified,All Adult 30s Equiv,EXCLUDING,CTC,2011-02-14,-22706,0.0,
ClientBrand,TV,,Airtime,Unclassified,All Adult 30s Equiv,EXCLUDING,CTC,2011-02-14,262813,138.5,
ClientBrand,TV,,Rebates,Unclassified,All Adult 30s Equiv,EXCLUDING,CTC,2011-02-21,-22706,0.0,
ClientBrand,TV,,Airtime,Unclassified,All Adult 30s Equiv,EXCLUDING,CTC,2011-02-21,315375,176.1,
ClientBrand,TV,,Rebates,Unclassified,All Adult 30s Equiv,EXCLUDING,CTC,2011-02-28,-22706,0.0,
ClientBrand,TV,,Airtime,Unclassified,All Adult 30s Equiv,EXCLUDING,CTC,2011-02-28,472000,219.9,
ClientBrand,TV,,Rebates,Unclassified,All Adult 30s Equiv,EXCLUDING,CTC,2011-03-07,-37658,0.0,
ClientBrand,TV,,Airtime,Unclassified,All Adult 30s Equiv,EXCLUDING,CTC,2011-03-07,358000,161.6,
ClientBrand,TV,,Rebates,Unclassified,All Adult 30s Equiv,EXCLUDING,CTC,2011-03-14,-28658,0.0,
ClientBrand,TV,,Airtime,Unclassified,All Adult 30s Equiv,EXCLUDING,CTC,2011-03-14,173000,72.0,
ClientBrand,TV,,Rebates,Unclassified,All Adult 30s Equiv,EXCLUDING,CTC,2011-03-21,-28658,0.0,
ClientBrand,TV,,Airtime,Unclassified,All Adult 30s Equiv,EXCLUDING,CTC,2011-03-21,212000,108.8,
ClientBrand,TV,,Rebates,Unclassified,All Adult 30s Equiv,EXCLUDING,CTC,2011-03-28,-37658,0.0,
ClientBrand,TV,,Airtime,Unclassified,All Adult 30s Equiv,EXCLUDING,CTC,2011-03-28,437000,171.9,
ClientBrand,TV,,Rebates,Unclassified,All Adult 30s Equiv,EXCLUDING,CTC,2011-04-04,-30088,0.0,
ClientBrand,TV,,Rebates,Unclassified,All Adult 30s Equiv,EXCLUDING,CTC,2011-04-11,-30088,0.0,
ClientBrand,TV,,Airtime,Unclassified,All Adult 30s Equiv,EXCLUDING,CTC,2011-04-11,606000,234.0,
ClientBrand,TV,,Rebates,Unclassified,All Adult 30s Equiv,EXCLUDING,CTC,2011-04-18,-30088,0.0,
ClientBrand,TV,,Airtime,Unclassified,All Adult 30s Equiv,EXCLUDING,CTC,2011-04-18,522000,171.1,
ClientBrand,TV,,Rebates,Unclassified,All Adult 30s Equiv,EXCLUDING,CTC,2011-04-25,-30088,0.0,
ClientBrand,TV,,Airtime,Unclassified,All Adult 30s Equiv,EXCLUDING,CTC,2011-04-25,522000,200.8,
ClientBrand,TV,,Rebates,Unclassified,All Adult 30s Equiv,EXCLUDING,CTC,2011-05-02,-30088,0.0,
ClientBrand,TV,,Rebates,Unclassified,All Adult 30s Equiv,EXCLUDING,CTC,2011-05-09,-19706,0.0,
ClientBrand,TV,,Airtime,Unclassified,All Adult 30s Equiv,EXCLUDING,CTC,2011-05-09,315570,109.4,
ClientBrand,TV,,Rebates,Unclassified,All Adult 30s Equiv,EXCLUDING,CTC,2011-05-16,-19706,0.0,
ClientBrand,TV,,Rebates,Unclassified,All Adult 30s Equiv,EXCLUDING,CTC,2011-05-23,-19706,0.0,
ClientBrand,TV,,Airtime,Unclassified,All Adult 30s Equiv,EXCLUDING,CTC,2011-05-23,315570,130.3,
ClientBrand,TV,,Rebates,Unclassified,All Adult 30s Equiv,EXCLUDING,CTC,2011-05-30,-19706,0.0,
ClientBrand,TV,,Airtime,Unclassified,All Adult 30s Equiv,EXCLUDING,CTC,2011-05-30,292560,93.6,
ClientBrand,TV,,Rebates,Unclassified,All Adult 30s Equiv,EXCLUDING,CTC,2011-06-06,-21917,0.0,
ClientBrand,TV,,Airtime,Unclassified,All Adult 30s Equiv,EXCLUDING,CTC,2011-06-06,252500,120.2,
ClientBrand,TV,,Rebates,Unclassified,All Adult 30s Equiv,EXCLUDING,CTC,2011-06-13,-21917,0.0,
ClientBrand,TV,,Rebates,Unclassified,All Adult 30s Equiv,EXCLUDING,CTC,2011-06-20,-21917,0.0,
ClientBrand,TV,,Airtime,Unclassified,All Adult 30s Equiv,EXCLUDING,CTC,2011-06-20,239000,103.3,
ClientBrand,TV,,Rebates,Unclassified,All Adult 30s Equiv,EXCLUDING,CTC,2011-06-27,-21917,0.0,
ClientBrand,TV,,Rebates,Unclassified,All Adult 30s Equiv,EXCLUDING,CTC,2011-07-04,-11058,0.0,
ClientBrand,TV,,Airtime,Unclassified,All Adult 30s Equiv,EXCLUDING,CTC,2011-07-04,131000,59.4,
ClientBrand,TV,,Rebates,Unclassified,All Adult 30s Equiv,EXCLUDING,CTC,2011-07-11,-11058,0.0,
ClientBrand,TV,,Airtime,Unclassified,All Adult 30s Equiv,EXCLUDING,CTC,2011-07-11,93000,46.8,
ClientBrand,TV,,Rebates,Unclassified,All Adult 30s Equiv,EXCLUDING,CTC,2011-07-18,-11058,0.0,
ClientBrand,TV,,Airtime,Unclassified,All Adult 30s Equiv,EXCLUDING,CTC,2011-07-18,104000,51.9,
ClientBrand,TV,,Rebates,Unclassified,All Adult 30s Equiv,EXCLUDING,CTC,2011-07-25,-11058,0.0,
ClientBrand,TV,,Airtime,Unclassified,All Adult 30s Equiv,EXCLUDING,CTC,2011-07-25,142000,65.1,
ClientBrand,TV,,Rebates,Unclassified,All Adult 30s Equiv,EXCLUDING,CTC,2011-08-01,-11058,0.0,
ClientBrand,TV,,Airtime,Unclassified,All Adult 30s Equiv,EXCLUDING,CTC,2011-08-01,95000,51.9,
ClientBrand,TV,,Rebates,Unclassified,All Adult 30s Equiv,EXCLUDING,CTC,2011-08-08,-24194,0.0,
ClientBrand,TV,,Airtime,Unclassified,All Adult 30s Equiv,EXCLUDING,CTC,2011-08-08,312325,178.7,
ClientBrand,TV,,Rebates,Unclassified,All Adult 30s Equiv,EXCLUDING,CTC,2011-08-15,-24194,0.0,
ClientBrand,TV,,Airtime,Unclassified,All Adult 30s Equiv,EXCLUDING,CTC,2011-08-15,208215,151.7,
ClientBrand,TV,,Rebates,Unclassified,All Adult 30s Equiv,EXCLUDING,CTC,2011-08-22,-24194,0.0,
ClientBrand,TV,,Airtime,Unclassified,All Adult 30s Equiv,EXCLUDING,CTC,2011-08-22,329360,190.0,
ClientBrand,TV,,Rebates,Unclassified,All Adult 30s Equiv,EXCLUDING,CTC,2011-08-29,-24194,0.0,
ClientBrand,TV,,Airtime,Unclassified,All Adult 30s Equiv,EXCLUDING,CTC,2011-08-29,188100,79.0,
ClientBrand,TV,,Rebates,Unclassified,All Adult 30s Equiv,EXCLUDING,CTC,2011-09-05,-28188,0.0,
ClientBrand,TV,,Airtime,Unclassified,All Adult 30s Equiv,EXCLUDING,CTC,2011-09-05,236000,102.8,
ClientBrand,TV,,Rebates,Unclassified,All Adult 30s Equiv,EXCLUDING,CTC,2011-09-12,-28188,0.0,
ClientBrand,TV,,Airtime,Unclassified,All Adult 30s Equiv,EXCLUDING,CTC,2011-09-12,284000,135.7,
ClientBrand,TV,,Rebates,Unclassified,All Adult 30s Equiv,EXCLUDING,CTC,2011-09-19,-28188,0.0,
ClientBrand,TV,,Airtime,Unclassified,All Adult 30s Equiv,EXCLUDING,CTC,2011-09-19,236000,93.5,
ClientBrand,TV,,Rebates,Unclassified,All Adult 30s Equiv,EXCLUDING,CTC,2011-09-26,-28188,0.0,
ClientBrand,TV,,Airtime,Unclassified,All Adult 30s Equiv,EXCLUDING,CTC,2011-09-26,309000,119.2,
ClientBrand,TV,,Rebates,Unclassified,All Adult 30s Equiv,EXCLUDING,CTC,2011-10-03,-12453,0.0,
ClientBrand,TV,,Airtime,Unclassified,All Adult 30s Equiv,EXCLUDING,CTC,2011-10-03,199000,101.7,
ClientBrand,TV,,Rebates,Unclassified,All Adult 30s Equiv,EXCLUDING,CTC,2011-10-10,-12453,0.0,
ClientBrand,TV,,Airtime,Unclassified,All Adult 30s Equiv,EXCLUDING,CTC,2011-10-10,234000,102.1,
ClientBrand,TV,,Rebates,Unclassified,All Adult 30s Equiv,EXCLUDING,CTC,2011-10-17,-12453,0.0,
ClientBrand,TV,,Airtime,Unclassified,All Adult 30s Equiv,EXCLUDING,CTC,2011-10-17,85000,27.6,
ClientBrand,TV,,Rebates,Unclassified,All Adult 30s Equiv,EXCLUDING,CTC,2011-10-24,-12453,0.0,
ClientBrand,TV,,Airtime,Unclassified,All Adult 30s Equiv,EXCLUDING,CTC,2011-10-24,95000,31.8,
ClientBrand,TV,,Rebates,Unclassified,All Adult 30s Equiv,EXCLUDING,CTC,2011-10-31,-12453,0.0,
ClientBrand,TV,,Airtime,Unclassified,All Adult 30s Equiv,EXCLUDING,CTC,2011-10-31,207000,90.8,
ClientBrand,TV,,Rebates,Unclassified,All Adult 30s Equiv,EXCLUDING,CTC,2011-11-07,-27061,0.0,
ClientBrand,TV,,Airtime,Unclassified,All Adult 30s Equiv,EXCLUDING,CTC,2011-11-07,229000,95.1,
ClientBrand,TV,,Rebates,Unclassified,All Adult 30s Equiv,EXCLUDING,CTC,2011-11-14,-27061,0.0,
ClientBrand,TV,,Airtime,Unclassified,All Adult 30s Equiv,EXCLUDING,CTC,2011-11-14,229000,88.7,
ClientBrand,TV,,Rebates,Unclassified,All Adult 30s Equiv,EXCLUDING,CTC,2011-11-21,-27061,0.0,
ClientBrand,TV,,Airtime,Unclassified,All Adult 30s Equiv,EXCLUDING,CTC,2011-11-21,322000,119.3,
ClientBrand,TV,,Rebates,Unclassified,All Adult 30s Equiv,EXCLUDING,CTC,2011-11-28,-27061,0.0,
ClientBrand,TV,,Rebates,Unclassified,All Adult 30s Equiv,EXCLUDING,CTC,2011-12-19,-47903,0.0,
ClientBrand,TV,,Airtime,Unclassified,All Adult 30s Equiv,EXCLUDING,CTC,2011-12-19,659000,358.9,
ClientBrand,TV,,Rebates,Unclassified,All Adult 30s Equiv,EXCLUDING,CTC,2011-12-26,-47903,0.0,
ClientBrand,TV,,Airtime,Unclassified,All Adult 30s Equiv,EXCLUDING,CTC,2011-12-26,631000,61.2,
ClientBrand,TV,,Rebates,Unclassified,All Adult 30s Equiv,EXCLUDING,CTC,2012-01-02,-22538,0.0,
ClientBrand,TV,,Airtime,Unclassified,All Adult 30s Equiv,EXCLUDING,CTC,2012-01-02,370000,232.5,
ClientBrand,TV,,Rebates,Unclassified,All Adult 30s Equiv,EXCLUDING,CTC,2012-01-09,-22538,0.0,
ClientBrand,TV,,Airtime,Unclassified,All Adult 30s Equiv,EXCLUDING,CTC,2012-01-09,370000,170.6,
ClientBrand,TV,,Rebates,Unclassified,All Adult 30s Equiv,EXCLUDING,CTC,2012-01-16,-22538,0.0,
ClientBrand,TV,,Airtime,Unclassified,All Adult 30s Equiv,EXCLUDING,CTC,2012-01-16,288000,129.9,
ClientBrand,TV,,Rebates,Unclassified,All Adult 30s Equiv,EXCLUDING,CTC,2012-01-23,-22538,0.0,
ClientBrand,TV,,Airtime,Unclassified,All Adult 30s Equiv,EXCLUDING,CTC,2012-01-23,308000,135.1,
ClientBrand,TV,,Rebates,Unclassified,All Adult 30s Equiv,EXCLUDING,CTC,2012-01-30,-22538,0.0,
ClientBrand,TV,,Airtime,Unclassified,All Adult 30s Equiv,EXCLUDING,CTC,2012-01-30,319000,180.1,
ClientBrand,TV,,Rebates,Unclassified,All Adult 30s Equiv,EXCLUDING,CTC,2012-02-06,-25226.11,0.0,
ClientBrand,TV,,Airtime,Unclassified,All Adult 30s Equiv,EXCLUDING,CTC,2012-02-06,246000,122.5,
ClientBrand,TV,,Rebates,Unclassified,All Adult 30s Equiv,EXCLUDING,CTC,2012-02-13,-25226.11,0.0,
ClientBrand,TV,,Airtime,Unclassified,All Adult 30s Equiv,EXCLUDING,CTC,2012-02-13,246000,152.4,
ClientBrand,TV,,Rebates,Unclassified,All Adult 30s Equiv,EXCLUDING,CTC,2012-02-20,-25226.11,0.0,
ClientBrand,TV,,Airtime,Unclassified,All Adult 30s Equiv,EXCLUDING,CTC,2012-02-20,298000,170.1,
ClientBrand,TV,,Rebates,Unclassified,All Adult 30s Equiv,EXCLUDING,CTC,2012-02-27,-25226.11,0.0,
ClientBrand,TV,,Airtime,Unclassified,All Adult 30s Equiv,EXCLUDING,CTC,2012-02-27,355000,170.4,
ClientBrand,TV,,Rebates,Unclassified,All Adult 30s Equiv,EXCLUDING,CTC,2012-03-05,-26916,0.0,
ClientBrand,TV,,Airtime,Unclassified,All Adult 30s Equiv,EXCLUDING,CTC,2012-03-05,204046,110.1,
ClientBrand,TV,,Rebates,Unclassified,All Adult 30s Equiv,EXCLUDING,CTC,2012-03-12,-26916,0.0,
ClientBrand,TV,,Airtime,Unclassified,All Adult 30s Equiv,EXCLUDING,CTC,2012-03-12,270115,113.7,
ClientBrand,TV,,Rebates,Unclassified,All Adult 30s Equiv,EXCLUDING,CTC,2012-03-19,-26916,0.0,
ClientBrand,TV,,Airtime,Unclassified,All Adult 30s Equiv,EXCLUDING,CTC,2012-03-19,203115,93.6,
ClientBrand,TV,,Rebates,Unclassified,All Adult 30s Equiv,EXCLUDING,CTC,2012-03-26,-26916,0.0,
ClientBrand,TV,,Airtime,Unclassified,All Adult 30s Equiv,EXCLUDING,CTC,2012-03-26,203115,85.0,
ClientBrand,TV,,Rebates,Unclassified,All Adult 30s Equiv,EXCLUDING,CTC,2012-04-02,-27638.8,0.0,
ClientBrand,TV,,Airtime,Unclassified,All Adult 30s Equiv,EXCLUDING,CTC,2012-04-02,463115,148.9,
ClientBrand,TV,,Rebates,Unclassified,All Adult 30s Equiv,EXCLUDING,CTC,2012-04-09,-27638.8,0.0,
ClientBrand,TV,,Airtime,Unclassified,All Adult 30s Equiv,EXCLUDING,CTC,2012-04-09,415115,153.9,
ClientBrand,TV,,Rebates,Unclassified,All Adult 30s Equiv,EXCLUDING,CTC,2012-04-16,-27638.8,0.0,
ClientBrand,TV,,Airtime,Unclassified,All Adult 30s Equiv,EXCLUDING,CTC,2012-04-16,126069,66.3,
ClientBrand,TV,,Rebates,Unclassified,All Adult 30s Equiv,EXCLUDING,CTC,2012-04-23,-27638.8,0.0,
ClientBrand,TV,,Airtime,Unclassified,All Adult 30s Equiv,EXCLUDING,CTC,2012-04-23,327000,131.9,
ClientBrand,TV,,Rebates,Unclassified,All Adult 30s Equiv,EXCLUDING,CTC,2012-04-30,-27638.8,0.0,
ClientBrand,TV,,Airtime,Unclassified,All Adult 30s Equiv,EXCLUDING,CTC,2012-04-30,284310,146.7,
ClientBrand,TV,,Rebates,Unclassified,All Adult 30s Equiv,EXCLUDING,CTC,2012-05-07,-25127.75,0.0,
ClientBrand,TV,,Airtime,Unclassified,All Adult 30s Equiv,EXCLUDING,CTC,2012-05-07,227000,121.0,
ClientBrand,TV,,Rebates,Unclassified,All Adult 30s Equiv,EXCLUDING,CTC,2012-05-14,-25127.75,0.0,
ClientBrand,TV,,Airtime,Unclassified,All Adult 30s Equiv,EXCLUDING,CTC,2012-05-14,215000,74.2,
ClientBrand,TV,,Rebates,Unclassified,All Adult 30s Equiv,EXCLUDING,CTC,2012-05-21,-25127.75,0.0,
ClientBrand,TV,,Airtime,Unclassified,All Adult 30s Equiv,EXCLUDING,CTC,2012-05-21,41000,52.4,
ClientBrand,TV,,Rebates,Unclassified,All Adult 30s Equiv,EXCLUDING,CTC,2012-05-28,-25127.75,0.0,
ClientBrand,TV,,Airtime,Unclassified,All Adult 30s Equiv,EXCLUDING,CTC,2012-05-28,317000,99.2,
ClientBrand,TV,,Rebates,Unclassified,All Adult 30s Equiv,EXCLUDING,CTC,2012-06-04,-23092.75,0.0,
ClientBrand,TV,,Airtime,Unclassified,All Adult 30s Equiv,EXCLUDING,CTC,2012-06-04,254000,119.3,
ClientBrand,TV,,Rebates,Unclassified,All Adult 30s Equiv,EXCLUDING,CTC,2012-06-11,-23092.75,0.0,
ClientBrand,TV,,Airtime,Unclassified,All Adult 30s Equiv,EXCLUDING,CTC,2012-06-11,254000,104.0,
ClientBrand,TV,,Rebates,Unclassified,All Adult 30s Equiv,EXCLUDING,CTC,2012-06-18,-23092.75,0.0,
ClientBrand,TV,,Airtime,Unclassified,All Adult 30s Equiv,EXCLUDING,CTC,2012-06-18,262567,151.1,
ClientBrand,TV,,Rebates,Unclassified,All Adult 30s Equiv,EXCLUDING,CTC,2012-06-25,-23092.75,0.0,
ClientBrand,TV,,Rebates,Unclassified,All Adult 30s Equiv,EXCLUDING,CTC,2012-07-02,-17832.4,0.0,
ClientBrand,TV,,Airtime,Unclassified,All Adult 30s Equiv,EXCLUDING,CTC,2012-07-02,204170,113.9,
ClientBrand,TV,,Rebates,Unclassified,All Adult 30s Equiv,EXCLUDING,CTC,2012-07-09,-17832.4,0.0,
ClientBrand,TV,,Airtime,Unclassified,All Adult 30s Equiv,EXCLUDING,CTC,2012-07-09,196000,102.0,
ClientBrand,TV,,Rebates,Unclassified,All Adult 30s Equiv,EXCLUDING,CTC,2012-07-16,-17832.4,0.0,
ClientBrand,TV,,Airtime,Unclassified,All Adult 30s Equiv,EXCLUDING,CTC,2012-07-16,181710,142.0,
ClientBrand,TV,,Rebates,Unclassified,All Adult 30s Equiv,EXCLUDING,CTC,2012-07-23,-17832.4,0.0,
ClientBrand,TV,,Airtime,Unclassified,All Adult 30s Equiv,EXCLUDING,CTC,2012-07-23,50000,20.0,"Free of Charge, Estimated Ratings"
ClientBrand,TV,,Airtime,Unclassified,All Adult 30s Equiv,EXCLUDING,CTC,2012-07-23,163335,160.5,
ClientBrand,TV,,Rebates,Unclassified,All Adult 30s Equiv,EXCLUDING,CTC,2012-07-30,-17832.4,0.0,
ClientBrand,TV,,Airtime,Unclassified,All Adult 30s Equiv,EXCLUDING,CTC,2012-07-30,50000,20.0,"Free of Charge, Estimated Ratings"
ClientBrand,TV,,Airtime,Unclassified,All Adult 30s Equiv,EXCLUDING,CTC,2012-07-30,169830,150.9,
ClientBrand,TV,,Rebates,Unclassified,All Adult 30s Equiv,EXCLUDING,CTC,2012-08-06,-31466.25,0.0,
ClientBrand,TV,,Airtime,Unclassified,All Adult 30s Equiv,EXCLUDING,CTC,2012-08-06,247405,127.2,
ClientBrand,TV,,Rebates,Unclassified,All Adult 30s Equiv,EXCLUDING,CTC,2012-08-13,-31466.25,0.0,
ClientBrand,TV,,Airtime,Unclassified,All Adult 30s Equiv,EXCLUDING,CTC,2012-08-13,314880,149.9,
ClientBrand,TV,,Rebates,Unclassified,All Adult 30s Equiv,EXCLUDING,CTC,2012-08-20,-31466.25,0.0,
ClientBrand,TV,,Airtime,Unclassified,All Adult 30s Equiv,EXCLUDING,CTC,2012-08-20,269897,133.6,
ClientBrand,TV,,Rebates,Unclassified,All Adult 30s Equiv,EXCLUDING,CTC,2012-08-27,-31466.25,0.0,
ClientBrand,TV,,Airtime,Unclassified,All Adult 30s Equiv,EXCLUDING,CTC,2012-08-27,179931,80.7,
ClientBrand,TV,,Rebates,Unclassified,All Adult 30s Equiv,EXCLUDING,CTC,2012-09-03,-23174.75,0.0,
ClientBrand,TV,,Airtime,Unclassified,All Adult 30s Equiv,EXCLUDING,CTC,2012-09-03,250723,99.5,
ClientBrand,TV,,Rebates,Unclassified,All Adult 30s Equiv,EXCLUDING,CTC,2012-09-10,-23174.75,0.0,
ClientBrand,TV,,Airtime,Unclassified,All Adult 30s Equiv,EXCLUDING,CTC,2012-09-10,250723,108.0,
ClientBrand,TV,,Rebates,Unclassified,All Adult 30s Equiv,EXCLUDING,CTC,2012-09-17,-23174.75,0.0,
ClientBrand,TV,,Airtime,Unclassified,All Adult 30s Equiv,EXCLUDING,CTC,2012-09-17,83574,60.3,
ClientBrand,TV,,Rebates,Unclassified,All Adult 30s Equiv,EXCLUDING,CTC,2012-09-24,-23174.75,0.0,
ClientBrand,TV,,Airtime,Unclassified,All Adult 30s Equiv,EXCLUDING,CTC,2012-09-24,278582,123.1,
ClientBrand,TV,,Rebates,Unclassified,All Adult 30s Equiv,EXCLUDING,CTC,2012-10-01,-13456.2,0.0,
ClientBrand,TV,,Airtime,Unclassified,All Adult 30s Equiv,EXCLUDING,CTC,2012-10-01,238580,94.4,
ClientBrand,TV,,Rebates,Unclassified,All Adult 30s Equiv,EXCLUDING,CTC,2012-10-08,-13456.2,0.0,
ClientBrand,TV,,Airtime,Unclassified,All Adult 30s Equiv,EXCLUDING,CTC,2012-10-08,210511,82.5,
ClientBrand,TV,,Rebates,Unclassified,All Adult 30s Equiv,EXCLUDING,CTC,2012-10-15,-13456.2,0.0,
ClientBrand,TV,,Airtime,Unclassified,All Adult 30s Equiv,EXCLUDING,CTC,2012-10-15,112273,41.1,
ClientBrand,TV,,Rebates,Unclassified,All Adult 30s Equiv,EXCLUDING,CTC,2012-10-22,-13456.2,0.0,
ClientBrand,TV,,Airtime,Unclassified,All Adult 30s Equiv,EXCLUDING,CTC,2012-10-22,59498,52.4,
ClientBrand,TV,,Rebates,Unclassified,All Adult 30s Equiv,EXCLUDING,CTC,2012-10-29,-13456.2,0.0,
ClientBrand,TV,,Airtime,Unclassified,All Adult 30s Equiv,EXCLUDING,CTC,2012-10-29,214556,97.1,
ClientBrand,TV,,Rebates,Unclassified,All Adult 30s Equiv,EXCLUDING,CTC,2012-11-05,-22293.5,0.0,
ClientBrand,TV,,Airtime,Unclassified,All Adult 30s Equiv,EXCLUDING,CTC,2012-11-05,193122,72.1,
ClientBrand,TV,,Rebates,Unclassified,All Adult 30s Equiv,EXCLUDING,CTC,2012-11-12,-22293.5,0.0,
ClientBrand,TV,,Airtime,Unclassified,All Adult 30s Equiv,EXCLUDING,CTC,2012-11-12,206916,71.7,
ClientBrand,TV,,Rebates,Unclassified,All Adult 30s Equiv,EXCLUDING,CTC,2012-11-19,-22293.5,0.0,
ClientBrand,TV,,Airtime,Unclassified,All Adult 30s Equiv,EXCLUDING,CTC,2012-11-19,193122,76.1,
ClientBrand,TV,,Rebates,Unclassified,All Adult 30s Equiv,EXCLUDING,CTC,2012-11-26,-22293.5,0.0,
ClientBrand,TV,,Airtime,Unclassified,All Adult 30s Equiv,EXCLUDING,CTC,2012-11-26,234505,101.2,
ClientBrand,TV,,Rebates,Unclassified,All Adult 30s Equiv,EXCLUDING,CTC,2012-12-17,-47373,0.0,
ClientBrand,TV,,Airtime,Unclassified,All Adult 30s Equiv,EXCLUDING,CTC,2012-12-17,139000,71.8,
ClientBrand,TV,,Rebates,Unclassified,All Adult 30s Equiv,EXCLUDING,CTC,2012-12-24,-47373,0.0,
ClientBrand,TV,,Airtime,Unclassified,All Adult 30s Equiv,EXCLUDING,CTC,2012-12-24,33333.333333333336,13.333333333333334,"Free of Charge, Estimated Ratings"
ClientBrand,TV,,Airtime,Unclassified,All Adult 30s Equiv,EXCLUDING,CTC,2012-12-24,794333.33,460.2,
ClientBrand,TV,,Rebates,Unclassified,All Adult 30s Equiv,EXCLUDING,CTC,2012-12-31,-19762,0.0,
ClientBrand,TV,,Airtime,Unclassified,All Adult 30s Equiv,EXCLUDING,CTC,2012-12-31,33333.333333333336,13.333333333333334,"Free of Charge, Estimated Ratings"
ClientBrand,TV,,Airtime,Unclassified,All Adult 30s Equiv,EXCLUDING,CTC,2012-12-31,459039,218.8,
ClientBrand,TV,,Rebates,Unclassified,All Adult 30s Equiv,EXCLUDING,CTC,2013-01-07,-19762,0.0,
ClientBrand,TV,,Airtime,Unclassified,All Adult 30s Equiv,EXCLUDING,CTC,2013-01-07,33333.333333333336,13.333333333333334,"Free of Charge, Estimated Ratings"
ClientBrand,TV,,Airtime,Unclassified,All Adult 30s Equiv,EXCLUDING,CTC,2013-01-07,271030,107.8,
ClientBrand,TV,,Rebates,Unclassified,All Adult 30s Equiv,EXCLUDING,CTC,2013-01-14,-19762,0.0,
ClientBrand,TV,,Airtime,Unclassified,All Adult 30s Equiv,EXCLUDING,CTC,2013-01-14,215579,114.8,
ClientBrand,TV,,Rebates,Unclassified,All Adult 30s Equiv,EXCLUDING,CTC,2013-01-21,-19762,0.0,
ClientBrand,TV,,Airtime,Unclassified,All Adult 30s Equiv,EXCLUDING,CTC,2013-01-21,199068,150.1,
ClientBrand,TV,,Rebates,Unclassified,All Adult 30s Equiv,EXCLUDING,CTC,2013-01-28,-19762,0.0,
ClientBrand,TV,,Airtime,Unclassified,All Adult 30s Equiv,EXCLUDING,CTC,2013-01-28,176949,140.4,
ClientBrand,TV,,Rebates,Unclassified,All Adult 30s Equiv,EXCLUDING,CTC,2013-02-04,-20579.5,0.0,
ClientBrand,TV,,Airtime,Unclassified,All Adult 30s Equiv,EXCLUDING,CTC,2013-02-04,227576,107.8,
ClientBrand,TV,,Rebates,Unclassified,All Adult 30s Equiv,EXCLUDING,CTC,2013-02-11,-20579.5,0.0,
ClientBrand,TV,,Airtime,Unclassified,All Adult 30s Equiv,EXCLUDING,CTC,2013-02-11,254444,110.3,
ClientBrand,TV,,Rebates,Unclassified,All Adult 30s Equiv,EXCLUDING,CTC,2013-02-18,-20579.5,0.0,
ClientBrand,TV,,Airtime,Unclassified,All Adult 30s Equiv,EXCLUDING,CTC,2013-02-18,300707,135.7,
ClientBrand,TV,,Rebates,Unclassified,All Adult 30s Equiv,EXCLUDING,CTC,2013-02-25,-20579.5,0.0,
ClientBrand,TV,,Airtime,Unclassified,All Adult 30s Equiv,EXCLUDING,CTC,2013-02-25,312273,139.7,
ClientBrand,TV,,Rebates,Unclassified,All Adult 30s Equiv,EXCLUDING,CTC,2013-03-04,-13250.75,0.0,
ClientBrand,TV,,Rebates,Unclassified,All Adult 30s Equiv,EXCLUDING,CTC,2013-03-11,-13250.75,0.0,
ClientBrand,TV,,Rebates,Unclassified,All Adult 30s Equiv,EXCLUDING,CTC,2013-03-18,-13250.75,0.0,
ClientBrand,TV,,Airtime,Unclassified,All Adult 30s Equiv,EXCLUDING,CTC,2013-03-18,280952,129.6,
ClientBrand,TV,,Rebates,Unclassified,All Adult 30s Equiv,EXCLUDING,CTC,2013-03-25,-13250.75,0.0,
ClientBrand,TV,,Airtime,Unclassified,All Adult 30s Equiv,EXCLUDING,CTC,2013-03-25,306310,128.1,
ClientBrand,TV,,Rebates,Unclassified,All Adult 30s Equiv,EXCLUDING,CTC,2013-04-01,-15918.6,0.0,
ClientBrand,TV,,Airtime,Unclassified,All Adult 30s Equiv,EXCLUDING,CTC,2013-04-01,156908,76.5,
ClientBrand,TV,,Rebates,Unclassified,All Adult 30s Equiv,EXCLUDING,CTC,2013-04-08,-15918.6,0.0,
ClientBrand,TV,,Airtime,Unclassified,All Adult 30s Equiv,EXCLUDING,CTC,2013-04-08,150000,70.9,
ClientBrand,TV,,Rebates,Unclassified,All Adult 30s Equiv,EXCLUDING,CTC,2013-04-15,-15918.6,0.0,
ClientBrand,TV,,Rebates,Unclassified,All Adult 30s Equiv,EXCLUDING,CTC,2013-04-22,-15918.6,0.0,
ClientBrand,TV,,Airtime,Unclassified,All Adult 30s Equiv,EXCLUDING,CTC,2013-04-22,228750,108.0,
ClientBrand,TV,,Rebates,Unclassified,All Adult 30s Equiv,EXCLUDING,CTC,2013-04-29,-15918.6,0.0,
ClientBrand,TV,,Airtime,Unclassified,All Adult 30s Equiv,EXCLUDING,CTC,2013-04-29,228750,107.2,
ClientBrand,TV,,Rebates,Unclassified,All Adult 30s Equiv,EXCLUDING,CTC,2013-05-06,-5673,0.0,
ClientBrand,TV,,Rebates,Unclassified,All Adult 30s Equiv,EXCLUDING,CTC,2013-05-13,-5673,0.0,
ClientBrand,TV,,Rebates,Unclassified,All Adult 30s Equiv,EXCLUDING,CTC,2013-05-20,-5673,0.0,
ClientBrand,TV,,Airtime,Unclassified,All Adult 30s Equiv,EXCLUDING,CTC,2013-05-20,212427,101.7,
ClientBrand,TV,,Rebates,Unclassified,All Adult 30s Equiv,EXCLUDING,CTC,2013-05-27,-5673,0.0,
ClientBrand,TV,,Airtime,Unclassified,All Adult 30s Equiv,EXCLUDING,CTC,2013-05-27,27854,13.3,
ClientBrand,TV,,Rebates,Unclassified,All Adult 30s Equiv,EXCLUDING,CTC,2013-06-03,-15150.5,0.0,
ClientBrand,TV,,Rebates,Unclassified,All Adult 30s Equiv,EXCLUDING,CTC,2013-06-10,-15150.5,0.0,
ClientBrand,TV,,Airtime,Unclassified,All Adult 30s Equiv,EXCLUDING,CTC,2013-06-10,230450,95.5,
ClientBrand,TV,,Rebates,Unclassified,All Adult 30s Equiv,EXCLUDING,CTC,2013-06-17,-15150.5,0.0,
ClientBrand,TV,,Airtime,Unclassified,All Adult 30s Equiv,EXCLUDING,CTC,2013-06-17,108735,55.3,
ClientBrand,TV,,Rebates,Unclassified,All Adult 30s Equiv,EXCLUDING,CTC,2013-06-24,-15150.5,0.0,
ClientBrand,TV,,Airtime,Unclassified,All Adult 30s Equiv,EXCLUDING,CTC,2013-06-24,224535,106.7,
ClientBrand,TV,,Rebates,Unclassified,All Adult 30s Equiv,EXCLUDING,CTC,2013-08-05,-15867.5,0.0,
ClientBrand,TV,,Rebates,Unclassified,All Adult 30s Equiv,EXCLUDING,CTC,2013-08-12,-15867.5,0.0,
ClientBrand,TV,,Airtime,Unclassified,All Adult 30s Equiv,EXCLUDING,CTC,2013-08-12,161082,86.1,
ClientBrand,TV,,Rebates,Unclassified,All Adult 30s Equiv,EXCLUDING,CTC,2013-08-19,-15867.5,0.0,
ClientBrand,TV,,Airtime,Unclassified,All Adult 30s Equiv,EXCLUDING,CTC,2013-08-19,276140,130.9,
ClientBrand,TV,,Rebates,Unclassified,All Adult 30s Equiv,EXCLUDING,CTC,2013-08-26,-15867.5,0.0,
ClientBrand,TV,,Airtime,Unclassified,All Adult 30s Equiv,EXCLUDING,CTC,2013-08-26,161082,76.0,
ClientBrand,TV,,Rebates,Unclassified,All Adult 30s Equiv,EXCLUDING,CTC,2013-09-02,-8990.8,0.0,
ClientBrand,TV,,Airtime,Unclassified,All Adult 30s Equiv,EXCLUDING,CTC,2013-09-02,250068,103.4,
ClientBrand,TV,,Rebates,Unclassified,All Adult 30s Equiv,EXCLUDING,CTC,2013-09-09,-8990.8,0.0,
ClientBrand,TV,,Rebates,Unclassified,All Adult 30s Equiv,EXCLUDING,CTC,2013-09-16,-8990.8,0.0,
ClientBrand,TV,,Rebates,Unclassified,All Adult 30s Equiv,EXCLUDING,CTC,2013-09-23,-8990.8,0.0,
ClientBrand,TV,,Airtime,Unclassified,All Adult 30s Equiv,EXCLUDING,CTC,2013-09-23,174932,69.0,
ClientBrand,TV,,Rebates,Unclassified,All Adult 30s Equiv,EXCLUDING,CTC,2013-09-30,-8990.8,0.0,
ClientBrand,TV,,Airtime,Unclassified,All Adult 30s Equiv,EXCLUDING,CTC,2013-09-30,174043,70.2,
ClientBrand,TV,,Rebates,Unclassified,All Adult 30s Equiv,EXCLUDING,CTC,2013-10-07,-12889.25,0.0,
ClientBrand,TV,,Rebates,Unclassified,All Adult 30s Equiv,EXCLUDING,CTC,2013-10-14,-12889.25,0.0,
ClientBrand,TV,,Rebates,Unclassified,All Adult 30s Equiv,EXCLUDING,CTC,2013-10-21,-12889.25,0.0,
ClientBrand,TV,,Airtime,Unclassified,All Adult 30s Equiv,EXCLUDING,CTC,2013-10-21,198908,70.7,
ClientBrand,TV,,Rebates,Unclassified,All Adult 30s Equiv,EXCLUDING,CTC,2013-10-28,-12889.25,0.0,
ClientBrand,TV,,Airtime,Unclassified,All Adult 30s Equiv,EXCLUDING,CTC,2013-10-28,198908,91.3,
ClientBrand,TV,,Rebates,Unclassified,All Adult 30s Equiv,EXCLUDING,CTC,2013-11-04,-2356,0.0,
ClientBrand,TV,,Rebates,Unclassified,All Adult 30s Equiv,EXCLUDING,CTC,2013-11-11,-2356,0.0,
ClientBrand,TV,,Rebates,Unclassified,All Adult 30s Equiv,EXCLUDING,CTC,2013-11-18,-2356,0.0,
ClientBrand,TV,,Rebates,Unclassified,All Adult 30s Equiv,EXCLUDING,CTC,2013-11-25,-2356,0.0,
ClientBrand,TV,,Rebates,Unclassified,All Adult 30s Equiv,EXCLUDING,CTC,2013-12-23,-53909,0.0,
ClientBrand,TV,,Airtime,Unclassified,All Adult 30s Equiv,EXCLUDING,CTC,2013-12-23,619500,329.9,
ClientBrand,TV,,Rebates,Unclassified,All Adult 30s Equiv,EXCLUDING,CTC,2013-12-30,-10583.8,0.0,
ClientBrand,TV,,Airtime,Unclassified,All Adult 30s Equiv,EXCLUDING,CTC,2013-12-30,433780,159.3,
ClientBrand,TV,,Rebates,Unclassified,All Adult 30s Equiv,EXCLUDING,CTC,2014-01-06,-10583.8,0.0,
ClientBrand,TV,,Rebates,Unclassified,All Adult 30s Equiv,EXCLUDING,CTC,2014-01-13,-10583.8,0.0,
ClientBrand,TV,,Rebates,Unclassified,All Adult 30s Equiv,EXCLUDING,CTC,2014-01-20,-10583.8,0.0,
ClientBrand,TV,,Airtime,Unclassified,All Adult 30s Equiv,EXCLUDING,CTC,2014-01-20,232586,115.4,
ClientBrand,TV,,Rebates,Unclassified,All Adult 30s Equiv,EXCLUDING,CTC,2014-01-27,-10583.8,0.0,
ClientBrand,TV,,Airtime,Unclassified,All Adult 30s Equiv,EXCLUDING,CTC,2014-01-27,209327,94.5,
ClientBrand,TV,,Rebates,Unclassified,All Adult 30s Equiv,EXCLUDING,CTC,2014-02-03,-8464.75,0.0,
ClientBrand,TV,,Rebates,Unclassified,All Adult 30s Equiv,EXCLUDING,CTC,2014-02-10,-8464.75,0.0,
ClientBrand,TV,,Rebates,Unclassified,All Adult 30s Equiv,EXCLUDING,CTC,2014-02-17,-8464.75,0.0,
ClientBrand,TV,,Airtime,Unclassified,All Adult 30s Equiv,EXCLUDING,CTC,2014-02-17,243000,80.6,
ClientBrand,TV,,Rebates,Unclassified,All Adult 30s Equiv,EXCLUDING,CTC,2014-02-24,-8464.75,0.0,
ClientBrand,TV,,Airtime,Unclassified,All Adult 30s Equiv,EXCLUDING,CTC,2014-02-24,207000,97.6,
ClientBrand,TV,,Rebates,Unclassified,All Adult 30s Equiv,EXCLUDING,CTC,2014-03-03,-1038.75,0.0,
ClientBrand,TV,,Rebates,Unclassified,All Adult 30s Equiv,EXCLUDING,CTC,2014-03-10,-1038.75,0.0,
ClientBrand,TV,,Rebates,Unclassified,All Adult 30s Equiv,EXCLUDING,CTC,2014-03-17,-1038.75,0.0,
ClientBrand,TV,,Rebates,Unclassified,All Adult 30s Equiv,EXCLUDING,CTC,2014-03-24,-1038.75,0.0,
ClientBrand,TV,,Rebates,Unclassified,All Adult 30s Equiv,EXCLUDING,CTC,2014-04-07,-20358,0.0,
ClientBrand,TV,,Airtime,Unclassified,All Adult 30s Equiv,EXCLUDING,CTC,2014-04-07,185000,48.6,
ClientBrand,TV,,Rebates,Unclassified,All Adult 30s Equiv,EXCLUDING,CTC,2014-04-14,-20358,0.0,
ClientBrand,TV,,Airtime,Unclassified,All Adult 30s Equiv,EXCLUDING,CTC,2014-04-14,450000,140.5,
ClientBrand,TV,,Rebates,Unclassified,All Adult 30s Equiv,EXCLUDING,CTC,2014-04-21,-20358,0.0,
ClientBrand,TV,,Airtime,Unclassified,All Adult 30s Equiv,EXCLUDING,CTC,2014-04-21,390000,157.8,
ClientBrand,TV,,Rebates,Unclassified,All Adult 30s Equiv,EXCLUDING,CTC,2014-04-28,-20358,0.0,
ClientBrand,TV,,Airtime,Unclassified,All Adult 30s Equiv,EXCLUDING,CTC,2014-04-28,360000,127.2,
ClientBrand,TV,,Rebates,Unclassified,All Adult 30s Equiv,EXCLUDING,CTC,2014-05-05,-18229.75,0.0,
ClientBrand,TV,,Rebates,Unclassified,All Adult 30s Equiv,EXCLUDING,CTC,2014-05-12,-18229.75,0.0,
ClientBrand,TV,,Rebates,Unclassified,All Adult 30s Equiv,EXCLUDING,CTC,2014-05-19,-18229.75,0.0,
ClientBrand,TV,,Airtime,Unclassified,All Adult 30s Equiv,EXCLUDING,CTC,2014-05-19,450000,130.2,
ClientBrand,TV,,Rebates,Unclassified,All Adult 30s Equiv,EXCLUDING,CTC,2014-05-26,-18229.75,0.0,
ClientBrand,TV,,Airtime,Unclassified,All Adult 30s Equiv,EXCLUDING,CTC,2014-05-26,250000,87.0,
ClientBrand,TV,,Rebates,Unclassified,All Adult 30s Equiv,EXCLUDING,CTC,2014-06-02,-9808,0.0,
ClientBrand,TV,,Rebates,Unclassified,All Adult 30s Equiv,EXCLUDING,CTC,2014-06-09,-9808,0.0,
ClientBrand,TV,,Rebates,Unclassified,All Adult 30s Equiv,EXCLUDING,CTC,2014-06-16,-9809,0.0,
ClientBrand,TV,,Airtime,Unclassified,All Adult 30s Equiv,EXCLUDING,CTC,2014-06-16,150000,73.1,
ClientBrand,TV,,Rebates,Unclassified,All Adult 30s Equiv,EXCLUDING,CTC,2014-06-23,-9810,0.0,
ClientBrand,TV,,Airtime,Unclassified,All Adult 30s Equiv,EXCLUDING,CTC,2014-06-23,380000,170.0,
ClientBrand,TV,,Rebates,Unclassified,All Adult 30s Equiv,EXCLUDING,CTC,2014-06-30,-10808,0.0,
ClientBrand,TV,,Rebates,Unclassified,All Adult 30s Equiv,EXCLUDING,CTC,2014-07-07,-10808,0.0,
ClientBrand,TV,,Rebates,Unclassified,All Adult 30s Equiv,EXCLUDING,CTC,2014-07-14,-10808,0.0,
ClientBrand,TV,,Airtime,Unclassified,All Adult 30s Equiv,EXCLUDING,CTC,2014-07-14,337500,161.8,
ClientBrand,TV,,Rebates,Unclassified,All Adult 30s Equiv,EXCLUDING,CTC,2014-07-21,-10809,0.0,
ClientBrand,TV,,Airtime,Unclassified,All Adult 30s Equiv,EXCLUDING,CTC,2014-07-21,392500,153.7,
ClientBrand,TV,,Rebates,Unclassified,All Adult 30s Equiv,EXCLUDING,CTC,2014-07-28,-10808,0.0,
ClientBrand,TV,,Rebates,Unclassified,All Adult 30s Equiv,EXCLUDING,CTC,2014-08-18,-32000,0.0,
ClientBrand,TV,,Airtime,Unclassified,All Adult 30s Equiv,EXCLUDING,CTC,2014-08-18,468395,157.6,
ClientBrand,TV,,Rebates,Unclassified,All Adult 30s Equiv,EXCLUDING,CTC,2014-09-08,-38112,0.0,
ClientBrand,TV,,Airtime,Unclassified,All Adult 30s Equiv,EXCLUDING,CTC,2014-09-08,463870,151.2,
ClientBrand,TV,,Rebates,Unclassified,All Adult 30s Equiv,EXCLUDING,CTC,2014-10-06,-35485.5,0.0,
ClientBrand,TV,,Airtime,Unclassified,All Adult 30s Equiv,EXCLUDING,CTC,2014-10-06,450302,146.6,
ClientBrand,TV,,Rebates,Unclassified,All Adult 30s Equiv,EXCLUDING,CTC,2014-10-20,-35485.5,0.0,
ClientBrand,TV,,Airtime,Unclassified,All Adult 30s Equiv,EXCLUDING,CTC,2014-10-27,508382,157.2,
ClientBrand,TV,,Rebates,Unclassified,All Adult 30s Equiv,EXCLUDING,CTC,2014-12-22,-57660,0.0,
ClientBrand,TV,,Airtime,Unclassified,All Adult 30s Equiv,EXCLUDING,CTC,2014-12-22,499735,220.6,
ClientBrand,TV,,Rebates,Unclassified,All Adult 30s Equiv,EXCLUDING,CTC,2014-12-29,-24859,0.0,
ClientBrand,TV,,Airtime,Unclassified,All Adult 30s Equiv,EXCLUDING,CTC,2014-12-29,619449,141.8,
ClientBrand,TV,,Rebates,Unclassified,All Adult 30s Equiv,EXCLUDING,CTC,2015-01-12,-24859,0.0,
ClientBrand,TV,,Airtime,Unclassified,All Adult 30s Equiv,EXCLUDING,CTC,2015-01-12,321058,132.4,
ClientBrand,TV,,Rebates,Unclassified,All Adult 30s Equiv,EXCLUDING,CTC,2015-01-26,-24861,0.0,
ClientBrand,TV,,Airtime,Unclassified,All Adult 30s Equiv,EXCLUDING,CTC,2015-01-26,375580,139.7,
ClientBrand,TV,,Rebates,Unclassified,All Adult 30s Equiv,EXCLUDING,CTC,2015-02-16,-16875.66958573094,0.0,
ClientBrand,TV,,Airtime,Unclassified,All Adult 30s Equiv,EXCLUDING,CTC,2015-02-16,315514,116.3,
ClientBrand,TV,,Rebates,Unclassified,All Adult 30s Equiv,EXCLUDING,CTC,2015-02-23,-21670.76791426906,0.0,
ClientBrand,TV,,Airtime,Unclassified,All Adult 30s Equiv,EXCLUDING,CTC,2015-02-23,405165,152.7,
ClientBrand,TV,,Rebates,Unclassified,All Adult 30s Equiv,EXCLUDING,CTC,2015-03-23,-26709.465000000026,0.0,
ClientBrand,TV,,Airtime,Unclassified,All Adult 30s Equiv,EXCLUDING,CTC,2015-03-23,424890,136.4,
ClientBrand,TV,,Rebates,Unclassified,All Adult 30s Equiv,EXCLUDING,CTC,2015-03-30,-40908.91337898129,0.0,
ClientBrand,TV,,Airtime,Unclassified,All Adult 30s Equiv,EXCLUDING,CTC,2015-03-30,656488,193.2,
ClientBrand,TV,,Rebates,Unclassified,All Adult 30s Equiv,EXCLUDING,CTC,2015-04-06,-35519.43162101868,0.0,
ClientBrand,TV,,Airtime,Unclassified,All Adult 30s Equiv,EXCLUDING,CTC,2015-04-06,570000,201.5,
ClientBrand,TV,,Rebates,Unclassified,All Adult 30s Equiv,EXCLUDING,CTC,2015-04-27,-33129.982499999925,0.0,
ClientBrand,TV,,Airtime,Unclassified,All Adult 30s Equiv,EXCLUDING,CTC,2015-04-27,526500,152.9,
ClientBrand,TV,,Rebates,Unclassified,All Adult 30s Equiv,EXCLUDING,CTC,2015-05-18,-33350.23874999996,0.0,
ClientBrand,TV,,Airtime,Unclassified,All Adult 30s Equiv,EXCLUDING,CTC,2015-05-18,530000,163.7,
ClientBrand,TV,,Rebates,Unclassified,All Adult 30s Equiv,EXCLUDING,CTC,2015-06-15,-19695.498750000028,0.0,
ClientBrand,TV,,Airtime,Unclassified,All Adult 30s Equiv,EXCLUDING,CTC,2015-06-15,313000,125.5,
ClientBrand,TV,,Rebates,Unclassified,All Adult 30s Equiv,EXCLUDING,CTC,2015-06-22,-22652.98875000002,0.0,
ClientBrand,TV,,Airtime,Unclassified,All Adult 30s Equiv,EXCLUDING,CTC,2015-06-22,360000,145.6,
ClientBrand,TV,,Rebates,Unclassified,All Adult 30s Equiv,EXCLUDING,CTC,2015-07-13,-16266.131249999977,0.0,
ClientBrand,TV,,Airtime,Unclassified,All Adult 30s Equiv,EXCLUDING,CTC,2015-07-13,258000,122.3,
ClientBrand,TV,,Rebates,Unclassified,All Adult 30s Equiv,EXCLUDING,CTC,2015-07-20,-16266.131249999977,0.0,
ClientBrand,TV,,Airtime,Unclassified,All Adult 30s Equiv,EXCLUDING,CTC,2015-07-20,258000,142.9,
ClientBrand,TV,,Rebates,Unclassified,All Adult 30s Equiv,EXCLUDING,CTC,2015-08-10,-31339.244999999937,0.0,
ClientBrand,TV,,Airtime,Unclassified,All Adult 30s Equiv,EXCLUDING,CTC,2015-08-10,512000,197.3,
ClientBrand,TV,,Rebates,Unclassified,All Adult 30s Equiv,EXCLUDING,CTC,2015-08-17,-15882.292499999981,0.0,
ClientBrand,TV,,Airtime,Unclassified,All Adult 30s Equiv,EXCLUDING,CTC,2015-08-17,296493,105.1,
ClientBrand,TV,,Rebates,Unclassified,All Adult 30s Equiv,EXCLUDING,CTC,2015-08-24,-27280.027500000026,0.0,
ClientBrand,TV,,Airtime,Unclassified,All Adult 30s Equiv,EXCLUDING,CTC,2015-08-24,372507,128.1,
ClientBrand,TV,,Rebates,Unclassified,All Adult 30s Equiv,EXCLUDING,CTC,2015-09-07,-23722.713749999995,0.0,
ClientBrand,TV,,Airtime,Unclassified,All Adult 30s Equiv,EXCLUDING,CTC,2015-09-07,378193,126.7,
ClientBrand,TV,,Rebates,Unclassified,All Adult 30s Equiv,EXCLUDING,CTC,2015-09-14,-24928.672499999986,0.0,
ClientBrand,TV,,Airtime,Unclassified,All Adult 30s Equiv,EXCLUDING,CTC,2015-09-14,376614,121.9,
ClientBrand,TV,,Rebates,Unclassified,All Adult 30s Equiv,EXCLUDING,CTC,2015-09-21,-23722.713749999995,0.0,
ClientBrand,TV,,Airtime,Unclassified,All Adult 30s Equiv,EXCLUDING,CTC,2015-09-21,378193,106.1,
ClientBrand,TV,,Rebates,Unclassified,All Adult 30s Equiv,EXCLUDING,CTC,2015-10-05,-23405.621250000026,0.0,
ClientBrand,TV,,Airtime,Unclassified,All Adult 30s Equiv,EXCLUDING,CTC,2015-10-05,365365,114.0,
ClientBrand,TV,,Rebates,Unclassified,All Adult 30s Equiv,EXCLUDING,CTC,2015-10-26,-23405.621250000026,0.0,
ClientBrand,TV,,Airtime,Unclassified,All Adult 30s Equiv,EXCLUDING,CTC,2015-10-26,365365,131.3,
ClientBrand,TV,,Rebates,Unclassified,All Adult 30s Equiv,EXCLUDING,CTC,2015-11-02,-23241.401249999995,0.0,
ClientBrand,TV,,Airtime,Unclassified,All Adult 30s Equiv,EXCLUDING,CTC,2015-11-02,365365,117.3,
ClientBrand,TV,,Airtime,Unclassified,All Adult 30s Equiv,EXCLUDING,CTC,2015-11-23,3683,1.4,
ClientBrand,TV,,Airtime,Unclassified,All Adult 30s Equiv,EXCLUDING,CTC,2015-11-30,11850,6.7,
ClientBrand,TV,,Rebates,Unclassified,All Adult 30s Equiv,EXCLUDING,CTC,2015-12-07,-892.5,0.0,
ClientBrand,TV,,Airtime,Unclassified,All Adult 30s Equiv,EXCLUDING,CTC,2015-12-07,16014,15.9,
ClientBrand,TV,,Rebates,Unclassified,All Adult 30s Equiv,EXCLUDING,CTC,2015-12-14,-11181.23999999999,0.0,
ClientBrand,TV,,Airtime,Unclassified,All Adult 30s Equiv,EXCLUDING,CTC,2015-12-14,179431,62.2,
ClientBrand,TV,,Rebates,Unclassified,All Adult 30s Equiv,EXCLUDING,CTC,2015-12-21,-58378.29749999987,0.0,
ClientBrand,TV,,Airtime,Unclassified,All Adult 30s Equiv,EXCLUDING,CTC,2015-12-21,917079,373.1,
ClientBrand,TV,,Rebates,Unclassified,All Adult 30s Equiv,EXCLUDING,CTC,2015-12-28,-41070.36375000002,0.0,
ClientBrand,TV,,Airtime,Unclassified,All Adult 30s Equiv,EXCLUDING,CTC,2015-12-28,645000,112.2,
ClientBrand,TV,,Rebates,Unclassified,All Adult 30s Equiv,EXCLUDING,CTC,2016-01-04,-20199.587170000003,0.0,
ClientBrand,TV,,Airtime,Unclassified,All Adult 30s Equiv,EXCLUDING,CTC,2016-01-04,317252.33967,122.32,
ClientBrand,TV,,Rebates,Unclassified,All Adult 30s Equiv,EXCLUDING,CTC,2016-01-11,-20581.9153,0.0,
ClientBrand,TV,,Airtime,Unclassified,All Adult 30s Equiv,EXCLUDING,CTC,2016-01-11,323257.14029999997,114.24,
ClientBrand,TV,,Rebates,Unclassified,All Adult 30s Equiv,EXCLUDING,CTC,2016-01-18,-20199.587170000003,0.0,
ClientBrand,TV,,Airtime,Unclassified,All Adult 30s Equiv,EXCLUDING,CTC,2016-01-18,317252.33967,106.76,
ClientBrand,TV,,Rebates,Unclassified,All Adult 30s Equiv,EXCLUDING,CTC,2016-01-25,-20581.9153,0.0,
ClientBrand,TV,,Airtime,Unclassified,All Adult 30s Equiv,EXCLUDING,CTC,2016-01-25,323257.14029999997,112.18,
ClientBrand,TV,,Rebates,Unclassified,All Adult 30s Equiv,EXCLUDING,CTC,2016-02-08,-20964.24343,0.0,
ClientBrand,TV,,Airtime,Unclassified,All Adult 30s Equiv,EXCLUDING,CTC,2016-02-08,329261.9409299999,131.81,
ClientBrand,TV,,Airtime,Unclassified,All Adult 30s Equiv,EXCLUDING,CTC,2016-02-15,Free of charge,4.01,
ClientBrand,TV,,Rebates,Unclassified,All Adult 30s Equiv,EXCLUDING,CTC,2016-02-22,-20964.24343,0.0,
ClientBrand,TV,,Airtime,Unclassified,All Adult 30s Equiv,EXCLUDING,CTC,2016-02-22,329261.9409299999,141.46,
ClientBrand,TV,,Airtime,Unclassified,All Adult 30s Equiv,EXCLUDING,CTC,2016-03-07,Free of charge,0.78,
ClientBrand,TV,,Rebates,Unclassified,All Adult 30s Equiv,EXCLUDING,CTC,2016-03-14,-25479.447765,0.0,
ClientBrand,TV,,Airtime,Unclassified,All Adult 30s Equiv,EXCLUDING,CTC,2016-03-14,400177.209015,138.65,
ClientBrand,TV,,Rebates,Unclassified,All Adult 30s Equiv,EXCLUDING,CTC,2016-03-21,-36899.078765,0.0,
ClientBrand,TV,,Airtime,Unclassified,All Adult 30s Equiv,EXCLUDING,CTC,2016-03-21,579532.590015,175.45,
ClientBrand,TV,,Rebates,Unclassified,All Adult 30s Equiv,EXCLUDING,CTC,2016-03-28,-25871.40019,0.0,
ClientBrand,TV,,Airtime,Unclassified,All Adult 30s Equiv,EXCLUDING,CTC,2016-03-28,406333.16769,158.83,
ClientBrand,TV,,Rebates,Unclassified,All Adult 30s Equiv,EXCLUDING,CTC,2016-04-04,-23984.399680000002,0.0,
ClientBrand,TV,,Airtime,Unclassified,All Adult 30s Equiv,EXCLUDING,CTC,2016-04-04,376696.15968000004,112.22,
ClientBrand,TV,,Airtime,Unclassified,All Adult 30s Equiv,EXCLUDING,CTC,2016-04-11,Free of charge,1.41,
ClientBrand,TV,,Airtime,Unclassified,All Adult 30s Equiv,EXCLUDING,CTC,2016-04-18,Free of charge,1.35,
ClientBrand,TV,,Rebates,Unclassified,All Adult 30s Equiv,EXCLUDING,CTC,2016-04-25,-29010.309600000004,0.0,
ClientBrand,TV,,Airtime,Unclassified,All Adult 30s Equiv,EXCLUDING,CTC,2016-04-25,455632.5096,175.15,
ClientBrand,TV,,Rebates,Unclassified,All Adult 30s Equiv,EXCLUDING,CTC,2016-05-09,-22438.272800000002,0.0,
ClientBrand,TV,,Airtime,Unclassified,All Adult 30s Equiv,EXCLUDING,CTC,2016-05-09,352412.8728,111.81,
ClientBrand,TV,,Airtime,Unclassified,All Adult 30s Equiv,EXCLUDING,CTC,2016-05-16,Free of charge,1.98,
ClientBrand,TV,,Rebates,Unclassified,All Adult 30s Equiv,EXCLUDING,CTC,2016-05-23,-25476.3938,0.0,
ClientBrand,TV,,Airtime,Unclassified,All Adult 30s Equiv,EXCLUDING,CTC,2016-05-23,400129.2438,139.25,
ClientBrand,TV,,Rebates,Unclassified,All Adult 30s Equiv,EXCLUDING,CTC,2016-05-30,-20988.771200000003,0.0,
ClientBrand,TV,,Airtime,Unclassified,All Adult 30s Equiv,EXCLUDING,CTC,2016-05-30,329647.17120000004,121.99,
ClientBrand,TV,,Airtime,Unclassified,All Adult 30s Equiv,EXCLUDING,CTC,2016-06-13,Free of charge,1.61,
ClientBrand,TV,,Rebates,Unclassified,All Adult 30s Equiv,EXCLUDING,CTC,2016-06-20,-19510.269300000004,0.0,
ClientBrand,TV,,Airtime,Unclassified,All Adult 30s Equiv,EXCLUDING,CTC,2016-06-20,306425.9943,179.11,
ClientBrand,TV,,Rebates,Unclassified,All Adult 30s Equiv,EXCLUDING,CTC,2016-06-27,-12471.546800000002,0.0,
ClientBrand,TV,,Airtime,Unclassified,All Adult 30s Equiv,EXCLUDING,CTC,2016-06-27,195876.64680000002,149.19,
ClientBrand,TV,,Rebates,Unclassified,All Adult 30s Equiv,EXCLUDING,CTC,2016-07-04,-16892.5736,0.0,
ClientBrand,TV,,Airtime,Unclassified,All Adult 30s Equiv,EXCLUDING,CTC,2016-07-04,265312.77359999996,130.46,
ClientBrand,TV,,Rebates,Unclassified,All Adult 30s Equiv,EXCLUDING,CTC,2016-07-11,-9541.9929,0.0,
ClientBrand,TV,,Airtime,Unclassified,All Adult 30s Equiv,EXCLUDING,CTC,2016-07-11,149865.4179,89.64,
ClientBrand,TV,,Rebates,Unclassified,All Adult 30s Equiv,EXCLUDING,CTC,2016-07-18,-16884.4697,0.0,
ClientBrand,TV,,Airtime,Unclassified,All Adult 30s Equiv,EXCLUDING,CTC,2016-07-18,265185.49470000004,116.77,
ClientBrand,TV,,Rebates,Unclassified,All Adult 30s Equiv,EXCLUDING,CTC,2016-07-25,-9558.205800000002,0.0,
ClientBrand,TV,,Airtime,Unclassified,All Adult 30s Equiv,EXCLUDING,CTC,2016-07-25,150120.0558,57.62,
ClientBrand,TV,,Rebates,Unclassified,All Adult 30s Equiv,EXCLUDING,CTC,2016-08-01,-22794.2579,0.0,
ClientBrand,TV,,Airtime,Unclassified,All Adult 30s Equiv,EXCLUDING,CTC,2016-08-01,358003.9329,135.39,
ClientBrand,TV,,Rebates,Unclassified,All Adult 30s Equiv,EXCLUDING,CTC,2016-08-08,-11967.836800000001,0.0,
ClientBrand,TV,,Airtime,Unclassified,All Adult 30s Equiv,EXCLUDING,CTC,2016-08-08,187965.4368,58.77,
ClientBrand,TV,,Rebates,Unclassified,All Adult 30s Equiv,EXCLUDING,CTC,2016-08-15,-22794.2579,0.0,
ClientBrand,TV,,Airtime,Unclassified,All Adult 30s Equiv,EXCLUDING,CTC,2016-08-15,358003.9329,116.55,
ClientBrand,TV,,Rebates,Unclassified,All Adult 30s Equiv,EXCLUDING,CTC,2016-08-22,-25840.5236,0.0,
ClientBrand,TV,,Airtime,Unclassified,All Adult 30s Equiv,EXCLUDING,CTC,2016-08-22,405848.22359999997,118.63,
ClientBrand,TV,,Airtime,Unclassified,All Adult 30s Equiv,EXCLUDING,CTC,2016-09-05,Free of charge,2.51,
ClientBrand,TV,,Rebates,Unclassified,All Adult 30s Equiv,EXCLUDING,CTC,2016-09-12,-23961.989599999997,0.0,
ClientBrand,TV,,Airtime,Unclassified,All Adult 30s Equiv,EXCLUDING,CTC,2016-09-12,376344.1895999999,107.6,
ClientBrand,TV,,Rebates,Unclassified,All Adult 30s Equiv,EXCLUDING,CTC,2016-09-19,-23961.989599999997,0.0,
ClientBrand,TV,,Airtime,Unclassified,All Adult 30s Equiv,EXCLUDING,CTC,2016-09-19,376344.1895999999,101.54,
ClientBrand,TV,,Airtime,Unclassified,All Adult 30s Equiv,EXCLUDING,CTC,2016-09-26,Free of charge,2.76,
ClientBrand,TV,,Rebates,Unclassified,All Adult 30s Equiv,EXCLUDING,CTC,2016-10-10,-22698.4816,0.0,
ClientBrand,TV,,Airtime,Unclassified,All Adult 30s Equiv,EXCLUDING,CTC,2016-10-10,356499.68159999995,116.87,
ClientBrand,TV,,Airtime,Unclassified,All Adult 30s Equiv,EXCLUDING,CTC,2016-10-17,Free of charge,2.39,
ClientBrand,TV,,Rebates,Unclassified,All Adult 30s Equiv,EXCLUDING,CTC,2016-10-24,-22698.4816,0.0,
ClientBrand,TV,,Airtime,Unclassified,All Adult 30s Equiv,EXCLUDING,CTC,2016-10-24,356499.68159999995,125.29,
ClientBrand,TV,,Rebates,Unclassified,All Adult 30s Equiv,EXCLUDING,CTC,2016-11-07,-20194.475100000003,0.0,
ClientBrand,TV,,Airtime,Unclassified,All Adult 30s Equiv,EXCLUDING,CTC,2016-11-07,317172.0501,121.51,
ClientBrand,TV,,Rebates,Unclassified,All Adult 30s Equiv,EXCLUDING,CTC,2016-11-28,-4780.7825,0.0,
ClientBrand,TV,,Airtime,Unclassified,All Adult 30s Equiv,EXCLUDING,CTC,2016-11-28,75086.4075,25.44,
ClientBrand,TV,,Rebates,Unclassified,All Adult 30s Equiv,EXCLUDING,CTC,2016-12-05,-4780.7825,0.0,
ClientBrand,TV,,Airtime,Unclassified,All Adult 30s Equiv,EXCLUDING,CTC,2016-12-05,75086.4075,17.76,
ClientBrand,TV,,Rebates,Unclassified,All Adult 30s Equiv,EXCLUDING,CTC,2016-12-12,-6270.0301,0.0,
ClientBrand,TV,,Airtime,Unclassified,All Adult 30s Equiv,EXCLUDING,CTC,2016-12-12,98476.3551,53.32,
ClientBrand,TV,,Rebates,Unclassified,All Adult 30s Equiv,EXCLUDING,CTC,2016-12-19,-67691.79,0.0,
ClientBrand,TV,,Airtime,Unclassified,All Adult 30s Equiv,EXCLUDING,CTC,2016-12-19,1063159.2899999998,427.45,
ClientBrand,TV,,Rebates,Unclassified,All Adult 30s Equiv,EXCLUDING,CTC,2016-12-26,70040,0.0,
ClientBrand,TV,,Airtime,Unclassified,All Adult 30s Equiv,EXCLUDING,CTC,2016-12-26,959960,407.11999999999995,
ClientBrand,TV,,Heart TV,Unclassified,All Adult 30s Equiv,EXCLUDING,CTC,2017-01-02,Free of charge,0.5,
ClientBrand,TV,,Rebates,Unclassified,All Adult 30s Equiv,EXCLUDING,CTC,2017-01-02,-19920.5966,0.0,
ClientBrand,TV,,Airtime,Unclassified,All Adult 30s Equiv,EXCLUDING,CTC,2017-01-02,312870.5466,127.55,
ClientBrand,TV,,Heart TV,Unclassified,All Adult 30s Equiv,EXCLUDING,CTC,2017-01-09,Free of charge,0.5,
ClientBrand,TV,,Rebates,Unclassified,All Adult 30s Equiv,EXCLUDING,CTC,2017-01-09,-19878.1799,0.0,
ClientBrand,TV,,Airtime,Unclassified,All Adult 30s Equiv,EXCLUDING,CTC,2017-01-09,312204.3549,114.49,
ClientBrand,TV,,Heart TV,Unclassified,All Adult 30s Equiv,EXCLUDING,CTC,2017-01-16,Free of charge,0.5,
ClientBrand,TV,,Rebates,Unclassified,All Adult 30s Equiv,EXCLUDING,CTC,2017-01-16,-19878.1799,0.0,
ClientBrand,TV,,Airtime,Unclassified,All Adult 30s Equiv,EXCLUDING,CTC,2017-01-16,312204.3549,135.33,
ClientBrand,TV,,Heart TV,Unclassified,All Adult 30s Equiv,EXCLUDING,CTC,2017-01-23,Free of charge,0.6,
ClientBrand,TV,,Rebates,Unclassified,All Adult 30s Equiv,EXCLUDING,CTC,2017-01-23,-19878.1799,0.0,
ClientBrand,TV,,Airtime,Unclassified,All Adult 30s Equiv,EXCLUDING,CTC,2017-01-23,312204.3549,108.52,
ClientBrand,TV,,Heart TV,Unclassified,All Adult 30s Equiv,EXCLUDING,CTC,2017-01-30,Free of charge,0.3,
ClientBrand,TV,,Airtime,Unclassified,All Adult 30s Equiv,EXCLUDING,CTC,2017-01-30,165000,123.32,
ClientBrand,TV,,Heart TV,Unclassified,All Adult 30s Equiv,EXCLUDING,CTC,2017-02-06,Free of charge,0.3,
ClientBrand,TV,,Airtime,Unclassified,All Adult 30s Equiv,EXCLUDING,CTC,2017-02-06,288000,133.79,
ClientBrand,TV,,Heart TV,Unclassified,All Adult 30s Equiv,EXCLUDING,CTC,2017-02-13,Free of charge,0.3,
ClientBrand,TV,,Airtime,Unclassified,All Adult 30s Equiv,EXCLUDING,CTC,2017-02-13,165000,110.72,
ClientBrand,TV,,Heart TV,Unclassified,All Adult 30s Equiv,EXCLUDING,CTC,2017-02-20,Free of charge,0.3,
ClientBrand,TV,,Airtime,Unclassified,All Adult 30s Equiv,EXCLUDING,CTC,2017-02-20,347000,121.36,
ClientBrand,TV,,Heart TV,Unclassified,All Adult 30s Equiv,EXCLUDING,CTC,2017-02-27,Free of charge,0.3,
ClientBrand,TV,,Heart TV,Unclassified,All Adult 30s Equiv,EXCLUDING,CTC,2017-03-06,Free of charge,0.5,
ClientBrand,TV,,Airtime,Unclassified,All Adult 30s Equiv,EXCLUDING,CTC,2017-03-06,Free of charge,1.57,
ClientBrand,TV,,Heart TV,Unclassified,All Adult 30s Equiv,EXCLUDING,CTC,2017-03-13,Free of charge,0.5,
ClientBrand,TV,,Airtime,Unclassified,All Adult 30s Equiv,EXCLUDING,CTC,2017-03-13,310000,119.35,
ClientBrand,TV,,Heart TV,Unclassified,All Adult 30s Equiv,EXCLUDING,CTC,2017-03-20,Free of charge,0.5,
ClientBrand,TV,,Airtime,Unclassified,All Adult 30s Equiv,EXCLUDING,CTC,2017-03-20,265000,92.36,
ClientBrand,TV,,Heart TV,Unclassified,All Adult 30s Equiv,EXCLUDING,CTC,2017-03-27,Free of charge,0.6,
ClientBrand,TV,,Airtime,Unclassified,All Adult 30s Equiv,EXCLUDING,CTC,2017-03-27,Free of charge,2.39,
ClientBrand,TV,,Heart TV,Unclassified,All Adult 30s Equiv,EXCLUDING,CTC,2017-04-03,Free of charge,0.6,
ClientBrand,TV,,Airtime,Unclassified,All Adult 30s Equiv,EXCLUDING,CTC,2017-04-03,377000,166.54,
ClientBrand,TV,,Heart TV,Unclassified,All Adult 30s Equiv,EXCLUDING,CTC,2017-04-10,Free of charge,0.6,
ClientBrand,TV,,Airtime,Unclassified,All Adult 30s Equiv,EXCLUDING,CTC,2017-04-10,390000,159.08,
ClientBrand,TV,,Heart TV,Unclassified,All Adult 30s Equiv,EXCLUDING,CTC,2017-04-17,Free of charge,0.6,
ClientBrand,TV,,Airtime,Unclassified,All Adult 30s Equiv,EXCLUDING,CTC,2017-04-17,339000,135.52,
ClientBrand,TV,,Heart TV,Unclassified,All Adult 30s Equiv,EXCLUDING,CTC,2017-04-24,Free of charge,0.6,
ClientBrand,TV,,Airtime,Unclassified,All Adult 30s Equiv,EXCLUDING,CTC,2017-04-24,339000,117.26,
ClientBrand,TV,,Heart TV,Unclassified,All Adult 30s Equiv,EXCLUDING,CTC,2017-05-01,Free of charge,0.4,
ClientBrand,TV,,Airtime,Unclassified,All Adult 30s Equiv,EXCLUDING,CTC,2017-05-01,105000,59.18,
ClientBrand,TV,,Heart TV,Unclassified,All Adult 30s Equiv,EXCLUDING,CTC,2017-05-08,Free of charge,0.4,
ClientBrand,TV,,Airtime,Unclassified,All Adult 30s Equiv,EXCLUDING,CTC,2017-05-08,295000,123.16,
ClientBrand,TV,,Heart TV,Unclassified,All Adult 30s Equiv,EXCLUDING,CTC,2017-05-15,Free of charge,0.4,
ClientBrand,TV,,Airtime,Unclassified,All Adult 30s Equiv,EXCLUDING,CTC,2017-05-15,120000,64.93,
ClientBrand,TV,,Heart TV,Unclassified,All Adult 30s Equiv,EXCLUDING,CTC,2017-05-22,Free of charge,0.4,
ClientBrand,TV,,Airtime,Unclassified,All Adult 30s Equiv,EXCLUDING,CTC,2017-05-22,349000,112.9,
ClientBrand,TV,,Heart TV,Unclassified,All Adult 30s Equiv,EXCLUDING,CTC,2017-05-29,Free of charge,0.2,
ClientBrand,TV,,Airtime,Unclassified,All Adult 30s Equiv,EXCLUDING,CTC,2017-05-29,Free of charge,1.61,
ClientBrand,TV,,Heart TV,Unclassified,All Adult 30s Equiv,EXCLUDING,CTC,2017-06-05,Free of charge,0.3,
ClientBrand,TV,,Heart TV,Unclassified,All Adult 30s Equiv,EXCLUDING,CTC,2017-06-12,Free of charge,0.3,
ClientBrand,TV,,Airtime,Unclassified,All Adult 30s Equiv,EXCLUDING,CTC,2017-06-12,297000,102.94,
ClientBrand,TV,,Heart TV,Unclassified,All Adult 30s Equiv,EXCLUDING,CTC,2017-06-19,Free of charge,0.3,
ClientBrand,TV,,Airtime,Unclassified,All Adult 30s Equiv,EXCLUDING,CTC,2017-06-19,Free of charge,2.17,
ClientBrand,TV,,Heart TV,Unclassified,All Adult 30s Equiv,EXCLUDING,CTC,2017-06-26,Free of charge,0.2,
ClientBrand,TV,,Airtime,Unclassified,All Adult 30s Equiv,EXCLUDING,CTC,2017-06-26,135000,59.53,
ClientBrand,TV,,Heart TV,Unclassified,All Adult 30s Equiv,EXCLUDING,CTC,2017-07-03,Free of charge,0.1,
ClientBrand,TV,,Airtime,Unclassified,All Adult 30s Equiv,EXCLUDING,CTC,2017-07-03,204000,83.54,
ClientBrand,TV,,Heart TV,Unclassified,All Adult 30s Equiv,EXCLUDING,CTC,2017-07-10,Free of charge,0.1,
ClientBrand,TV,,Airtime,Unclassified,All Adult 30s Equiv,EXCLUDING,CTC,2017-07-10,135000,56.98,
ClientBrand,TV,,Heart TV,Unclassified,All Adult 30s Equiv,EXCLUDING,CTC,2017-07-17,Free of charge,0.1,
ClientBrand,TV,,Airtime,Unclassified,All Adult 30s Equiv,EXCLUDING,CTC,2017-07-17,260000,136.57,
ClientBrand,TV,,Heart TV,Unclassified,All Adult 30s Equiv,EXCLUDING,CTC,2017-07-24,Free of charge,0.2,
ClientBrand,TV,,Airtime,Unclassified,All Adult 30s Equiv,EXCLUDING,CTC,2017-07-24,215000,86.45,
ClientBrand,TV,,Heart TV,Unclassified,All Adult 30s Equiv,EXCLUDING,CTC,2017-07-31,Free of charge,0.1,
ClientBrand,TV,,Airtime,Unclassified,All Adult 30s Equiv,EXCLUDING,CTC,2017-07-31,276000,131.26,
ClientBrand,TV,,Heart TV,Unclassified,All Adult 30s Equiv,EXCLUDING,CTC,2017-08-07,Free of charge,0.1,
ClientBrand,TV,,Airtime,Unclassified,All Adult 30s Equiv,EXCLUDING,CTC,2017-08-07,Free of charge,2.47,
ClientBrand,TV,,Heart TV,Unclassified,All Adult 30s Equiv,EXCLUDING,CTC,2017-08-14,Free of charge,0.1,
ClientBrand,TV,,Airtime,Unclassified,All Adult 30s Equiv,EXCLUDING,CTC,2017-08-14,276000,122.62,
ClientBrand,TV,,Heart TV,Unclassified,All Adult 30s Equiv,EXCLUDING,CTC,2017-08-21,Free of charge,0.2,
ClientBrand,TV,,Airtime,Unclassified,All Adult 30s Equiv,EXCLUDING,CTC,2017-08-21,305000,111.07,
ClientBrand,TV,,Heart TV,Unclassified,All Adult 30s Equiv,EXCLUDING,CTC,2017-08-28,Free of charge,0.2,
ClientBrand,TV,,Heart TV,Unclassified,All Adult 30s Equiv,EXCLUDING,CTC,2017-09-04,Free of charge,0.1,
ClientBrand,TV,,Airtime,Unclassified,All Adult 30s Equiv,EXCLUDING,CTC,2017-09-04,303000,102.04,
ClientBrand,TV,,Heart TV,Unclassified,All Adult 30s Equiv,EXCLUDING,CTC,2017-09-11,Free of charge,0.1,
ClientBrand,TV,,Airtime,Unclassified,All Adult 30s Equiv,EXCLUDING,CTC,2017-09-11,335000,105.44,
ClientBrand,TV,,Heart TV,Unclassified,All Adult 30s Equiv,EXCLUDING,CTC,2017-09-18,Free of charge,0.1,
ClientBrand,TV,,Airtime,Unclassified,All Adult 30s Equiv,EXCLUDING,CTC,2017-09-18,Free of charge,2.53,
ClientBrand,TV,,Heart TV,Unclassified,All Adult 30s Equiv,EXCLUDING,CTC,2017-09-25,Free of charge,0.1,
ClientBrand,TV,,Airtime,Unclassified,All Adult 30s Equiv,EXCLUDING,CTC,2017-09-25,303000,108.17,
ClientBrand,TV,,Heart TV,Unclassified,All Adult 30s Equiv,EXCLUDING,CTC,2017-10-02,Free of charge,0.2,
ClientBrand,TV,,Heart TV,Unclassified,All Adult 30s Equiv,EXCLUDING,CTC,2017-10-09,Free of charge,0.2,
ClientBrand,TV,,Airtime,Unclassified,All Adult 30s Equiv,EXCLUDING,CTC,2017-10-09,345000,114.83,
ClientBrand,TV,,Heart TV,Unclassified,All Adult 30s Equiv,EXCLUDING,CTC,2017-10-16,Free of charge,0.2,
ClientBrand,TV,,Airtime,Unclassified,All Adult 30s Equiv,EXCLUDING,CTC,2017-10-16,Free of charge,2.41,
ClientBrand,TV,,Heart TV,Unclassified,All Adult 30s Equiv,EXCLUDING,CTC,2017-10-23,Free of charge,0.2,
ClientBrand,TV,,Airtime,Unclassified,All Adult 30s Equiv,EXCLUDING,CTC,2017-10-23,350000,99.11,
ClientBrand,TV,,Heart TV,Unclassified,All Adult 30s Equiv,EXCLUDING,CTC,2017-10-30,Free of charge,0.2,
ClientBrand,TV,,Heart TV,Unclassified,All Adult 30s Equiv,EXCLUDING,CTC,2017-11-06,Free of charge,1.4,
ClientBrand,TV,,Airtime,Unclassified,All Adult 30s Equiv,EXCLUDING,CTC,2017-11-06,242000,77.37,
ClientBrand,TV,,Heart TV,Unclassified,All Adult 30s Equiv,EXCLUDING,CTC,2017-11-13,Free of charge,1.4,
ClientBrand,TV,,Heart TV,Unclassified,All Adult 30s Equiv,EXCLUDING,CTC,2017-11-20,Free of charge,1.4,
ClientBrand,TV,,Heart TV,Unclassified,All Adult 30s Equiv,EXCLUDING,CTC,2017-11-27,Free of charge,1.4,
ClientBrand,TV,,Heart TV,Unclassified,All Adult 30s Equiv,EXCLUDING,CTC,2017-12-04,Free of charge,0.8,
ClientBrand,TV,,Heart TV,Unclassified,All Adult 30s Equiv,EXCLUDING,CTC,2017-12-11,Free of charge,2.6,
ClientBrand,TV,,Airtime,Unclassified,All Adult 30s Equiv,EXCLUDING,CTC,2017-12-11,216500,71.31,
ClientBrand,TV,,Heart TV,Unclassified,All Adult 30s Equiv,EXCLUDING,CTC,2017-12-18,Free of charge,2.7,
ClientBrand,TV,,Airtime,Unclassified,All Adult 30s Equiv,EXCLUDING,CTC,2017-12-18,807000,299.63,
ClientBrand,TV,,Heart TV,Unclassified,All Adult 30s Equiv,EXCLUDING,CTC,2017-12-25,Free of charge,2.7,
ClientBrand,TV,,Airtime,Unclassified,All Adult 30s Equiv,EXCLUDING,CTC,2017-12-25,1295000,551.94,
ClientBrand,TV,,Airtime,Unclassified,All Adult 30s Equiv,EXCLUDING,CTC,2018-01-01,575650.6,282.0,
ClientBrand,TV,,Airtime,Unclassified,All Adult 30s Equiv,EXCLUDING,CTC,2018-01-08,250999.05,119.0,
ClientBrand,TV,,Airtime,Unclassified,All Adult 30s Equiv,EXCLUDING,CTC,2018-01-15,250999.9,120.0,
ClientBrand,TV,,Airtime,Unclassified,All Adult 30s Equiv,EXCLUDING,CTC,2018-01-22,311000.55,141.0,
ClientBrand,TV,,Airtime,Unclassified,All Adult 30s Equiv,EXCLUDING,CTC,2018-01-29,259000.94999999998,132.0,
ClientBrand,TV,,Airtime,Unclassified,All Adult 30s Equiv,EXCLUDING,CTC,2018-02-05,259000.94999999998,97.0,
ClientBrand,TV,,Airtime,Unclassified,All Adult 30s Equiv,EXCLUDING,CTC,2018-02-19,312000.14999999997,109.0,
ClientBrand,TV,,Airtime,Unclassified,All Adult 30s Equiv,EXCLUDING,CTC,2018-03-05,200369.55,81.0,
ClientBrand,TV,,Airtime,Unclassified,All Adult 30s Equiv,EXCLUDING,CTC,2018-03-12,110367.65,45.0,
ClientBrand,TV,,Airtime,Unclassified,All Adult 30s Equiv,EXCLUDING,CTC,2018-03-19,313000.75,135.0,
ClientBrand,TV,,Airtime,Unclassified,All Adult 30s Equiv,EXCLUDING,CTC,2018-03-26,458778.8,191.0,
ClientBrand,TV,,Airtime,Unclassified,All Adult 30s Equiv,EXCLUDING,CTC,2018-04-02,334999.45,154.0,
ClientBrand,TV,,Airtime,Unclassified,All Adult 30s Equiv,EXCLUDING,CTC,2018-04-23,260724.75,124.0,
ClientBrand,TV,,Airtime,Unclassified,All Adult 30s Equiv,EXCLUDING,CTC,2018-04-30,284000.3,100.0,
ClientBrand,TV,,Airtime,Unclassified,All Adult 30s Equiv,EXCLUDING,CTC,2018-05-07,319499.7,119.0,
ClientBrand,TV,,Airtime,Unclassified,All Adult 30s Equiv,EXCLUDING,CTC,2018-05-21,263754,108.0,
ClientBrand,TV,,Airtime,Unclassified,All Adult 30s Equiv,EXCLUDING,CTC,2018-05-28,270093.45,140.0,
ClientBrand,TV,,Airtime,Unclassified,All Adult 30s Equiv,EXCLUDING,CTC,2018-06-04,95693.84999999999,41.0,
ClientBrand,TV,,Airtime,Unclassified,All Adult 30s Equiv,EXCLUDING,CTC,2018-06-11,85148.75,56.0,
ClientBrand,TV,,Airtime,Unclassified,All Adult 30s Equiv,EXCLUDING,CTC,2018-06-18,238340,142.0,
ClientBrand,TV,,Airtime,Unclassified,All Adult 30s Equiv,EXCLUDING,CTC,2018-06-25,154173,88.0,
ClientBrand,TV,,Airtime,Unclassified,All Adult 30s Equiv,EXCLUDING,CTC,2018-07-09,156549.6,147.0,
ClientBrand,TV,,Airtime,Unclassified,All Adult 30s Equiv,EXCLUDING,CTC,2018-07-23,279923.7,187.0,
ClientBrand,TV,,Airtime,Unclassified,All Adult 30s Equiv,EXCLUDING,CTC,2018-08-06,282980.3,136.0,
ClientBrand,TV,,Airtime,Unclassified,All Adult 30s Equiv,EXCLUDING,CTC,2018-08-13,301999.05,110.0,
ClientBrand,TV,,Airtime,Unclassified,All Adult 30s Equiv,EXCLUDING,CTC,2018-08-20,488001.14999999997,178.0,
ClientBrand,TV,,Airtime,Unclassified,All Adult 30s Equiv,EXCLUDING,CTC,2018-08-27,136000.85,72.0,
ClientBrand,TV,,Airtime,Unclassified,All Adult 30s Equiv,EXCLUDING,CTC,2018-09-03,112001.09999999999,36.0,
ClientBrand,TV,,Airtime,Unclassified,All Adult 30s Equiv,EXCLUDING,CTC,2018-09-10,325000.05,116.0,
ClientBrand,TV,,Airtime,Unclassified,All Adult 30s Equiv,EXCLUDING,CTC,2018-09-17,378999.7,118.0,
ClientBrand,TV,,Airtime,Unclassified,All Adult 30s Equiv,EXCLUDING,CTC,2018-10-08,322801.85,118.0,
ClientBrand,TV,,Airtime,Unclassified,All Adult 30s Equiv,EXCLUDING,CTC,2018-10-22,440985.95,140.0,
ClientBrand,TV,,Airtime,Unclassified,All Adult 30s Equiv,EXCLUDING,CTC,2018-11-12,307757.8,98.0,
ClientBrand,TV,,Airtime,Unclassified,All Adult 30s Equiv,EXCLUDING,CTC,2018-12-10,230774.15,93.0,
ClientBrand,TV,,Airtime,Unclassified,All Adult 30s Equiv,EXCLUDING,CTC,2018-12-17,639943.0653012047,330.0,
ClientBrand,TV,,Airtime,Unclassified,All Adult 30s Equiv,EXCLUDING,CTC,2018-12-24,1456000.85,589.0,
ClientBrand,TV,,Airtime,Unclassified,All Adult 30s Equiv,EXCLUDING,CTC,2018-12-31,516000,201.0,
ClientBrand,TV,,Airtime,Unclassified,All Adult 30s Equiv,EXCLUDING,CTC,2019-01-07,251000,113.0,
ClientBrand,TV,,Airtime,Unclassified,All Adult 30s Equiv,EXCLUDING,CTC,2019-01-14,251000,115.0,
ClientBrand,TV,,Airtime,Unclassified,All Adult 30s Equiv,EXCLUDING,CTC,2019-01-21,317290.48614852945,124.0,
ClientBrand,TV,,Airtime,Unclassified,All Adult 30s Equiv,EXCLUDING,CTC,2019-02-04,265312.015,110.0,
ClientBrand,TV,,Airtime,Unclassified,All Adult 30s Equiv,EXCLUDING,CTC,2019-02-18,329536.985,139.0,
ClientBrand,TV,,Airtime,Unclassified,All Adult 30s Equiv,EXCLUDING,CTC,2019-03-18,280329.61199999996,120.0,
ClientBrand,TV,,Airtime,Unclassified,All Adult 30s Equiv,EXCLUDING,CTC,2019-04-08,225264.80599999998,86.0,
ClientBrand,TV,,Airtime,Unclassified,All Adult 30s Equiv,EXCLUDING,CTC,2019-04-15,610717.597,136.0,
ClientBrand,TV,,Airtime,Unclassified,All Adult 30s Equiv,EXCLUDING,CTC,2019-04-22,112132.015,42.0,
ClientBrand,TV,,Airtime,Unclassified,All Adult 30s Equiv,EXCLUDING,CTC,2019-04-29,335000,123.0,
ClientBrand,TV,,Airtime,Unclassified,All Adult 30s Equiv,EXCLUDING,CTC,2019-05-20,310063.55199999997,97.0,
ClientBrand,TV,,Airtime,Unclassified,All Adult 30s Equiv,EXCLUDING,CTC,2019-06-17,220038.815,85.0,
ClientBrand,TV,,Airtime,Unclassified,All Adult 30s Equiv,EXCLUDING,CTC,2019-07-08,183741,79.0,
ClientBrand,TV,,Airtime,Unclassified,All Adult 30s Equiv,EXCLUDING,CTC,2019-07-22,283770,151.0,
ClientBrand,TV,,Airtime,Unclassified,All Adult 30s Equiv,EXCLUDING,CTC,2019-07-29,210200,94.0,
ClientBrand,TV,,Airtime,Unclassified,All Adult 30s Equiv,EXCLUDING,CTC,2019-08-05,125524,89.8,
ClientBrand,TV,,Airtime,Unclassified,All Adult 30s Equiv,EXCLUDING,CTC,2019-08-12,56433,46.0,
ClientBrand,TV,,Airtime,Unclassified,All Adult 30s Equiv,EXCLUDING,CTC,2019-08-19,178321,94.8,
ClientBrand,TV,,Airtime,Unclassified,All Adult 30s Equiv,EXCLUDING,CTC,2019-08-26,56433,64.3,
ClientBrand,TV,,Airtime,Unclassified,All Adult 30s Equiv,EXCLUDING,CTC,2019-09-02,78247,42.2,
ClientBrand,TV,,Airtime,Unclassified,All Adult 30s Equiv,EXCLUDING,CTC,2019-09-16,152080,73.5,
ClientBrand,TV,,Airtime,Unclassified,All Adult 30s Equiv,EXCLUDING,CTC,2019-09-23,533425.87,169.5,
ClientBrand,TV,,Airtime,Unclassified,All Adult 30s Equiv,EXCLUDING,CTC,2019-09-30,300164.31,130.2,
ClientBrand,TV,,Airtime,Unclassified,All Adult 30s Equiv,EXCLUDING,CTC,2019-10-07,199302,82.6,
ClientBrand,TV,,Airtime,Unclassified,All Adult 30s Equiv,EXCLUDING,CTC,2019-10-14,163884,76.7,
ClientBrand,TV,,Airtime,Unclassified,All Adult 30s Equiv,EXCLUDING,CTC,2019-10-21,197848,85.4,
ClientBrand,TV,,Airtime,Unclassified,All Adult 30s Equiv,EXCLUDING,CTC,2019-10-28,163884,111.5,
ClientBrand,TV,,Airtime,Unclassified,All Adult 30s Equiv,EXCLUDING,CTC,2019-11-04,107968,67.5,
ClientBrand,TV,,Airtime,Unclassified,All Adult 30s Equiv,EXCLUDING,CTC,2019-11-11,107968,54.7,
ClientBrand,TV,,Airtime,Unclassified,All Adult 30s Equiv,EXCLUDING,CTC,2019-11-18,177500,78.9,
ClientBrand,TV,,Airtime,Unclassified,All Adult 30s Equiv,EXCLUDING,CTC,2019-12-09,60110.000000000015,45.8,
ClientBrand,TV,,Airtime,Unclassified,All Adult 30s Equiv,EXCLUDING,CTC,2019-12-16,126898.00000000004,79.2,
ClientBrand,TV,,Airtime,Unclassified,All Adult 30s Equiv,EXCLUDING,CTC,2019-12-23,1216285.5,643.1,
ClientBrand,TV,,Airtime,Unclassified,All Adult 30s Equiv,EXCLUDING,CTC,2019-12-30,765132.7500000001,371.4,
ClientBrand,TV,,Airtime,Unclassified,All Adult 30s Equiv,EXCLUDING,CTC,2020-01-06,447199.74999999994,215.2,
ClientBrand,TV,,Airtime,Unclassified,All Adult 30s Equiv,EXCLUDING,CTC,2020-01-13,290565,171.6,
ClientBrand,TV,,Airtime,Unclassified,All Adult 30s Equiv,EXCLUDING,CTC,2020-01-20,217891,139.9,Updated 24/02/2022
ClientBrand,TV,,Airtime,Unclassified,All Adult 30s Equiv,EXCLUDING,CTC,2020-01-27,229572,147.4,Updated 24/02/2022
ClientBrand,TV,,Airtime,Unclassified,All Adult 30s Equiv,EXCLUDING,CTC,2020-02-03,231285,148.5,Updated 24/02/2022
ClientBrand,TV,,Airtime,Unclassified,All Adult 30s Equiv,EXCLUDING,CTC,2020-02-17,168830,108.4,Updated 24/02/2022
ClientBrand,TV,,Airtime,Unclassified,All Adult 30s Equiv,EXCLUDING,CTC,2020-03-09,160109,102.8,Updated 24/02/2022
ClientBrand,TV,,Airtime,Unclassified,All Adult 30s Equiv,EXCLUDING,CTC,2020-06-29,223342,143.4,Updated 24/02/2022
ClientBrand,TV,,Airtime,Unclassified,All Adult 30s Equiv,EXCLUDING,CTC,2020-07-06,116032,74.5,Updated 24/02/2022
ClientBrand,TV,,Airtime,Unclassified,All Adult 30s Equiv,EXCLUDING,CTC,2020-07-13,56381,36.2,Updated 24/02/2022
ClientBrand,TV,,Airtime,Unclassified,All Adult 30s Equiv,EXCLUDING,CTC,2020-08-03,189545,121.7,Updated 24/02/2022
ClientBrand,TV,,Airtime,Unclassified,All Adult 30s Equiv,EXCLUDING,CTC,2020-08-10,85505,54.9,Updated 24/02/2022
ClientBrand,TV,,Airtime,Unclassified,All Adult 30s Equiv,EXCLUDING,CTC,2020-08-24,115565,74.2,Updated 24/02/2022
ClientBrand,TV,,Airtime,Unclassified,All Adult 30s Equiv,EXCLUDING,CTC,2020-08-31,168207,108.0,Updated 24/02/2022
ClientBrand,TV,,Airtime,Unclassified,All Adult 30s Equiv,EXCLUDING,CTC,2020-09-07,68062,43.7,Updated 24/02/2022
ClientBrand,TV,,Airtime,Unclassified,All Adult 30s Equiv,EXCLUDING,CTC,2020-09-14,59340,38.1,Updated 24/02/2022
ClientBrand,TV,,Airtime,Unclassified,All Adult 30s Equiv,EXCLUDING,CTC,2020-09-21,73357,47.1,Updated 24/02/2022
ClientBrand,TV,,Airtime,Unclassified,All Adult 30s Equiv,EXCLUDING,CTC,2020-09-28,68373,43.9,Updated 24/02/2022
ClientBrand,TV,,Airtime,Unclassified,All Adult 30s Equiv,EXCLUDING,CTC,2020-10-05,86128,55.3,Updated 24/02/2022
ClientBrand,TV,,Airtime,Unclassified,All Adult 30s Equiv,EXCLUDING,CTC,2020-10-12,70554,45.3,Updated 24/02/2022
ClientBrand,TV,,Airtime,Unclassified,All Adult 30s Equiv,EXCLUDING,CTC,2020-10-19,93293,59.9,Updated 24/02/2022
ClientBrand,TV,,Airtime,Unclassified,All Adult 30s Equiv,EXCLUDING,CTC,2020-10-26,151698,97.4,Updated 24/02/2022
ClientBrand,TV,,Airtime,Unclassified,All Adult 30s Equiv,EXCLUDING,CTC,2020-11-02,53889,34.6,Updated 24/02/2022
ClientBrand,TV,,Airtime,Unclassified,All Adult 30s Equiv,EXCLUDING,CTC,2020-11-09,60897,39.1,Updated 24/02/2022
ClientBrand,TV,,Airtime,Unclassified,All Adult 30s Equiv,EXCLUDING,CTC,2020-11-16,107777,69.2,Updated 24/02/2022
ClientBrand,TV,,Airtime,Unclassified,All Adult 30s Equiv,EXCLUDING,CTC,2020-12-07,52643,33.8,Updated 24/02/2022
ClientBrand,TV,,Airtime,Unclassified,All Adult 30s Equiv,EXCLUDING,CTC,2020-12-14,153567,98.6,Updated 24/02/2022
ClientBrand,TV,,Airtime,Unclassified,All Adult 30s Equiv,EXCLUDING,CTC,2020-12-21,475342,305.2,Updated 24/02/2022
ClientBrand,TV,,Airtime,Unclassified,All Adult 30s Equiv,EXCLUDING,CTC,2020-12-28,367409,235.9,Updated 24/02/2022
ClientBrand,TV,,Airtime,Unclassified,All Adult 30s Equiv,EXCLUDING,CTC,2021-01-04,162163,52.1,Updated 24/02/2022
ClientBrand,TV,,Airtime,Unclassified,All Adult 30s Equiv,EXCLUDING,CTC,2021-03-22,269856,86.7,Updated 24/02/2022
ClientBrand,TV,,Airtime,Unclassified,All Adult 30s Equiv,EXCLUDING,CTC,2021-03-29,121389,39.0,Updated 24/02/2022
ClientBrand,TV,,Airtime,Unclassified,All Adult 30s Equiv,EXCLUDING,CTC,2021-04-05,103336,33.2,Updated 24/02/2022
ClientBrand,TV,,Airtime,Unclassified,All Adult 30s Equiv,EXCLUDING,CTC,2021-04-12,112051,36.0,Updated 24/02/2022
ClientBrand,TV,,Airtime,Unclassified,All Adult 30s Equiv,EXCLUDING,CTC,2021-04-19,80926,26.0,Updated 24/02/2022
ClientBrand,TV,,Airtime,Unclassified,All Adult 30s Equiv,EXCLUDING,CTC,2021-04-26,203871,65.5,Updated 24/02/2022
ClientBrand,TV,,Airtime,Unclassified,All Adult 30s Equiv,EXCLUDING,CTC,2021-05-03,46688,15.0,Updated 24/02/2022
ClientBrand,TV,,Airtime,Unclassified,All Adult 30s Equiv,EXCLUDING,CTC,2021-05-24,179904,57.8,Updated 24/02/2022
ClientBrand,TV,,Airtime,Unclassified,All Adult 30s Equiv,EXCLUDING,CTC,2021-05-31,38595,12.4,Updated 24/02/2022
ClientBrand,TV,,Airtime,Unclassified,All Adult 30s Equiv,EXCLUDING,CTC,2021-06-14,169010,54.3,Updated 24/02/2022
ClientBrand,TV,,Airtime,Unclassified,All Adult 30s Equiv,EXCLUDING,CTC,2021-06-28,117654,37.8,Updated 24/02/2022
ClientBrand,TV,,Airtime,Unclassified,All Adult 30s Equiv,EXCLUDING,CTC,2021-07-05,120455,38.7,Updated 24/02/2022
ClientBrand,TV,,Airtime,Unclassified,All Adult 30s Equiv,EXCLUDING,CTC,2021-07-12,135395,43.5,Updated 24/02/2022
ClientBrand,TV,,Airtime,Unclassified,All Adult 30s Equiv,EXCLUDING,CTC,2021-07-19,179593,57.7,Updated 24/02/2022
ClientBrand,TV,,Airtime,Unclassified,All Adult 30s Equiv,EXCLUDING,CTC,2021-07-26,220367,70.8,Updated 24/02/2022
ClientBrand,TV,,Airtime,Unclassified,All Adult 30s Equiv,EXCLUDING,CTC,2021-08-02,329305,105.8,Updated 24/02/2022
ClientBrand,TV,,Airtime,Unclassified,All Adult 30s Equiv,EXCLUDING,CTC,2021-08-09,75012,24.1,Updated 24/02/2022
ClientBrand,TV,,Airtime,Unclassified,All Adult 30s Equiv,EXCLUDING,CTC,2021-08-16,72522,23.3,Updated 24/02/2022
ClientBrand,TV,,Airtime,Unclassified,All Adult 30s Equiv,EXCLUDING,CTC,2021-08-23,282929,90.9,Updated 24/02/2022
ClientBrand,TV,,Airtime,Unclassified,All Adult 30s Equiv,EXCLUDING,CTC,2021-08-30,115475,37.1,Updated 24/02/2022
ClientBrand,TV,,Airtime,Unclassified,All Adult 30s Equiv,EXCLUDING,CTC,2021-10-11,282929,90.9,Updated 24/02/2022
ClientBrand,TV,,Airtime,Unclassified,All Adult 30s Equiv,EXCLUDING,CTC,2021-10-18,312809,100.5,Updated 24/02/2022
ClientBrand,TV,,Airtime,Unclassified,All Adult 30s Equiv,EXCLUDING,CTC,2021-10-25,226592,72.8,Updated 24/02/2022
ClientBrand,TV,,Airtime,Unclassified,All Adult 30s Equiv,EXCLUDING,CTC,2021-11-01,221612,71.2,Updated 24/02/2022
ClientBrand,TV,,Airtime,Unclassified,All Adult 30s Equiv,EXCLUDING,CTC,2021-11-08,152203,48.9,Updated 24/02/2022
ClientBrand,TV,,Airtime,Unclassified,All Adult 30s Equiv,EXCLUDING,CTC,2021-11-15,167454,53.8,Updated 24/02/2022
ClientBrand,TV,,Airtime,Unclassified,All Adult 30s Equiv,EXCLUDING,CTC,2021-12-06,198579,63.8,Updated 24/02/2022
ClientBrand,TV,,Airtime,Unclassified,All Adult 30s Equiv,EXCLUDING,CTC,2021-12-13,221923,71.3,Updated 24/02/2022
ClientBrand,TV,,Airtime,Unclassified,All Adult 30s Equiv,EXCLUDING,CTC,2021-12-20,868706,279.1,Updated 24/02/2022
ClientBrand,TV,,Airtime,Promo,All Adult 30s Equiv,EXCLUDING,CTC,2021-12-27,849097,272.8,Promo
ClientBrand,TV,,Airtime,Brand,All Adult 30s Equiv,EXCLUDING,CTC,2022-01-03,448011,152.1,Brand
ClientBrand,TV,,Airtime,Brand,All Adult 30s Equiv,EXCLUDING,CTC,2022-01-10,384388,130.5,Brand
ClientBrand,TV,,Airtime,Brand,All Adult 30s Equiv,EXCLUDING,CTC,2022-01-17,273343,92.8,Brand
ClientBrand,TV,,Airtime,Brand,All Adult 30s Equiv,EXCLUDING,CTC,2022-01-31,202868,92.19,Brand
ClientBrand,TV,,Airtime,Promo,All Adult 30s Equiv,EXCLUDING,CTC,2022-02-07,182758,88.06,Promo
ClientBrand,TV,,Airtime,Promo,All Adult 30s Equiv,EXCLUDING,CTC,2022-02-14,77714,29.96,Promo
ClientBrand,TV,,Airtime,Promo,All Adult 30s Equiv,EXCLUDING,CTC,2022-02-21,61216,23.52,Promo
ClientBrand,TV,,Airtime,Brand,All Adult 30s Equiv,EXCLUDING,CTC,2022-02-28,70000,27.18,Brand
ClientBrand,TV,,Airtime,Brand,All Adult 30s Equiv,EXCLUDING,CTC,2022-03-07,70000,32.73,Brand
ClientBrand,TV,,Airtime,Promo,All Adult 30s Equiv,EXCLUDING,CTC,2022-04-11,308000,113.56,Promo
ClientBrand,TV,,Airtime,Promo,All Adult 30s Equiv,EXCLUDING,CTC,2022-04-25,289000,160.45,Promo
ClientBrand,TV,,Airtime,Promo,All Adult 30s Equiv,EXCLUDING,CTC,2022-05-30,259000,144.03,Promo
ClientBrand,TV,,Airtime,Brand,All Adult 30s Equiv,EXCLUDING,CTC,2022-07-04,70000,40.12,Brand
ClientBrand,TV,,Airtime,Brand,All Adult 30s Equiv,EXCLUDING,CTC,2022-07-11,70000,41.54,Brand
ClientBrand,TV,,Airtime,Brand,All Adult 30s Equiv,EXCLUDING,CTC,2022-07-18,70000,41.16,Brand
ClientBrand,TV,,Airtime,Brand,All Adult 30s Equiv,EXCLUDING,CTC,2022-07-25,70000,50.34,Brand
ClientBrand,TV,,Airtime,Promo,All Adult 30s Equiv,EXCLUDING,CTC,2022-08-22,202000,99.47,Promo
ClientBrand,TV,,Airtime,Brand,All Adult 30s Equiv,EXCLUDING,CTC,2022-10-10,234519,87.04,Brand
ClientBrand,TV,,Airtime,Brand,All Adult 30s Equiv,EXCLUDING,CTC,2022-10-17,234519,96.74,Brand
ClientBrand,TV,,Airtime,Promo,All Adult 30s Equiv,EXCLUDING,CTC,2022-10-24,285200,97.4,Promo
ClientBrand,TV,,Airtime,Brand,All Adult 30s Equiv,EXCLUDING,CTC,2022-10-31,253331,108.51,Brand
ClientBrand,TV,,Airtime,Promo,All Adult 30s Equiv,EXCLUDING,CTC,2022-11-21,246500,100.5,Promo
ClientBrand,TV,,Airtime,Brand,All Adult 30s Equiv,EXCLUDING,CTC,2022-12-05,73188,39.0,Brand
ClientBrand,TV,,Airtime,Brand,All Adult 30s Equiv,EXCLUDING,CTC,2022-12-12,292752,135.98,Brand
ClientBrand,TV,,Airtime,Brand,All Adult 30s Equiv,EXCLUDING,CTC,2022-12-19,420074,124.64,Brand
ClientBrand,TV,,Airtime,Promo,All Adult 30s Equiv,EXCLUDING,CTC,2022-12-19,226977,207.7,Promo
ClientBrand,TV,,Airtime,Promo,All Adult 30s Equiv,EXCLUDING,CTC,2022-12-26,93611.19596254731,51.0,Promo
ClientBrand,TV,,Airtime,Promo,All Adult 30s Equiv,EXCLUDING,CTC,2023-01-02,524956.9028487947,286.0,Promo
ClientBrand,TV,,Airtime,Promo,All Adult 30s Equiv,EXCLUDING,CTC,2023-01-09,332227.96998472675,181.0,Promo
ClientBrand,TV,,Airtime,Promo,All Adult 30s Equiv,EXCLUDING,CTC,2023-01-16,267984.9923633707,146.0,Promo
ClientBrand,TV,,Airtime,Promo,All Adult 30s Equiv,EXCLUDING,CTC,2023-01-23,1835.513646324457,1.0,Promo
ClientBrand,TV,,Airtime,Promo,All Adult 30s Equiv,EXCLUDING,CTC,2023-01-30,260642.9377780729,142.0,Promo
ClientBrand,TV,,Airtime,Promo,All Adult 30s Equiv,EXCLUDING,CTC,2023-02-06,216590.61026628595,118.0,Promo
