Brand,Media L1,Media L2,Message,Confirm VAT,Confirm CTC,wc Mon,Impressions,Spend,Comment
ClientBrand,VOD,BVOD,Unclassified,EXCLUDING,CTC,2012-12-24,Missing,18000.0,
ClientBrand,VOD,BVOD,Unclassified,EXCLUDING,CTC,2012-12-31,Missing,18000.0,
ClientBrand,VOD,BVOD,Unclassified,EXCLUDING,CTC,2014-09-08,Missing,15143.0,
ClientBrand,VOD,BVOD,Unclassified,EXCLUDING,CTC,2014-10-06,Missing,17626.0,
ClientBrand,VOD,BVOD,Unclassified,EXCLUDING,CTC,2014-10-27,Missing,17626.0,
ClientBrand,VOD,BVOD,Unclassified,EXCLUDING,CTC,2014-12-08,Missing,16667.0,
ClientBrand,VOD,BVOD,Unclassified,EXCLUDING,CTC,2014-12-15,Missing,16667.0,
ClientBrand,VOD,BVOD,Unclassified,EXCLUDING,CTC,2014-12-22,Missing,51666.0,
ClientBrand,VOD,BVOD,Unclassified,EXCLUDING,CTC,2014-12-29,Missing,17500.0,
ClientBrand,VOD,BVOD,Unclassified,EXCLUDING,CTC,2015-01-05,Missing,17500.0,
ClientBrand,VOD,BVOD,Unclassified,EXCLUDING,CTC,2015-01-12,Missing,17500.0,
ClientBrand,VOD,BVOD,Unclassified,EXCLUDING,CTC,2015-01-19,Missing,17500.0,
ClientBrand,VOD,BVOD,Unclassified,EXCLUDING,CTC,2015-01-26,Missing,17500.0,
ClientBrand,VOD,BVOD,Unclassified,EXCLUDING,CTC,2015-02-02,Missing,6533.0,
ClientBrand,VOD,BVOD,Unclassified,EXCLUDING,CTC,2015-02-09,Missing,6533.0,
ClientBrand,VOD,BVOD,Unclassified,EXCLUDING,CTC,2015-02-16,Missing,23340.0,
ClientBrand,VOD,BVOD,Unclassified,EXCLUDING,CTC,2015-02-23,Missing,23340.0,
ClientBrand,VOD,BVOD,Unclassified,EXCLUDING,CTC,2015-03-02,Missing,6961.25,
ClientBrand,VOD,BVOD,Unclassified,EXCLUDING,CTC,2015-03-09,Missing,6961.25,
ClientBrand,VOD,BVOD,Unclassified,EXCLUDING,CTC,2015-03-16,Missing,6961.25,
ClientBrand,VOD,BVOD,Unclassified,EXCLUDING,CTC,2015-03-23,Missing,22961.25,
ClientBrand,VOD,BVOD,Unclassified,EXCLUDING,CTC,2015-03-30,Missing,24362.83,
ClientBrand,VOD,BVOD,Unclassified,EXCLUDING,CTC,2015-04-06,Missing,16987.33,
ClientBrand,VOD,BVOD,Unclassified,EXCLUDING,CTC,2015-04-13,Missing,2222.33,
ClientBrand,VOD,BVOD,Unclassified,EXCLUDING,CTC,2015-04-20,Missing,2222.33,
ClientBrand,VOD,BVOD,Unclassified,EXCLUDING,CTC,2015-04-27,Missing,16987.33,
ClientBrand,VOD,BVOD,Unclassified,EXCLUDING,CTC,2015-05-04,Missing,5912.49,
ClientBrand,VOD,BVOD,Unclassified,EXCLUDING,CTC,2015-05-11,Missing,2222.33,
ClientBrand,VOD,BVOD,Unclassified,EXCLUDING,CTC,2015-05-18,Missing,16987.33,
ClientBrand,VOD,BVOD,Unclassified,EXCLUDING,CTC,2015-05-25,Missing,5912.49,
ClientBrand,VOD,BVOD,Unclassified,EXCLUDING,CTC,2015-06-01,Missing,2523.8,
ClientBrand,VOD,BVOD,Unclassified,EXCLUDING,CTC,2015-06-08,Missing,2523.8,
ClientBrand,VOD,BVOD,Unclassified,EXCLUDING,CTC,2015-06-15,Missing,10023.8,
ClientBrand,VOD,BVOD,Unclassified,EXCLUDING,CTC,2015-06-22,Missing,10023.8,
ClientBrand,VOD,BVOD,Unclassified,EXCLUDING,CTC,2015-06-29,Missing,2523.8,
ClientBrand,VOD,BVOD,Unclassified,EXCLUDING,CTC,2015-07-06,Missing,2523.8,
ClientBrand,VOD,BVOD,Unclassified,EXCLUDING,CTC,2015-07-13,Missing,10023.8,
ClientBrand,VOD,BVOD,Unclassified,EXCLUDING,CTC,2015-07-20,Missing,10023.8,
ClientBrand,VOD,BVOD,Unclassified,EXCLUDING,CTC,2015-07-27,Missing,2523.8,
ClientBrand,VOD,BVOD,Unclassified,EXCLUDING,CTC,2015-08-03,Missing,5155.0,
ClientBrand,VOD,BVOD,Unclassified,EXCLUDING,CTC,2015-08-10,Missing,7482.321428571428,
ClientBrand,VOD,BVOD,Unclassified,EXCLUDING,CTC,2015-08-17,Missing,7482.321428571428,
ClientBrand,VOD,BVOD,Unclassified,EXCLUDING,CTC,2015-08-24,Missing,7482.321428571428,
ClientBrand,VOD,BVOD,Unclassified,EXCLUDING,CTC,2015-08-31,Missing,7482.321428571428,
ClientBrand,VOD,BVOD,Unclassified,EXCLUDING,CTC,2015-09-07,Missing,7482.321428571428,
ClientBrand,VOD,BVOD,Unclassified,EXCLUDING,CTC,2015-09-14,Missing,7482.321428571428,
ClientBrand,VOD,BVOD,Unclassified,EXCLUDING,CTC,2015-09-21,Missing,7482.321428571428,
ClientBrand,VOD,BVOD,Unclassified,EXCLUDING,CTC,2015-09-28,Missing,5478.2,
ClientBrand,VOD,BVOD,Unclassified,EXCLUDING,CTC,2015-10-05,Missing,5478.2,
ClientBrand,VOD,BVOD,Unclassified,EXCLUDING,CTC,2015-10-12,Missing,5478.2,
ClientBrand,VOD,BVOD,Unclassified,EXCLUDING,CTC,2015-10-26,Missing,5478.2,
ClientBrand,VOD,BVOD,Unclassified,EXCLUDING,CTC,2015-11-02,Missing,10350.0,
ClientBrand,VOD,BVOD,Unclassified,EXCLUDING,CTC,2015-11-09,Missing,10350.0,
ClientBrand,VOD,BVOD,Unclassified,EXCLUDING,CTC,2015-11-16,Missing,10350.0,
ClientBrand,VOD,BVOD,Unclassified,EXCLUDING,CTC,2015-11-23,Missing,10350.0,
ClientBrand,VOD,BVOD,Unclassified,EXCLUDING,CTC,2015-11-30,Missing,16832.0,
ClientBrand,VOD,BVOD,Unclassified,EXCLUDING,CTC,2015-12-07,Missing,16832.0,
ClientBrand,VOD,BVOD,Unclassified,EXCLUDING,CTC,2015-12-14,Missing,12178.727272727272,
ClientBrand,VOD,BVOD,Unclassified,EXCLUDING,CTC,2015-12-21,Missing,31853.0,
ClientBrand,VOD,BVOD,Unclassified,EXCLUDING,CTC,2015-12-28,Missing,18735.3,
ClientBrand,VOD,BVOD,Unclassified,EXCLUDING,CTC,2016-01-04,Missing,18735.3,
ClientBrand,VOD,BVOD,Unclassified,EXCLUDING,CTC,2016-01-11,Missing,18735.3,
ClientBrand,VOD,BVOD,Unclassified,EXCLUDING,CTC,2016-01-18,Missing,18735.3,
ClientBrand,VOD,BVOD,Unclassified,EXCLUDING,CTC,2016-01-25,Missing,18735.3,
ClientBrand,VOD,BVOD,Unclassified,EXCLUDING,CTC,2016-02-01,Missing,8197.0,
ClientBrand,VOD,BVOD,Unclassified,EXCLUDING,CTC,2016-02-08,Missing,8197.0,
ClientBrand,VOD,BVOD,Unclassified,EXCLUDING,CTC,2016-02-15,Missing,8197.0,
ClientBrand,VOD,BVOD,Unclassified,EXCLUDING,CTC,2016-02-22,Missing,8197.0,
ClientBrand,VOD,BVOD,Unclassified,EXCLUDING,CTC,2016-02-29,Missing,9409.11,
ClientBrand,VOD,BVOD,Unclassified,EXCLUDING,CTC,2016-03-07,Missing,9409.11,
ClientBrand,VOD,BVOD,Unclassified,EXCLUDING,CTC,2016-03-14,Missing,9409.11,
ClientBrand,VOD,BVOD,Unclassified,EXCLUDING,CTC,2016-03-21,Missing,22584.0,
ClientBrand,VOD,AOD,Unclassified,EXCLUDING,CTC,2016-03-28,89712.91866028708,1973.6842105263156,
ClientBrand,VOD,BVOD,Unclassified,EXCLUDING,CTC,2016-03-28,179957,5344.082992415377,
ClientBrand,VOD,Collective,Unclassified,EXCLUDING,CTC,2016-03-28,146198.8304093567,2236.8421052631575,
ClientBrand,VOD,AOD,Unclassified,EXCLUDING,CTC,2016-04-04,59818.18181818182,1316.0,
ClientBrand,VOD,BVOD,Unclassified,EXCLUDING,CTC,2016-04-04,122649,4740.162644719688,
ClientBrand,VOD,Collective,Unclassified,EXCLUDING,CTC,2016-04-04,97444.44444444444,1490.8999999999999,
ClientBrand,VOD,AOD,Unclassified,EXCLUDING,CTC,2016-04-11,59818.18181818182,1316.0,
ClientBrand,VOD,BVOD,Unclassified,EXCLUDING,CTC,2016-04-11,79965,3090.503028031291,
ClientBrand,VOD,Collective,Unclassified,EXCLUDING,CTC,2016-04-11,97444.44444444444,1490.8999999999999,
ClientBrand,VOD,AOD,Unclassified,EXCLUDING,CTC,2016-04-18,59818.18181818182,1316.0,
ClientBrand,VOD,BVOD,Unclassified,EXCLUDING,CTC,2016-04-18,250349,9675.537329639286,
ClientBrand,VOD,Collective,Unclassified,EXCLUDING,CTC,2016-04-18,97444.44444444444,1490.8999999999999,
ClientBrand,VOD,AOD,Unclassified,EXCLUDING,CTC,2016-04-25,89727.27272727274,1974.0,
ClientBrand,VOD,BVOD,Unclassified,EXCLUDING,CTC,2016-04-25,85471,3303.2999976097344,
ClientBrand,VOD,Collective,Unclassified,EXCLUDING,CTC,2016-04-25,146222.22222222222,2237.2,
ClientBrand,VOD,BVOD,Unclassified,EXCLUDING,CTC,2016-05-02,147701,3828.9044110815457,
ClientBrand,VOD,BVOD,Unclassified,EXCLUDING,CTC,2016-05-09,131632,3412.342133360546,
ClientBrand,VOD,BVOD,Unclassified,EXCLUDING,CTC,2016-05-16,190772,4945.448929329176,
ClientBrand,VOD,BVOD,Unclassified,EXCLUDING,CTC,2016-05-23,24476,634.4998636815724,
ClientBrand,VOD,AOD,Unclassified,EXCLUDING,CTC,2016-05-30,27272.727272727272,600.0,
ClientBrand,VOD,BVOD,Unclassified,EXCLUDING,CTC,2016-05-30,161970,4198.804662547159,
ClientBrand,VOD,AOD,Unclassified,EXCLUDING,CTC,2016-06-06,102272.72727272726,2250.0,
ClientBrand,VOD,BVOD,Unclassified,EXCLUDING,CTC,2016-06-06,198827,7769.1288817651075,
ClientBrand,VOD,AOD,Unclassified,EXCLUDING,CTC,2016-06-13,102272.72727272726,2250.0,
ClientBrand,VOD,BVOD,Unclassified,EXCLUDING,CTC,2016-06-13,125855,4917.761246785133,
ClientBrand,VOD,AOD,Unclassified,EXCLUDING,CTC,2016-06-20,40909.090909090904,900.0,
ClientBrand,VOD,BVOD,Unclassified,EXCLUDING,CTC,2016-06-20,166983,6524.830370441554,
ClientBrand,VOD,AOD,Unclassified,EXCLUDING,CTC,2016-06-27,177954.54545454547,3915.0,
ClientBrand,VOD,BVOD,Unclassified,EXCLUDING,CTC,2016-06-27,48404,1891.3775010082045,
ClientBrand,VOD,Spotify,Unclassified,EXCLUDING,CTC,2016-06-27,69600,1479.0,
ClientBrand,VOD,AOD,Unclassified,EXCLUDING,CTC,2016-07-04,29659.09090909091,652.5,
ClientBrand,VOD,BVOD,Unclassified,EXCLUDING,CTC,2016-07-04,69284,2796.1563002907915,
ClientBrand,VOD,Spotify,Unclassified,EXCLUDING,CTC,2016-07-04,11600,246.5,
ClientBrand,VOD,AOD,Unclassified,EXCLUDING,CTC,2016-07-11,177954.54545454547,3915.0,
ClientBrand,VOD,BVOD,Unclassified,EXCLUDING,CTC,2016-07-11,126127,5090.22004628452,
ClientBrand,VOD,Spotify,Unclassified,EXCLUDING,CTC,2016-07-11,69600,1479.0,
ClientBrand,VOD,AOD,Unclassified,EXCLUDING,CTC,2016-07-18,29659.09090909091,652.5,
ClientBrand,VOD,BVOD,Unclassified,EXCLUDING,CTC,2016-07-18,193843,7823.095169408058,
ClientBrand,VOD,Spotify,Unclassified,EXCLUDING,CTC,2016-07-18,11600,246.5,
ClientBrand,VOD,AOD,Unclassified,EXCLUDING,CTC,2016-07-25,177954.54545454547,3915.0,
ClientBrand,VOD,BVOD,Unclassified,EXCLUDING,CTC,2016-07-25,102163,4123.083484016629,
ClientBrand,VOD,Spotify,Unclassified,EXCLUDING,CTC,2016-07-25,69600,1479.0,
ClientBrand,VOD,AOD,Unclassified,EXCLUDING,CTC,2016-08-01,107386.36363636365,2362.5,
ClientBrand,VOD,BVOD,Unclassified,EXCLUDING,CTC,2016-08-01,108186,3750.7615721588445,
ClientBrand,VOD,Spotify,Unclassified,EXCLUDING,CTC,2016-08-01,42000,892.5,
ClientBrand,VOD,AOD,Unclassified,EXCLUDING,CTC,2016-08-08,107386.36363636365,2362.5,
ClientBrand,VOD,BVOD,Unclassified,EXCLUDING,CTC,2016-08-08,109878,3809.422476343238,
ClientBrand,VOD,Spotify,Unclassified,EXCLUDING,CTC,2016-08-08,42000,892.5,
ClientBrand,VOD,AOD,Unclassified,EXCLUDING,CTC,2016-08-15,107386.36363636365,2362.5,
ClientBrand,VOD,BVOD,Unclassified,EXCLUDING,CTC,2016-08-15,110472,3830.016198024993,
ClientBrand,VOD,Spotify,Unclassified,EXCLUDING,CTC,2016-08-15,42000,892.5,
ClientBrand,VOD,AOD,Unclassified,EXCLUDING,CTC,2016-08-22,107386.36363636365,2362.5,
ClientBrand,VOD,BVOD,Unclassified,EXCLUDING,CTC,2016-08-22,15916,551.8007984626493,
ClientBrand,VOD,Spotify,Unclassified,EXCLUDING,CTC,2016-08-22,42000,892.5,
ClientBrand,VOD,BVOD,Unclassified,EXCLUDING,CTC,2016-08-29,105673,3663.636955010275,
ClientBrand,VOD,BVOD,Unclassified,EXCLUDING,CTC,2016-09-05,183332,4997.296187300119,
ClientBrand,VOD,BVOD,Unclassified,EXCLUDING,CTC,2016-09-12,187044,5098.478541975013,
ClientBrand,VOD,BVOD,Unclassified,EXCLUDING,CTC,2016-09-19,166336,4534.0162034492205,
ClientBrand,VOD,BVOD,Unclassified,EXCLUDING,CTC,2016-09-26,87719,2391.0600672756477,
ClientBrand,VOD,BVOD,Unclassified,EXCLUDING,CTC,2016-10-03,187992,3598.521606299638,
ClientBrand,VOD,BVOD,Unclassified,EXCLUDING,CTC,2016-10-10,112843,2160.027945974669,
ClientBrand,VOD,BVOD,Unclassified,EXCLUDING,CTC,2016-10-17,146867,2811.3115066194778,
ClientBrand,VOD,BVOD,Unclassified,EXCLUDING,CTC,2016-10-24,194187,3717.105595783372,
ClientBrand,VOD,BVOD,Unclassified,EXCLUDING,CTC,2016-10-31,247305,4733.884345322842,
ClientBrand,VOD,BVOD,Unclassified,EXCLUDING,CTC,2016-11-07,153896,8045.234730873283,
ClientBrand,VOD,BVOD,Unclassified,EXCLUDING,CTC,2016-11-14,37208,1945.1258893430186,
ClientBrand,VOD,BVOD,Unclassified,EXCLUDING,CTC,2016-11-21,271544,14195.529576858755,
ClientBrand,VOD,BVOD,Unclassified,EXCLUDING,CTC,2016-11-28,1977,103.35180292493948,
ClientBrand,VOD,BVOD,Unclassified,EXCLUDING,CTC,2016-12-05,148057,4210.099059140633,
ClientBrand,VOD,BVOD,Unclassified,EXCLUDING,CTC,2016-12-12,463806,13188.631434000286,
ClientBrand,VOD,BVOD,Unclassified,EXCLUDING,CTC,2016-12-19,351569,9997.097848281493,
ClientBrand,VOD,Spotify,Unclassified,EXCLUDING,CTC,2016-12-19,466667.14285714284,3566.964285714286,
ClientBrand,VOD,BVOD,Unclassified,EXCLUDING,CTC,2016-12-26,254,7.222658577586476,
ClientBrand,VOD,Spotify,Unclassified,EXCLUDING,CTC,2016-12-26,186666.85714285716,1426.7857142857142,
ClientBrand,VOD,BVOD,Unclassified,EXCLUDING,CTC,2017-01-02,68,14.87803903222837,
ClientBrand,VOD,BVOD,Unclassified,EXCLUDING,CTC,2017-01-09,31,6.782635441162932,
ClientBrand,VOD,BVOD,Unclassified,EXCLUDING,CTC,2017-01-16,40,8.751787666016687,
ClientBrand,VOD,BVOD,Unclassified,EXCLUDING,CTC,2017-01-23,130205,28488.162826342566,
ClientBrand,VOD,BVOD,Unclassified,EXCLUDING,CTC,2017-01-30,108638,23769.417711518025,
ClientBrand,VOD,BVOD,Unclassified,EXCLUDING,CTC,2017-02-06,148427,5117.168905221472,
ClientBrand,VOD,BVOD,Unclassified,EXCLUDING,CTC,2017-02-13,79939,2755.9767772339214,
ClientBrand,VOD,BVOD,Unclassified,EXCLUDING,CTC,2017-02-20,138035,4758.8943375008985,
ClientBrand,VOD,BVOD,Unclassified,EXCLUDING,CTC,2017-02-27,120682,4160.63235004371,
ClientBrand,VOD,BVOD,Unclassified,EXCLUDING,CTC,2017-03-06,130685,4739.156713923589,
ClientBrand,VOD,BVOD,Unclassified,EXCLUDING,CTC,2017-03-13,147402,5345.381474123005,
ClientBrand,VOD,BVOD,Unclassified,EXCLUDING,CTC,2017-03-20,16411,595.1279858606575,
ClientBrand,VOD,BVOD,Unclassified,EXCLUDING,CTC,2017-03-27,156018,5657.831826092747,
ClientBrand,VOD,BVOD,Unclassified,EXCLUDING,CTC,2017-04-03,198056,6018.801504773495,
ClientBrand,VOD,BVOD,Unclassified,EXCLUDING,CTC,2017-04-10,167506,5090.405566398336,
ClientBrand,VOD,Spotify,Unclassified,EXCLUDING,CTC,2017-04-10,671836,4993.75,
ClientBrand,VOD,BVOD,Unclassified,EXCLUDING,CTC,2017-04-17,223829,6802.027315567043,
ClientBrand,VOD,BVOD,Unclassified,EXCLUDING,CTC,2017-04-24,138692,4214.7656132611255,
ClientBrand,VOD,Spotify,Unclassified,EXCLUDING,CTC,2017-04-24,673029,4993.75,
ClientBrand,VOD,BVOD,Unclassified,EXCLUDING,CTC,2017-05-01,188109,4996.828608566485,
ClientBrand,VOD,BVOD,Unclassified,EXCLUDING,CTC,2017-05-08,154884,4114.257171157209,
ClientBrand,VOD,BVOD,Unclassified,EXCLUDING,CTC,2017-05-15,223605,5939.725696370237,
ClientBrand,VOD,BVOD,Unclassified,EXCLUDING,CTC,2017-05-22,14165,376.27161507606894,
ClientBrand,VOD,BVOD,Unclassified,EXCLUDING,CTC,2017-05-29,172895,4592.691908829999,
ClientBrand,VOD,BVOD,Unclassified,EXCLUDING,CTC,2017-06-05,303636,10084.519505889093,
ClientBrand,VOD,BVOD,Unclassified,EXCLUDING,CTC,2017-06-12,210814,7001.66612362995,
ClientBrand,VOD,BVOD,Unclassified,EXCLUDING,CTC,2017-06-19,105916,3517.7382391605383,
ClientBrand,VOD,BVOD,Unclassified,EXCLUDING,CTC,2017-06-26,220935,7337.81013132042,
ClientBrand,VOD,BVOD,Unclassified,EXCLUDING,CTC,2017-07-03,84606,2130.43986901085,
ClientBrand,VOD,BVOD,Unclassified,EXCLUDING,CTC,2017-07-10,225880,5687.820693711685,
ClientBrand,VOD,BVOD,Unclassified,EXCLUDING,CTC,2017-07-17,143276,3607.7926231283664,
ClientBrand,VOD,BVOD,Unclassified,EXCLUDING,CTC,2017-07-24,239220,6023.731478438593,
ClientBrand,VOD,BVOD,Unclassified,EXCLUDING,CTC,2017-07-31,268945,6772.228335710506,
ClientBrand,VOD,BVOD,Unclassified,EXCLUDING,CTC,2017-08-07,147812,7802.692811590153,
ClientBrand,VOD,BVOD,Unclassified,EXCLUDING,CTC,2017-08-14,119773,6322.571415870073,
ClientBrand,VOD,BVOD,Unclassified,EXCLUDING,CTC,2017-08-21,89401,4719.29572733588,
ClientBrand,VOD,BVOD,Unclassified,EXCLUDING,CTC,2017-08-28,129565,6839.471045203894,
ClientBrand,VOD,BVOD,Unclassified,EXCLUDING,CTC,2017-09-04,116948,7907.968340398223,
ClientBrand,VOD,BVOD,Unclassified,EXCLUDING,CTC,2017-09-11,85256,5764.97031868002,
ClientBrand,VOD,BVOD,Unclassified,EXCLUDING,CTC,2017-09-18,91934,6216.533514093188,
ClientBrand,VOD,BVOD,Unclassified,EXCLUDING,CTC,2017-09-25,1927,130.30282682856804,
ClientBrand,VOD,BVOD,Unclassified,EXCLUDING,CTC,2017-10-02,188840,4003.2025697240274,
ClientBrand,VOD,BVOD,Unclassified,EXCLUDING,CTC,2017-10-09,14073,298.33229063612714,
ClientBrand,VOD,BVOD,Unclassified,EXCLUDING,CTC,2017-10-16,226156,4794.261175378666,
ClientBrand,VOD,BVOD,Unclassified,EXCLUDING,CTC,2017-10-23,129,2.7346596668841325,
ClientBrand,VOD,BVOD,Unclassified,EXCLUDING,CTC,2017-10-30,206917,4386.415304594294,
ClientBrand,VOD,BVOD,Unclassified,EXCLUDING,CTC,2017-11-06,23282,8139.88219283605,
ClientBrand,VOD,BVOD,Unclassified,EXCLUDING,CTC,2017-11-13,16,5.593940172037488,
ClientBrand,VOD,BVOD,Unclassified,EXCLUDING,CTC,2017-11-20,8,2.796970086018744,
ClientBrand,VOD,BVOD,Unclassified,EXCLUDING,CTC,2017-11-27,61,21.326896905892927,
ClientBrand,VOD,BVOD,Unclassified,EXCLUDING,CTC,2017-12-04,959144,29163.411289637916,
ClientBrand,VOD,BVOD,Unclassified,EXCLUDING,CTC,2017-12-11,1694803,51531.612504391625,
ClientBrand,VOD,BVOD,Unclassified,EXCLUDING,CTC,2017-12-18,3478573,105768.3258197201,
ClientBrand,VOD,Spotify,Unclassified,EXCLUDING,CTC,2017-12-18,513128,4994.599999999999,
ClientBrand,VOD,Amazon,Unclassified,EXCLUDING,CTC,2017-12-25,121734,1239.4126527492003,
ClientBrand,VOD,BVOD,Unclassified,EXCLUDING,CTC,2017-12-25,158193,4809.963386250335,
ClientBrand,VOD,Spotify,Unclassified,EXCLUDING,CTC,2017-12-25,844972,8241.6,
ClientBrand,VOD,Amazon,Unclassified,EXCLUDING,CTC,2018-01-01,583431,5038.7172778491995,
ClientBrand,VOD,BVOD,Unclassified,EXCLUDING,CTC,2018-01-01,1329329,31049.58598969154,
ClientBrand,VOD,Spotify,Unclassified,EXCLUDING,CTC,2018-01-01,307143,2997.1,
ClientBrand,VOD,Amazon,Unclassified,EXCLUDING,CTC,2018-01-08,585346,5533.999590741602,
ClientBrand,VOD,BVOD,Unclassified,EXCLUDING,CTC,2018-01-08,554387,13155.608995632338,
ClientBrand,VOD,Spotify,Unclassified,EXCLUDING,CTC,2018-01-08,302156,2913.7999999999997,
ClientBrand,VOD,Amazon,Unclassified,EXCLUDING,CTC,2018-01-15,177745,1315.5348294182031,
ClientBrand,VOD,BVOD,Unclassified,EXCLUDING,CTC,2018-01-15,400129,9333.76799690119,
ClientBrand,VOD,Spotify,Unclassified,EXCLUDING,CTC,2018-01-15,299018,2913.7999999999997,
ClientBrand,VOD,Amazon,Unclassified,EXCLUDING,CTC,2018-01-22,177974,1331.5579586665046,
ClientBrand,VOD,BVOD,Unclassified,EXCLUDING,CTC,2018-01-22,400762,9332.916996901471,
ClientBrand,VOD,Spotify,Unclassified,EXCLUDING,CTC,2018-01-22,298465,2913.7999999999997,
ClientBrand,VOD,Amazon,Unclassified,EXCLUDING,CTC,2018-01-29,191028,1356.791836128204,
ClientBrand,VOD,BVOD,Unclassified,EXCLUDING,CTC,2018-01-29,657185,10466.44899652514,
ClientBrand,VOD,Amazon,Unclassified,EXCLUDING,CTC,2018-02-05,146664,1441.5794553348005,
ClientBrand,VOD,BVOD,Unclassified,EXCLUDING,CTC,2018-02-05,656513,10466.44899652514,
ClientBrand,VOD,BVOD,Unclassified,EXCLUDING,CTC,2018-02-12,656646,10466.44899652514,
ClientBrand,VOD,BVOD,Unclassified,EXCLUDING,CTC,2018-02-19,654873,10466.44899652514,
ClientBrand,VOD,BVOD,Unclassified,EXCLUDING,CTC,2018-03-19,1163253,29441.195990225526,
ClientBrand,VOD,BVOD,Unclassified,EXCLUDING,CTC,2018-03-26,1849174,44174.55898533405,
ClientBrand,VOD,BVOD,Unclassified,EXCLUDING,CTC,2018-04-23,1278213,31115.9639896695,
ClientBrand,VOD,BVOD,Unclassified,EXCLUDING,CTC,2018-04-30,1159464,28717.845990465677,
ClientBrand,VOD,BVOD,Unclassified,EXCLUDING,CTC,2018-05-07,503328,10211.999996609617,
ClientBrand,VOD,BVOD,Unclassified,EXCLUDING,CTC,2018-05-14,436968,10211.999996609617,
ClientBrand,VOD,BVOD,Unclassified,EXCLUDING,CTC,2018-05-21,621889,14041.499995338223,
ClientBrand,VOD,BVOD,Unclassified,EXCLUDING,CTC,2018-05-28,588615,14041.499995338223,
ClientBrand,VOD,BVOD,Unclassified,EXCLUDING,CTC,2018-06-04,251079,5366.4059982183535,
ClientBrand,VOD,BVOD,Unclassified,EXCLUDING,CTC,2018-06-11,175321,4025.229998663624,
ClientBrand,VOD,BVOD,Unclassified,EXCLUDING,CTC,2018-06-18,650518,14758.892995100048,
ClientBrand,VOD,BVOD,Unclassified,EXCLUDING,CTC,2018-06-25,500841,10734.513996436142,
ClientBrand,VOD,BVOD,Unclassified,EXCLUDING,CTC,2018-08-13,584156,11144.69599629996,
ClientBrand,VOD,BVOD,Unclassified,EXCLUDING,CTC,2018-08-20,897922,19581.50999349894,
ClientBrand,VOD,BVOD,Unclassified,EXCLUDING,CTC,2018-09-10,551118,12407.579995880684,
ClientBrand,VOD,BVOD,Unclassified,EXCLUDING,CTC,2018-09-17,608835,12407.579995880684,
ClientBrand,VOD,AOD,Unclassified,EXCLUDING,CTC,2018-10-08,150077.5991024682,1701.9999994349362,
ClientBrand,VOD,BVOD,Unclassified,EXCLUDING,CTC,2018-10-08,459076,10868.120996391785,
ClientBrand,VOD,AOD,Unclassified,EXCLUDING,CTC,2018-10-22,166666.34154876502,2552.999999152404,
ClientBrand,VOD,BVOD,Unclassified,EXCLUDING,CTC,2018-10-22,719606,18309.264993921326,
ClientBrand,VOD,BVOD,Unclassified,EXCLUDING,CTC,2018-11-12,466358,10637.49999646835,
ClientBrand,VOD,BVOD,Unclassified,EXCLUDING,CTC,2018-12-10,1052717,39450.657986902384,
ClientBrand,VOD,BVOD,Unclassified,EXCLUDING,CTC,2018-12-17,2094944,53240.261982324235,
ClientBrand,VOD,AOD,Unclassified,EXCLUDING,CTC,2018-12-24,388763,5456.611998188405,
ClientBrand,VOD,BVOD,Unclassified,EXCLUDING,CTC,2018-12-24,2382304,56017.92598140205,
ClientBrand,VOD,AOD,Unclassified,EXCLUDING,CTC,2018-12-31,238524,4489.024998509644,
ClientBrand,VOD,BVOD,Unclassified,EXCLUDING,CTC,2018-12-31,1056696,46545.85,
ClientBrand,VOD,AOD,Unclassified,EXCLUDING,CTC,2019-01-07,220296.41969375458,4095.862998640174,
ClientBrand,VOD,BVOD,Unclassified,EXCLUDING,CTC,2019-01-07,1466953,22810.9,
ClientBrand,VOD,AOD,Unclassified,EXCLUDING,CTC,2019-01-14,220536.80000000002,4095.862998640174,
ClientBrand,VOD,BVOD,Unclassified,EXCLUDING,CTC,2019-01-14,1473966,23712.32,
ClientBrand,VOD,AOD,Unclassified,EXCLUDING,CTC,2019-01-21,232773.4727061085,4099.266998639044,
ClientBrand,VOD,BVOD,Unclassified,EXCLUDING,CTC,2019-01-21,1712498,38856.33,
ClientBrand,VOD,BVOD,Unclassified,EXCLUDING,CTC,2019-02-04,1446531,22745.0,
ClientBrand,VOD,BVOD,Unclassified,EXCLUDING,CTC,2019-02-18,1361387,35986.22,
ClientBrand,VOD,BVOD,Unclassified,EXCLUDING,CTC,2019-02-25,150768,2165.0,
ClientBrand,VOD,BVOD,Unclassified,EXCLUDING,CTC,2019-03-04,334603,3577.0,
ClientBrand,VOD,BVOD,Unclassified,EXCLUDING,CTC,2019-03-11,339865,3543.0,
ClientBrand,VOD,BVOD,Unclassified,EXCLUDING,CTC,2019-03-18,2569318,40187.79,
ClientBrand,VOD,BVOD,Unclassified,EXCLUDING,CTC,2019-04-08,706165,31256.2,
ClientBrand,VOD,BVOD,Unclassified,EXCLUDING,CTC,2019-04-15,2931954,40537.46,
ClientBrand,VOD,BVOD,Unclassified,EXCLUDING,CTC,2019-04-22,1107828,11191.0,
ClientBrand,VOD,BVOD,Unclassified,EXCLUDING,CTC,2019-04-29,1802407,29638.74,
ClientBrand,VOD,BVOD,Unclassified,EXCLUDING,CTC,2019-05-20,1725910,36401.12,
ClientBrand,VOD,BVOD,Unclassified,EXCLUDING,CTC,2019-05-27,331578,11117.55,
ClientBrand,VOD,BVOD,Unclassified,EXCLUDING,CTC,2019-06-03,171659,3762.15738284704,
ClientBrand,VOD,BVOD,Unclassified,EXCLUDING,CTC,2019-06-10,292574,3762.157382847038,
ClientBrand,VOD,BVOD,Unclassified,EXCLUDING,CTC,2019-06-17,1295894,26136.527383,
ClientBrand,VOD,BVOD,Unclassified,EXCLUDING,CTC,2019-06-24,278623,3762.157382847038,
ClientBrand,VOD,BVOD,Unclassified,EXCLUDING,CTC,2019-07-08,477683,28312.0,
ClientBrand,VOD,BVOD,Unclassified,EXCLUDING,CTC,2019-07-15,120793,2683.63233,
ClientBrand,VOD,BVOD,Unclassified,EXCLUDING,CTC,2019-07-22,2908320,48548.0,
ClientBrand,VOD,BVOD,Unclassified,EXCLUDING,CTC,2019-07-29,1362784,32683.632330000004,
ClientBrand,VOD,BVOD,Unclassified,EXCLUDING,CTC,2019-08-05,565165,20587.453116999997,
ClientBrand,VOD,BVOD,Unclassified,EXCLUDING,CTC,2019-08-12,374812,6759.996400666666,
ClientBrand,VOD,BVOD,Unclassified,EXCLUDING,CTC,2019-08-19,587152,20587.453116999997,
ClientBrand,VOD,BVOD,Unclassified,EXCLUDING,CTC,2019-08-26,388813,6759.996400666666,
ClientBrand,VOD,BVOD,Unclassified,EXCLUDING,CTC,2019-09-02,374763,6759.996400666666,
ClientBrand,VOD,BVOD,Unclassified,EXCLUDING,CTC,2019-09-16,782754,21895.43,
ClientBrand,VOD,BVOD,Unclassified,EXCLUDING,CTC,2019-09-23,812821,36503.0,
ClientBrand,VOD,BVOD,Unclassified,EXCLUDING,CTC,2019-09-30,1325678,31828.5248111416,
ClientBrand,VOD,BVOD,Unclassified,EXCLUDING,CTC,2019-10-07,1577521,49130.80921065452,
ClientBrand,VOD,BVOD,Unclassified,EXCLUDING,CTC,2019-10-14,1303628,40399.84995238104,
ClientBrand,VOD,Teads,Unclassified,EXCLUDING,CTC,2019-10-14,252143,4637.065633200001,
ClientBrand,VOD,BVOD,Unclassified,EXCLUDING,CTC,2019-10-21,1041064,24110.27349708768,
ClientBrand,VOD,Teads,Unclassified,EXCLUDING,CTC,2019-10-21,522291,9963.9157618,
ClientBrand,VOD,BVOD,Unclassified,EXCLUDING,CTC,2019-10-28,1290896,40399.84995238104,
ClientBrand,VOD,BVOD,Unclassified,EXCLUDING,CTC,2019-11-04,850407,26615.7479078794,
ClientBrand,VOD,Teads,Unclassified,EXCLUDING,CTC,2019-11-04,899828,8981.183211000001,
ClientBrand,VOD,BVOD,Unclassified,EXCLUDING,CTC,2019-11-11,850808,26615.7479078794,
ClientBrand,VOD,BVOD,Unclassified,EXCLUDING,CTC,2019-11-18,643453,21630.6131259,
ClientBrand,VOD,Teads,Unclassified,EXCLUDING,CTC,2019-12-02,709941,9715.3200144,
ClientBrand,VOD,BVOD,Unclassified,EXCLUDING,CTC,2019-12-09,746741,20000.0,
ClientBrand,VOD,Teads,Unclassified,EXCLUDING,CTC,2019-12-09,331109,4637.426393600001,
ClientBrand,VOD,BVOD,Unclassified,EXCLUDING,CTC,2019-12-16,1530334,40000.0,
ClientBrand,VOD,Teads,Unclassified,EXCLUDING,CTC,2019-12-16,954719,13878.261597200002,
ClientBrand,VOD,BVOD,Unclassified,EXCLUDING,CTC,2019-12-23,7289470,168817.3131649004,
ClientBrand,VOD,Teads,Unclassified,EXCLUDING,CTC,2019-12-23,1098156,16409.568775599997,
ClientBrand,VOD,BVOD,Unclassified,EXCLUDING,CTC,2019-12-30,4734651.6,106198.46871526484,
ClientBrand,VOD,Teads,Unclassified,EXCLUDING,CTC,2019-12-30,1084700,11981.468298799999,
ClientBrand,VOD,Teads,Unclassified,EXCLUDING,CTC,2020-01-06,455856,6553.265719,Updated 09/02/2022
ClientBrand,VOD,BVOD,Unclassified,EXCLUDING,CTC,2020-01-06,4133683,77126.0,Updated 09/02/2022
ClientBrand,VOD,Teads,Unclassified,EXCLUDING,CTC,2020-01-13,304293,4123.417098,Updated 09/02/2022
ClientBrand,VOD,BVOD,Unclassified,EXCLUDING,CTC,2020-01-13,2391172,44614.0,Updated 09/02/2022
ClientBrand,VOD,BVOD,Unclassified,EXCLUDING,CTC,2020-01-20,1662348,31016.0,Updated 09/02/2022
ClientBrand,VOD,BVOD,Unclassified,EXCLUDING,CTC,2020-01-27,1575013,29386.0,Updated 09/02/2022
ClientBrand,VOD,BVOD,Unclassified,EXCLUDING,CTC,2020-02-03,1507836,28133.0,Updated 09/02/2022
ClientBrand,VOD,BVOD,Unclassified,EXCLUDING,CTC,2020-02-17,1611652,30070.0,Updated 09/02/2022
ClientBrand,VOD,BVOD,Unclassified,EXCLUDING,CTC,2020-03-09,1598674,29828.0,Updated 09/02/2022
ClientBrand,VOD,BVOD,Unclassified,EXCLUDING,CTC,2020-06-29,1232751,23000.0,Updated 09/02/2022
ClientBrand,VOD,BVOD,Unclassified,EXCLUDING,CTC,2020-07-06,1081683,20182.0,Updated 09/02/2022
ClientBrand,VOD,BVOD,Unclassified,EXCLUDING,CTC,2020-07-13,819504,15290.0,Updated 09/02/2022
ClientBrand,VOD,BVOD,Unclassified,EXCLUDING,CTC,2020-08-03,1391296,25959.0,Updated 09/02/2022
ClientBrand,VOD,BVOD,Unclassified,EXCLUDING,CTC,2020-08-10,1187611,22158.0,Updated 09/02/2022
ClientBrand,VOD,BVOD,Unclassified,EXCLUDING,CTC,2020-08-17,668262,12468.0,Updated 09/02/2022
ClientBrand,VOD,BVOD,Unclassified,EXCLUDING,CTC,2020-08-24,1349978,25188.0,Updated 09/02/2022
ClientBrand,VOD,BVOD,Unclassified,EXCLUDING,CTC,2020-08-31,2481875,46306.0,Updated 09/02/2022
ClientBrand,VOD,BVOD,Unclassified,EXCLUDING,CTC,2020-09-07,2151381,40140.0,Updated 09/02/2022
ClientBrand,VOD,BVOD,Unclassified,EXCLUDING,CTC,2020-09-14,1203022,22446.0,Updated 09/02/2022
ClientBrand,VOD,BVOD,Unclassified,EXCLUDING,CTC,2020-09-21,2094262,39074.0,Updated 09/02/2022
ClientBrand,VOD,BVOD,Unclassified,EXCLUDING,CTC,2020-09-28,591802,11042.0,Updated 09/02/2022
ClientBrand,VOD,BVOD,Unclassified,EXCLUDING,CTC,2020-10-05,1898655,35425.0,Updated 09/02/2022
ClientBrand,VOD,BVOD,Unclassified,EXCLUDING,CTC,2020-10-12,1531176,28568.0,Updated 09/02/2022
ClientBrand,VOD,BVOD,Unclassified,EXCLUDING,CTC,2020-10-19,698475,13032.0,Updated 09/02/2022
ClientBrand,VOD,BVOD,Unclassified,EXCLUDING,CTC,2020-10-26,1039351,19392.0,Updated 09/02/2022
ClientBrand,VOD,BVOD,Unclassified,EXCLUDING,CTC,2020-11-02,2194871,40952.0,Updated 09/02/2022
ClientBrand,VOD,BVOD,Unclassified,EXCLUDING,CTC,2020-11-09,1286237,23998.0,Updated 09/02/2022
ClientBrand,VOD,BVOD,Unclassified,EXCLUDING,CTC,2020-11-16,1028061,19181.0,Updated 09/02/2022
ClientBrand,VOD,BVOD,Unclassified,EXCLUDING,CTC,2020-12-07,1275914,23806.0,Updated 09/02/2022
ClientBrand,VOD,BVOD,Unclassified,EXCLUDING,CTC,2020-12-14,3092534,57700.0,Updated 09/02/2022
ClientBrand,VOD,BVOD,Unclassified,EXCLUDING,CTC,2020-12-21,5442180,101539.0,Updated 09/02/2022
ClientBrand,VOD,BVOD,Unclassified,EXCLUDING,CTC,2020-12-28,2007308,37452.0,Updated 09/02/2022
ClientBrand,VOD,BVOD,Unclassified,EXCLUDING,CTC,2021-01-04,906754,16918.0,Updated 09/02/2022
ClientBrand,VOD,BVOD,Unclassified,EXCLUDING,CTC,2021-01-25,54429,1016.0,Updated 09/02/2022
ClientBrand,VOD,BVOD,Unclassified,EXCLUDING,CTC,2021-03-22,2706898,50505.0,Updated 09/02/2022
ClientBrand,VOD,BVOD,Unclassified,EXCLUDING,CTC,2021-03-29,1220755,22777.0,Updated 09/02/2022
ClientBrand,VOD,BVOD,Unclassified,EXCLUDING,CTC,2021-04-05,1300543,24265.0,Updated 09/02/2022
ClientBrand,VOD,BVOD,Unclassified,EXCLUDING,CTC,2021-04-12,1159269,21629.0,Updated 09/02/2022
ClientBrand,VOD,BVOD,Unclassified,EXCLUDING,CTC,2021-04-19,1195496,22305.0,Updated 09/02/2022
ClientBrand,VOD,BVOD,Unclassified,EXCLUDING,CTC,2021-04-26,487957,9104.0,Updated 09/02/2022
ClientBrand,VOD,BVOD,Unclassified,EXCLUDING,CTC,2021-05-03,894253,16685.0,Updated 09/02/2022
ClientBrand,VOD,BVOD,Unclassified,EXCLUDING,CTC,2021-05-10,126568,2361.0,Updated 09/02/2022
ClientBrand,VOD,BVOD,Unclassified,EXCLUDING,CTC,2021-05-24,1785184,33308.0,Updated 09/02/2022
ClientBrand,VOD,BVOD,Unclassified,EXCLUDING,CTC,2021-05-31,140623,2624.0,Updated 09/02/2022
ClientBrand,VOD,BVOD,Unclassified,EXCLUDING,CTC,2021-06-14,488073,9106.0,Updated 09/02/2022
ClientBrand,VOD,BVOD,Unclassified,EXCLUDING,CTC,2021-06-21,668288,12469.0,Updated 09/02/2022
ClientBrand,VOD,BVOD,Unclassified,EXCLUDING,CTC,2021-06-28,1030297,19223.0,Updated 09/02/2022
ClientBrand,VOD,BVOD,Unclassified,EXCLUDING,CTC,2021-07-05,439046,8192.0,Updated 09/02/2022
ClientBrand,VOD,BVOD,Unclassified,EXCLUDING,CTC,2021-07-12,1865441,34805.0,Updated 09/02/2022
ClientBrand,VOD,BVOD,Unclassified,EXCLUDING,CTC,2021-07-19,600395,11202.0,Updated 09/02/2022
ClientBrand,VOD,BVOD,Unclassified,EXCLUDING,CTC,2021-07-26,2006387,37435.0,Updated 09/02/2022
ClientBrand,VOD,BVOD,Unclassified,EXCLUDING,CTC,2021-08-02,923824,17237.0,Updated 09/02/2022
ClientBrand,VOD,BVOD,Unclassified,EXCLUDING,CTC,2021-08-09,914532,17063.0,Updated 09/02/2022
ClientBrand,VOD,BVOD,Unclassified,EXCLUDING,CTC,2021-08-16,1295068,24163.0,Updated 09/02/2022
ClientBrand,VOD,BVOD,Unclassified,EXCLUDING,CTC,2021-08-23,1049242,19577.0,Updated 09/02/2022
ClientBrand,VOD,BVOD,Unclassified,EXCLUDING,CTC,2021-08-30,702754,13112.0,Updated 09/02/2022
ClientBrand,VOD,BVOD,Unclassified,EXCLUDING,CTC,2021-09-06,1523314,28422.0,Updated 09/02/2022
ClientBrand,VOD,BVOD,Unclassified,EXCLUDING,CTC,2021-09-13,1638061,30563.0,Updated 09/02/2022
ClientBrand,VOD,BVOD,Unclassified,EXCLUDING,CTC,2021-09-20,246651,4602.0,Updated 09/02/2022
ClientBrand,VOD,UMG,Unclassified,EXCLUDING,CTC,2021-10-11,2332232,19822.85361347916,Updated 09/02/2022
ClientBrand,VOD,BVOD,Unclassified,EXCLUDING,CTC,2021-10-11,5083112,94840.0,Updated 09/02/2022
ClientBrand,VOD,UMG,Unclassified,EXCLUDING,CTC,2021-10-18,2335310,19849.015137897648,Updated 09/02/2022
ClientBrand,VOD,BVOD,Unclassified,EXCLUDING,CTC,2021-10-18,2907015,54239.0,Updated 09/02/2022
ClientBrand,VOD,UMG,Unclassified,EXCLUDING,CTC,2021-10-25,1517928,12901.660101328725,Updated 09/02/2022
ClientBrand,VOD,BVOD,Unclassified,EXCLUDING,CTC,2021-10-25,5190178,96838.0,Updated 09/02/2022
ClientBrand,VOD,UMG,Unclassified,EXCLUDING,CTC,2021-11-01,686823,6239.479528069166,Updated 09/02/2022
ClientBrand,VOD,BVOD,Unclassified,EXCLUDING,CTC,2021-11-01,4838445,90275.0,Updated 09/02/2022
ClientBrand,VOD,BVOD,Unclassified,EXCLUDING,CTC,2021-11-08,2684716,50091.0,Updated 09/02/2022
ClientBrand,VOD,BVOD,Unclassified,EXCLUDING,CTC,2021-11-15,1968681,36731.0,Updated 09/02/2022
ClientBrand,VOD,BVOD,Unclassified,EXCLUDING,CTC,2021-11-22,530828,9904.0,Updated 09/02/2022
ClientBrand,VOD,Hearst,Unclassified,EXCLUDING,CTC,2021-12-06,229621,6083.122250712656,Updated 09/02/2022
ClientBrand,VOD,BVOD,Unclassified,EXCLUDING,CTC,2021-12-06,2892971,53977.0,Updated 09/02/2022
ClientBrand,VOD,Hearst,Unclassified,EXCLUDING,CTC,2021-12-13,330644,8759.424762824987,Updated 09/02/2022
ClientBrand,VOD,BVOD,Unclassified,EXCLUDING,CTC,2021-12-13,1744150,32542.0,Updated 09/02/2022
ClientBrand,VOD,Hearst,Unclassified,EXCLUDING,CTC,2021-12-20,381621,10109.908050392673,Updated 09/02/2022
ClientBrand,VOD,BVOD,Unclassified,EXCLUDING,CTC,2021-12-20,5990020,111761.0,Updated 09/02/2022
ClientBrand,VOD,Hearst,Unclassified,EXCLUDING,CTC,2021-12-27,121286,3212.8158194316875,Updated 09/02/2022
ClientBrand,VOD,BVOD,Promo,EXCLUDING,CTC,2021-12-27,1169051,17101.0,Updated 09/02/2022
ClientBrand,VOD,BVOD,Brand,EXCLUDING,CTC,2021-12-27,94482,2027.157311261854,Updated 09/02/2022
ClientBrand,VOD,Hearst,Brand,EXCLUDING,CTC,2022-01-03,109745,2906.0651592,Updated 09/02/2022
ClientBrand,VOD,BVOD,Promo,EXCLUDING,CTC,2022-01-03,2841733,41568.725104402365,Promo
ClientBrand,VOD,BVOD,Brand,EXCLUDING,CTC,2022-01-03,575557,12348.855661374007,Brand
ClientBrand,VOD,BVOD,Promo,EXCLUDING,CTC,2022-01-03,2841733,67754.37179811085,Updated 09/02/2022
ClientBrand,VOD,BVOD,Brand,EXCLUDING,CTC,2022-01-03,1127748,22518.0711489111,Updated 09/02/2022
ClientBrand,VOD,Hearst,Brand,EXCLUDING,CTC,2022-01-10,102607,2717.04977712,Promo
ClientBrand,VOD,BVOD,Promo,EXCLUDING,CTC,2022-01-10,2373093,34713.48313306757,Brand
ClientBrand,VOD,BVOD,Brand,EXCLUDING,CTC,2022-01-10,534455,11466.992239690673,Updated 09/02/2022
ClientBrand,VOD,BVOD,Promo,EXCLUDING,CTC,2022-01-10,2373093,56580.76442561432,Updated 09/02/2022
ClientBrand,VOD,BVOD,Brand,EXCLUDING,CTC,2022-01-10,553939,11060.660550190882,Promo
ClientBrand,VOD,Hearst,Brand,EXCLUDING,CTC,2022-01-17,117018,3098.6553628799993,Brand
ClientBrand,VOD,BVOD,Promo,EXCLUDING,CTC,2022-01-17,2141312,31323.00250965099,Updated 09/02/2022
ClientBrand,VOD,BVOD,Brand,EXCLUDING,CTC,2022-01-17,497522,10674.576742804134,Updated 09/02/2022
ClientBrand,VOD,BVOD,Promo,EXCLUDING,CTC,2022-01-17,1979178,47188.797141266055,Promo
ClientBrand,VOD,BVOD,Brand,EXCLUDING,CTC,2022-01-17,497627,9936.262526397019,Brand
ClientBrand,VOD,Hearst,Brand,EXCLUDING,CTC,2022-01-24,93352,2471.9758963199997,Updated 09/02/2022
ClientBrand,VOD,BVOD,Promo,EXCLUDING,CTC,2022-01-24,1889618,27641.235539838042,Brand
ClientBrand,VOD,BVOD,Brand,EXCLUDING,CTC,2022-01-24,423794,9092.706606220298,Brand
ClientBrand,VOD,BVOD,Promo,EXCLUDING,CTC,2022-01-24,1430805,34114.14581897595,Promo
ClientBrand,VOD,BVOD,Brand,EXCLUDING,CTC,2022-01-24,382572,7638.925997280614,Brand
ClientBrand,VOD,BVOD,Promo,EXCLUDING,CTC,2022-01-31,187,2.7354264438366456,Promo
ClientBrand,VOD,BVOD,Brand,EXCLUDING,CTC,2022-01-31,48459,1039.7114386490355,Brand
ClientBrand,VOD,BVOD,Brand,EXCLUDING,CTC,2022-01-31,514731,10277.78305131125,Brand
ClientBrand,VOD,BVOD,Brand,EXCLUDING,CTC,2022-02-07,614379,12267.483546321388,Brand
ClientBrand,VOD,BVOD,Promo,EXCLUDING,CTC,2022-02-14,983021,23437.8002153442,Promo
ClientBrand,VOD,BVOD,Brand,EXCLUDING,CTC,2022-02-14,492187,9827.640469829348,Promo
ClientBrand,VOD,BVOD,Promo,EXCLUDING,CTC,2022-02-21,976156,23274.120600688624,Promo
ClientBrand,VOD,BVOD,Brand,EXCLUDING,CTC,2022-02-21,406824,8123.172709758394,Promo
ClientBrand,VOD,BVOD,Brand,EXCLUDING,CTC,2022-02-28,536071,12879.94922384157,Promo
ClientBrand,VOD,BVOD,Brand,EXCLUDING,CTC,2022-03-07,462823,11120.05077615843,Brand
ClientBrand,VOD,BVOD,Promo,EXCLUDING,CTC,2022-04-11,1439083,37674.59455581002,Brand
ClientBrand,VOD,BVOD,Promo,EXCLUDING,CTC,2022-04-18,1562149,40896.411263814574,Promo
ClientBrand,VOD,BVOD,Promo,EXCLUDING,CTC,2022-04-25,92782,2428.994180375396,Brand
ClientBrand,VOD,BVOD,Promo,EXCLUDING,CTC,2022-08-22,2470918,56720.23799417702,Promo
ClientBrand,VOD,BVOD,Promo,EXCLUDING,CTC,2022-08-29,557425,12795.762005822988,Brand
ClientBrand,VOD,BVOD,Brand,EXCLUDING,CTC,2022-10-10,3458595,115395.63385527398,Brand
ClientBrand,VOD,BVOD,Brand,EXCLUDING,CTC,2022-10-17,2647852,88345.28468784432,Promo
ClientBrand,VOD,BVOD,Promo,EXCLUDING,CTC,2022-10-24,1753301,46815.1601819819,Brand
ClientBrand,VOD,BVOD,Brand,EXCLUDING,CTC,2022-10-31,3237208,108009.0814568817,Promo
ClientBrand,VOD,BVOD,Promo,EXCLUDING,CTC,2022-11-21,4661403,124464.83981801811,Promo
ClientBrand,VOD,BVOD,Brand,EXCLUDING,CTC,2022-12-05,1643925,40935.665638076825,Promo
ClientBrand,VOD,BVOD,Brand,EXCLUDING,CTC,2022-12-12,4692098,116838.75777124199,Promo
ClientBrand,VOD,BVOD,Promo,EXCLUDING,CTC,2022-12-19,3913120,76430.21452145136,Promo
ClientBrand,VOD,BVOD,Brand,EXCLUDING,CTC,2022-12-19,6313982,157225.5765906812,Promo
ClientBrand,VOD,BVOD,Promo,EXCLUDING,CTC,2022-12-26,9789815,191212.55176823668,Promo
ClientBrand,VOD,BVOD,Promo,EXCLUDING,CTC,2023-01-02,7247170,141550.15889454618,
ClientBrand,VOD,BVOD,Promo,EXCLUDING,CTC,2023-01-09,5579758,108982.62790759915,
ClientBrand,VOD,BVOD,Promo,EXCLUDING,CTC,2023-01-16,6707051,131000.67126393129,
ClientBrand,VOD,BVOD,Promo,EXCLUDING,CTC,2023-01-30,3309738,64645.08764101264,
ClientBrand,VOD,BVOD,Promo,EXCLUDING,CTC,2023-02-06,2510133,49027.37551298561,
ClientBrand,VOD,BVOD,Promo,EXCLUDING,CTC,2023-02-13,2567677,50151.31249023711,
