Brand,Media L1,Media L2,Objective,Device Type,Format,Message,Confirm VAT,Confirm CTC,wc Mon,Impressions,Spend,Comment
ClientBrand,Youtube,,Reach,Large Screen,TruView,Unclassified,EXCLUDING,CTC,2014-08-18,Missing,6579.0,
ClientBrand,Youtube,,Reach,Large Screen,TruView,Unclassified,EXCLUDING,CTC,2014-08-25,Missing,6579.0,
ClientBrand,Youtube,,Reach,Large Screen,TruView,Unclassified,EXCLUDING,CTC,2014-09-01,Missing,6579.0,
ClientBrand,Youtube,,Reach,Large Screen,TruView,Unclassified,EXCLUDING,CTC,2016-03-28,193561.403508772,2467.907894736842,
ClientBrand,Youtube,,Reach,Large Screen,TruView,Unclassified,EXCLUDING,CTC,2016-04-04,129066.66666666666,1645.6,
ClientBrand,Youtube,,Reach,Large Screen,TruView,Unclassified,EXCLUDING,CTC,2016-04-11,129066.66666666666,1645.6,
ClientBrand,Youtube,,Reach,Large Screen,TruView,Unclassified,EXCLUDING,CTC,2016-04-18,129066.66666666666,1645.6,
ClientBrand,Youtube,,Reach,Large Screen,TruView,Unclassified,EXCLUDING,CTC,2016-04-25,193533.33333333334,2467.5499999999997,
ClientBrand,Youtube,,Reach,Large Screen,TruView,Unclassified,EXCLUDING,CTC,2016-05-02,168066.66666666666,2142.85,
ClientBrand,Youtube,,Reach,Large Screen,TruView,Unclassified,EXCLUDING,CTC,2016-05-09,168066.66666666666,2142.85,
ClientBrand,Youtube,,Reach,Large Screen,TruView,Unclassified,EXCLUDING,CTC,2016-05-16,168066.66666666666,2142.85,
ClientBrand,Youtube,,Reach,Large Screen,TruView,Unclassified,EXCLUDING,CTC,2016-05-23,336133.3333333333,4285.7,
ClientBrand,Youtube,,Conversion,Large Screen,TruView,Unclassified,EXCLUDING,CTC,2016-05-30,40000,510.0,
ClientBrand,Youtube,,Conversion,Large Screen,TruView,Unclassified,EXCLUDING,CTC,2016-06-06,150000,1912.5,
ClientBrand,Youtube,,Conversion,Large Screen,TruView,Unclassified,EXCLUDING,CTC,2016-06-13,150000,1912.5,
ClientBrand,Youtube,,Conversion,Large Screen,TruView,Unclassified,EXCLUDING,CTC,2016-06-20,60000,765.0,
ClientBrand,Youtube,,Conversion,Large Screen,TruView,Unclassified,EXCLUDING,CTC,2016-06-27,368000,4692.0,
ClientBrand,Youtube,,Conversion,Large Screen,TruView,Unclassified,EXCLUDING,CTC,2016-07-04,58000,739.5,
ClientBrand,Youtube,,Conversion,Large Screen,TruView,Unclassified,EXCLUDING,CTC,2016-07-11,348000,4437.0,
ClientBrand,Youtube,,Conversion,Large Screen,TruView,Unclassified,EXCLUDING,CTC,2016-07-18,58000,739.5,
ClientBrand,Youtube,,Conversion,Large Screen,TruView,Unclassified,EXCLUDING,CTC,2016-07-25,348000,4437.0,
ClientBrand,Youtube,,Conversion,Large Screen,TruView,Unclassified,EXCLUDING,CTC,2016-08-01,210000,2677.5,
ClientBrand,Youtube,,Conversion,Large Screen,TruView,Unclassified,EXCLUDING,CTC,2016-08-08,210000,2677.5,
ClientBrand,Youtube,,Conversion,Large Screen,TruView,Unclassified,EXCLUDING,CTC,2016-08-15,210000,2677.5,
ClientBrand,Youtube,,Conversion,Large Screen,TruView,Unclassified,EXCLUDING,CTC,2016-08-22,210000,2677.5,
ClientBrand,Youtube,,Conversion,Large Screen,TruView,Unclassified,EXCLUDING,CTC,2016-12-26,272610,1268.139054,
ClientBrand,Youtube,,Conversion,Large Screen,TruView,Unclassified,EXCLUDING,CTC,2017-01-02,1435960,6819.008172,
ClientBrand,Youtube,,Conversion,Large Screen,TruView,Unclassified,EXCLUDING,CTC,2017-01-09,511471,2606.754651,
ClientBrand,Youtube,,Conversion,Large Screen,TruView,Unclassified,EXCLUDING,CTC,2017-01-16,615886,3216.284866,
ClientBrand,Youtube,,Conversion,Large Screen,TruView,Unclassified,EXCLUDING,CTC,2017-01-23,848267,4722.025079999999,
ClientBrand,Youtube,,Conversion,Large Screen,TruView,Unclassified,EXCLUDING,CTC,2017-01-30,718114,4241.197953,
ClientBrand,Youtube,,Conversion,Large Screen,TruView,Unclassified,EXCLUDING,CTC,2017-02-06,631442,3954.435715,
ClientBrand,Youtube,,Conversion,Large Screen,TruView,Unclassified,EXCLUDING,CTC,2017-02-13,452426,2629.812214,
ClientBrand,Youtube,,Conversion,Large Screen,TruView,Unclassified,EXCLUDING,CTC,2017-02-20,205540,947.251419,
ClientBrand,Youtube,,Conversion,Large Screen,TruView,Unclassified,EXCLUDING,CTC,2017-02-27,265122,1327.925342,
ClientBrand,Youtube,,Conversion,Large Screen,TruView,Unclassified,EXCLUDING,CTC,2017-03-06,425609,2028.651336,
ClientBrand,Youtube,,Conversion,Large Screen,TruView,Unclassified,EXCLUDING,CTC,2017-03-13,2141874,9606.535707000001,
ClientBrand,Youtube,,Conversion,Large Screen,TruView,Unclassified,EXCLUDING,CTC,2017-03-20,1881709,8460.911948,
ClientBrand,Youtube,,Conversion,Large Screen,TruView,Unclassified,EXCLUDING,CTC,2017-03-27,185527,813.054721,
ClientBrand,Youtube,,Conversion,Large Screen,TruView,Unclassified,EXCLUDING,CTC,2017-04-03,431308,4329.438093,
ClientBrand,Youtube,,Conversion,Large Screen,TruView,Unclassified,EXCLUDING,CTC,2017-04-10,2061758,11636.629054,
ClientBrand,Youtube,,Conversion,Large Screen,TruView,Unclassified,EXCLUDING,CTC,2017-04-17,428017,2931.0470290000003,
ClientBrand,Youtube,,Conversion,Large Screen,TruView,Unclassified,EXCLUDING,CTC,2017-04-24,763228,4589.057459,
ClientBrand,Youtube,,Conversion,Large Screen,TruView,Unclassified,EXCLUDING,CTC,2017-05-01,267281,2053.436998,
ClientBrand,Youtube,,Conversion,Large Screen,TruView,Unclassified,EXCLUDING,CTC,2017-05-08,863376,4776.6188,
ClientBrand,Youtube,,Conversion,Large Screen,TruView,Unclassified,EXCLUDING,CTC,2017-05-15,309458,2134.567615,
ClientBrand,Youtube,,Conversion,Large Screen,TruView,Unclassified,EXCLUDING,CTC,2017-05-22,196225,1654.086785,
ClientBrand,Youtube,,Conversion,Large Screen,TruView,Unclassified,EXCLUDING,CTC,2017-05-29,235722,1820.57725,
ClientBrand,Youtube,,Conversion,Large Screen,TruView,Unclassified,EXCLUDING,CTC,2017-06-05,213369,1975.778566,
ClientBrand,Youtube,,Conversion,Large Screen,TruView,Unclassified,EXCLUDING,CTC,2017-06-12,182380,1528.966654,
ClientBrand,Youtube,,Conversion,Large Screen,TruView,Unclassified,EXCLUDING,CTC,2017-06-19,166267,1476.062289,
ClientBrand,Youtube,,Conversion,Large Screen,TruView,Unclassified,EXCLUDING,CTC,2017-06-26,168728,1555.342108,
ClientBrand,Youtube,,Conversion,Large Screen,TruView,Unclassified,EXCLUDING,CTC,2017-07-03,194526,1578.830773,
ClientBrand,Youtube,,Conversion,Large Screen,TruView,Unclassified,EXCLUDING,CTC,2017-07-10,177785,1587.63311,
ClientBrand,Youtube,,Conversion,Large Screen,TruView,Unclassified,EXCLUDING,CTC,2017-07-17,183922,1561.469387,
ClientBrand,Youtube,,Conversion,Large Screen,TruView,Unclassified,EXCLUDING,CTC,2017-07-24,184526,1490.560499,
ClientBrand,Youtube,,Conversion,Large Screen,TruView,Unclassified,EXCLUDING,CTC,2017-07-31,220459,1564.00737,
ClientBrand,Youtube,,Conversion,Large Screen,TruView,Unclassified,EXCLUDING,CTC,2017-08-07,294171,1841.274501,
ClientBrand,Youtube,,Conversion,Large Screen,TruView,Unclassified,EXCLUDING,CTC,2017-08-14,293948,1821.13769,
ClientBrand,Youtube,,Conversion,Large Screen,TruView,Unclassified,EXCLUDING,CTC,2017-08-21,391613,2717.760157,
ClientBrand,Youtube,,Conversion,Large Screen,TruView,Unclassified,EXCLUDING,CTC,2017-08-28,235539,1794.5537789999998,
ClientBrand,Youtube,,Conversion,Large Screen,TruView,Unclassified,EXCLUDING,CTC,2017-09-04,287104,2127.356913,
ClientBrand,Youtube,,Conversion,Large Screen,TruView,Unclassified,EXCLUDING,CTC,2017-09-11,149184,1175.046573,
ClientBrand,Youtube,,Conversion,Large Screen,TruView,Unclassified,EXCLUDING,CTC,2017-09-18,123541,951.084691,
ClientBrand,Youtube,,Conversion,Large Screen,TruView,Unclassified,EXCLUDING,CTC,2017-12-11,78836,1230.870211,
ClientBrand,Youtube,,Conversion,Large Screen,TruView,Unclassified,EXCLUDING,CTC,2017-12-18,494612,4620.952107,
ClientBrand,Youtube,,Conversion,Large Screen,TruView,Unclassified,EXCLUDING,CTC,2017-12-25,494077,4553.382355,
ClientBrand,Youtube,,Conversion,Large Screen,TruView,Unclassified,EXCLUDING,CTC,2018-01-01,1265330,25666.08340147886,
ClientBrand,Youtube,,Conversion,Large Screen,TruView,Unclassified,EXCLUDING,CTC,2018-01-08,574115,11645.407376133724,
ClientBrand,Youtube,,Conversion,Large Screen,TruView,Unclassified,EXCLUDING,CTC,2018-01-15,170348,3455.3578488528215,
ClientBrand,Youtube,,Conversion,Large Screen,TruView,Unclassified,EXCLUDING,CTC,2018-01-22,165668,3360.428798884338,
ClientBrand,Youtube,,Conversion,Large Screen,TruView,Unclassified,EXCLUDING,CTC,2018-01-29,224939,4562.279078485323,
ClientBrand,Youtube,,Conversion,Large Screen,TruView,Unclassified,EXCLUDING,CTC,2018-02-05,245854,4986.92807834434,
ClientBrand,Youtube,,Conversion,Large Screen,TruView,Unclassified,EXCLUDING,CTC,2018-02-12,222093,4504.955718504355,
ClientBrand,Youtube,,Conversion,Large Screen,TruView,Unclassified,EXCLUDING,CTC,2018-02-19,182605,3703.551998770421,
ClientBrand,Youtube,,Conversion,Large Screen,TruView,Unclassified,EXCLUDING,CTC,2018-02-26,116746,2368.0862092137954,
ClientBrand,Youtube,,Conversion,Large Screen,TruView,Unclassified,EXCLUDING,CTC,2018-03-19,1408324,12869.67299572727,
ClientBrand,Youtube,,Conversion,Large Screen,TruView,Unclassified,EXCLUDING,CTC,2018-04-23,1052825,10531.124996503668,
ClientBrand,Youtube,,Conversion,Large Screen,TruView,Unclassified,EXCLUDING,CTC,2018-06-04,309042,2220.258999262874,
ClientBrand,Youtube,,Conversion,Large Screen,TruView,Unclassified,EXCLUDING,CTC,2018-06-11,268856,2220.2589992628737,
ClientBrand,Youtube,,Conversion,Large Screen,TruView,Unclassified,EXCLUDING,CTC,2018-06-18,288086,2220.258999262874,
ClientBrand,Youtube,,Conversion,Large Screen,TruView,Unclassified,EXCLUDING,CTC,2018-06-25,169880,2220.258999262874,
ClientBrand,Youtube,,Conversion,Large Screen,TruView,Unclassified,EXCLUDING,CTC,2018-08-13,828080.0488877196,8509.99999717468,
ClientBrand,Youtube,,Conversion,Large Screen,TruView,Unclassified,EXCLUDING,CTC,2018-08-20,656605,8509.99999717468,
ClientBrand,Youtube,,Conversion,Large Screen,TruView,Unclassified,EXCLUDING,CTC,2018-09-10,695770,7400.295997543102,
ClientBrand,Youtube,,Conversion,Large Screen,TruView,Unclassified,EXCLUDING,CTC,2018-09-17,581713,7400.295997543102,
ClientBrand,Youtube,,Conversion,Large Screen,TruView,Unclassified,EXCLUDING,CTC,2018-10-08,652537.4008975318,7400.295997543102,
ClientBrand,Youtube,,Conversion,Large Screen,TruView,Unclassified,EXCLUDING,CTC,2018-10-22,718721.7424980241,7400.295997543102,
ClientBrand,Youtube,,Conversion,Large Screen,TruView,Unclassified,EXCLUDING,CTC,2018-11-12,862663,6731.409997765173,
ClientBrand,Youtube,,Conversion,Large Screen,TruView,Unclassified,EXCLUDING,CTC,2018-12-24,520159,6347.608997892594,
ClientBrand,Youtube,,Conversion,Large Screen,TruView,Unclassified,EXCLUDING,CTC,2018-12-31,357786,5162.165998286161,
ClientBrand,Youtube,,Conversion,Large Screen,TruView,Unclassified,EXCLUDING,CTC,2019-01-07,330444.62954063184,4705.178998437881,
ClientBrand,Youtube,,Conversion,Large Screen,TruView,Unclassified,EXCLUDING,CTC,2019-01-14,330805.19999999995,4705.178998437881,
ClientBrand,Youtube,,Conversion,Large Screen,TruView,Unclassified,EXCLUDING,CTC,2019-01-21,349160.20905916276,4714.539998434773,
ClientBrand,Youtube,,Conversion,Large Screen,TruView,Unclassified,EXCLUDING,CTC,2019-04-08,1933093,9985.460000000003,
ClientBrand,Youtube,,Conversion,Large Screen,TruView,Unclassified,EXCLUDING,CTC,2019-04-15,580014,3056.2200000000007,
ClientBrand,Youtube,,Conversion,Large Screen,TruView,Unclassified,EXCLUDING,CTC,2019-04-22,583018,4300.7,
ClientBrand,Youtube,,Conversion,Large Screen,TruView,Unclassified,EXCLUDING,CTC,2019-04-29,1714222,11849.080000000002,
ClientBrand,Youtube,,Conversion,Large Screen,TruView,Unclassified,EXCLUDING,CTC,2019-05-06,237073,861.85,
ClientBrand,Youtube,,Conversion,Large Screen,TruView,Unclassified,EXCLUDING,CTC,2019-05-13,468117,1821.8900000000008,
ClientBrand,Youtube,,Conversion,Large Screen,TruView,Unclassified,EXCLUDING,CTC,2019-05-20,1002931,5896.350000000001,
ClientBrand,Youtube,,Conversion,Large Screen,TruView,Unclassified,EXCLUDING,CTC,2019-05-27,647846,4489.4800000000005,
ClientBrand,Youtube,,Conversion,Large Screen,TruView,Unclassified,EXCLUDING,CTC,2019-08-05,2382342,13380.213715,
ClientBrand,Youtube,,Conversion,Large Screen,TruView,Unclassified,EXCLUDING,CTC,2019-08-12,2556150,10651.712774999998,
ClientBrand,Youtube,,Conversion,Large Screen,TruView,Unclassified,EXCLUDING,CTC,2019-08-19,4812092,27969.70275,
ClientBrand,Youtube,,Conversion,Large Screen,TruView,Unclassified,EXCLUDING,CTC,2019-08-26,2246749,13158.937412500001,
ClientBrand,Youtube,,Conversion,Large Screen,TruView,Unclassified,EXCLUDING,CTC,2019-09-02,2028115,10606.027767500002,
ClientBrand,Youtube,,Conversion,Large Screen,TruView,Unclassified,EXCLUDING,CTC,2019-09-16,3151577,21347.511542499997,
ClientBrand,Youtube,,Conversion,Large Screen,TruView,Unclassified,EXCLUDING,CTC,2019-09-23,943576,4634.03666,
ClientBrand,Youtube,,Conversion,Large Screen,TruView,Unclassified,EXCLUDING,CTC,2019-09-30,1520542,10080.309635,
ClientBrand,Youtube,,Conversion,Large Screen,TruView,Unclassified,EXCLUDING,CTC,2019-10-07,1976640,28944.6931532,
ClientBrand,Youtube,,Conversion,Large Screen,TruView,Unclassified,EXCLUDING,CTC,2019-10-14,1455337,26133.8137852,
ClientBrand,Youtube,,Conversion,Large Screen,TruView,Unclassified,EXCLUDING,CTC,2019-10-21,3953661,41956.8661325,
ClientBrand,Youtube,,Conversion,Large Screen,TruView,Unclassified,EXCLUDING,CTC,2019-10-28,12,544.3239911999999,
ClientBrand,Youtube,,Conversion,Large Screen,TruView,Unclassified,EXCLUDING,CTC,2019-11-04,384001,4237.276012034999,
ClientBrand,Youtube,,Conversion,Large Screen,TruView,Unclassified,EXCLUDING,CTC,2019-11-11,1232807,14693.48168541,
ClientBrand,Youtube,,Conversion,Large Screen,TruView,Unclassified,EXCLUDING,CTC,2019-11-18,2281943,19638.260427060002,
ClientBrand,Youtube,,Conversion,Large Screen,TruView,Unclassified,EXCLUDING,CTC,2019-12-02,1006315,10152.64644339,
ClientBrand,Youtube,,Conversion,Large Screen,TruView,Unclassified,EXCLUDING,CTC,2019-12-09,1177807,5593.6153227899995,
ClientBrand,Youtube,,Conversion,Large Screen,TruView,Unclassified,EXCLUDING,CTC,2019-12-16,1086129,6844.582581209999,
ClientBrand,Youtube,,Conversion,Large Screen,TruView,Unclassified,EXCLUDING,CTC,2019-12-23,1829294,17353.992885239997,
ClientBrand,Youtube,,Conversion,Large Screen,TruView,Unclassified,EXCLUDING,CTC,2019-12-30,600988,6502.9807923299995,
ClientBrand,Youtube,,Conversion,Large Screen,TruView,Unclassified,EXCLUDING,CTC,2020-01-06,585071,4781.665771,Updated 09/02/2022
ClientBrand,Youtube,,Conversion,Large Screen,TruView,Unclassified,EXCLUDING,CTC,2020-01-13,3916000,29588.76987,Updated 09/02/2022
ClientBrand,Youtube,,Conversion,Large Screen,TruView,Unclassified,EXCLUDING,CTC,2020-01-20,1176398,11015.80906,Updated 09/02/2022
ClientBrand,Youtube,,Conversion,Large Screen,TruView,Unclassified,EXCLUDING,CTC,2020-01-27,718830,6510.824378559594,Updated 09/02/2022
ClientBrand,Youtube,,Conversion,Large Screen,TruView,Unclassified,EXCLUDING,CTC,2020-02-03,1838029,14836.889548955542,Updated 09/02/2022
ClientBrand,Youtube,,Conversion,Large Screen,TruView,Unclassified,EXCLUDING,CTC,2020-02-17,1834403,12927.90091329494,Updated 09/02/2022
ClientBrand,Youtube,,Conversion,Large Screen,TruView,Unclassified,EXCLUDING,CTC,2020-03-23,464683,4221.754797539391,Updated 09/02/2022
ClientBrand,Youtube,,Conversion,Large Screen,TruView,Unclassified,EXCLUDING,CTC,2020-06-15,801685,6931.396305701004,Updated 09/02/2022
ClientBrand,Youtube,,Conversion,Large Screen,TruView,Unclassified,EXCLUDING,CTC,2020-06-22,510013,4879.112412686865,Updated 09/02/2022
ClientBrand,Youtube,,Conversion,Large Screen,TruView,Unclassified,EXCLUDING,CTC,2020-06-29,552985,4979.451245846461,Updated 09/02/2022
ClientBrand,Youtube,,Conversion,Large Screen,TruView,Unclassified,EXCLUDING,CTC,2020-07-06,558555,4979.4512458464615,Updated 09/02/2022
ClientBrand,Youtube,,Conversion,Large Screen,TruView,Unclassified,EXCLUDING,CTC,2020-07-13,283713,2489.7256229232303,Updated 09/02/2022
ClientBrand,Youtube,,Conversion,Large Screen,TruView,Unclassified,EXCLUDING,CTC,2020-07-20,231383,1991.771924202019,Updated 09/02/2022
ClientBrand,Youtube,,Conversion,Large Screen,TruView,Unclassified,EXCLUDING,CTC,2020-07-27,261121,1991.7933595434329,Updated 09/02/2022
ClientBrand,Youtube,,Conversion,Large Screen,TruView,Unclassified,EXCLUDING,CTC,2020-08-03,1427598,10884.094697810091,Updated 09/02/2022
ClientBrand,Youtube,,Conversion,Large Screen,TruView,Unclassified,EXCLUDING,CTC,2020-08-10,977551,8090.383780622215,Updated 09/02/2022
ClientBrand,Youtube,,Conversion,Large Screen,TruView,Unclassified,EXCLUDING,CTC,2020-08-17,963502,8060.1813845696915,Updated 09/02/2022
ClientBrand,Youtube,,Conversion,Large Screen,TruView,Unclassified,EXCLUDING,CTC,2020-08-24,773804,5804.32605414545,Updated 09/02/2022
ClientBrand,Youtube,,Conversion,Large Screen,TruView,Unclassified,EXCLUDING,CTC,2020-08-31,2342446,19218.026827579783,Updated 09/02/2022
ClientBrand,Youtube,,Conversion,Large Screen,TruView,Unclassified,EXCLUDING,CTC,2020-09-07,1642779,12852.459229187869,Updated 09/02/2022
ClientBrand,Youtube,,Conversion,Large Screen,TruView,Unclassified,EXCLUDING,CTC,2020-09-14,1219354,10012.72663398383,Updated 09/02/2022
ClientBrand,Youtube,,Conversion,Large Screen,TruView,Unclassified,EXCLUDING,CTC,2020-09-21,2081797,15750.474517696957,Updated 09/02/2022
ClientBrand,Youtube,,Conversion,Large Screen,TruView,Unclassified,EXCLUDING,CTC,2020-09-28,1810863,13410.871308367665,Updated 09/02/2022
ClientBrand,Youtube,,Conversion,Large Screen,TruView,Unclassified,EXCLUDING,CTC,2020-10-05,1750617,14071.476377739384,Updated 09/02/2022
ClientBrand,Youtube,,Conversion,Large Screen,TruView,Unclassified,EXCLUDING,CTC,2020-10-12,1143710,9683.747731630296,Updated 09/02/2022
ClientBrand,Youtube,,Conversion,Large Screen,TruView,Unclassified,EXCLUDING,CTC,2020-10-19,1785534,14078.21779261413,Updated 09/02/2022
ClientBrand,Youtube,,Conversion,Large Screen,TruView,Unclassified,EXCLUDING,CTC,2020-10-26,5553770,31124.876687953507,Updated 09/02/2022
ClientBrand,Youtube,,Conversion,Large Screen,TruView,Unclassified,EXCLUDING,CTC,2020-11-02,2087372,16036.593454892916,Updated 09/02/2022
ClientBrand,Youtube,,Conversion,Large Screen,TruView,Unclassified,EXCLUDING,CTC,2020-11-09,1026397,7425.180830517167,Updated 09/02/2022
ClientBrand,Youtube,,Conversion,Large Screen,TruView,Unclassified,EXCLUDING,CTC,2020-11-16,2414332,13042.376354117163,Updated 09/02/2022
ClientBrand,Youtube,,Conversion,Large Screen,TruView,Unclassified,EXCLUDING,CTC,2020-11-23,522020,3638.9600175010073,Updated 09/02/2022
ClientBrand,Youtube,,Conversion,Large Screen,TruView,Unclassified,EXCLUDING,CTC,2020-11-30,1795054,12186.463171450496,Updated 09/02/2022
ClientBrand,Youtube,,Conversion,Large Screen,TruView,Unclassified,EXCLUDING,CTC,2020-12-07,1565907,11027.936556369688,Updated 09/02/2022
ClientBrand,Youtube,,Conversion,Large Screen,TruView,Unclassified,EXCLUDING,CTC,2020-12-14,2540063,25683.354209105404,Updated 09/02/2022
ClientBrand,Youtube,,Conversion,Large Screen,TruView,Unclassified,EXCLUDING,CTC,2020-12-21,1961568,14765.177185547705,Updated 09/02/2022
ClientBrand,Youtube,,Conversion,Large Screen,TruView,Unclassified,EXCLUDING,CTC,2020-12-28,1407333,13093.92669165863,Updated 09/02/2022
ClientBrand,Youtube,,Conversion,Large Screen,TruView,Unclassified,EXCLUDING,CTC,2021-01-04,86147,985.5276548927469,Updated 09/02/2022
ClientBrand,Youtube,,Conversion,Large Screen,TruView,Unclassified,EXCLUDING,CTC,2021-02-08,294497,2245.6459988388065,Updated 09/02/2022
ClientBrand,Youtube,,Conversion,Large Screen,TruView,Unclassified,EXCLUDING,CTC,2021-02-15,124772,599.2506487713368,Updated 09/02/2022
ClientBrand,Youtube,,Conversion,Large Screen,TruView,Unclassified,EXCLUDING,CTC,2021-02-22,199614,1096.408067429696,Updated 09/02/2022
ClientBrand,Youtube,,Conversion,Large Screen,TruView,Unclassified,EXCLUDING,CTC,2021-03-01,159594,1518.7544940314128,Updated 09/02/2022
ClientBrand,Youtube,,Conversion,Large Screen,TruView,Unclassified,EXCLUDING,CTC,2021-03-08,1378210,10083.521136072315,Updated 09/02/2022
ClientBrand,Youtube,,Conversion,Large Screen,TruView,Unclassified,EXCLUDING,CTC,2021-03-15,1313697,10067.124707541103,Updated 09/02/2022
ClientBrand,Youtube,,Conversion,Large Screen,TruView,Unclassified,EXCLUDING,CTC,2021-03-22,1278443,9679.939743228073,Updated 09/02/2022
ClientBrand,Youtube,,Conversion,Large Screen,TruView,Unclassified,EXCLUDING,CTC,2021-03-29,1827943,13111.29526383191,Updated 09/02/2022
ClientBrand,Youtube,,Conversion,Large Screen,TruView,Unclassified,EXCLUDING,CTC,2021-04-05,1874442,17098.899608960026,Updated 09/02/2022
ClientBrand,Youtube,,Conversion,Large Screen,TruView,Unclassified,EXCLUDING,CTC,2021-04-12,1295486,9540.129872388477,Updated 09/02/2022
ClientBrand,Youtube,,Conversion,Large Screen,TruView,Unclassified,EXCLUDING,CTC,2021-04-19,1243143,8080.686968049994,Updated 09/02/2022
ClientBrand,Youtube,,Conversion,Large Screen,TruView,Unclassified,EXCLUDING,CTC,2021-04-26,1963952,13414.47307173367,Updated 09/02/2022
ClientBrand,Youtube,,Conversion,Large Screen,TruView,Unclassified,EXCLUDING,CTC,2021-05-03,796645,5895.11298156345,Updated 09/02/2022
ClientBrand,Youtube,,Conversion,Large Screen,TruView,Unclassified,EXCLUDING,CTC,2021-05-10,560210,3753.2103872383805,Updated 09/02/2022
ClientBrand,Youtube,,Conversion,Large Screen,TruView,Unclassified,EXCLUDING,CTC,2021-05-17,634900,9336.028982045447,Updated 09/02/2022
ClientBrand,Youtube,,Conversion,Large Screen,TruView,Unclassified,EXCLUDING,CTC,2021-05-24,969213,14395.284003976758,Updated 09/02/2022
ClientBrand,Youtube,,Conversion,Large Screen,TruView,Unclassified,EXCLUDING,CTC,2021-05-31,3448969,37629.80079971411,Updated 09/02/2022
ClientBrand,Youtube,,Conversion,Large Screen,TruView,Unclassified,EXCLUDING,CTC,2021-06-07,2585070,38813.160257823205,Updated 09/02/2022
ClientBrand,Youtube,,Conversion,Large Screen,TruView,Unclassified,EXCLUDING,CTC,2021-06-14,2935288,42233.97816458785,Updated 09/02/2022
ClientBrand,Youtube,,Conversion,Large Screen,TruView,Unclassified,EXCLUDING,CTC,2021-06-21,2921180,44136.45669210654,Updated 09/02/2022
ClientBrand,Youtube,,Conversion,Large Screen,TruView,Unclassified,EXCLUDING,CTC,2021-06-28,2341135,17910.70596020347,Updated 09/02/2022
ClientBrand,Youtube,,Conversion,Large Screen,TruView,Unclassified,EXCLUDING,CTC,2021-07-05,1708887,13965.346055079848,Updated 09/02/2022
ClientBrand,Youtube,,Conversion,Large Screen,TruView,Unclassified,EXCLUDING,CTC,2021-07-12,1988760,16136.843770810145,Updated 09/02/2022
ClientBrand,Youtube,,Conversion,Large Screen,TruView,Unclassified,EXCLUDING,CTC,2021-07-19,2328199,18377.653548282666,Updated 09/02/2022
ClientBrand,Youtube,,Conversion,Large Screen,TruView,Unclassified,EXCLUDING,CTC,2021-07-26,2636933,20653.485473329423,Updated 09/02/2022
ClientBrand,Youtube,,Conversion,Large Screen,TruView,Unclassified,EXCLUDING,CTC,2021-08-02,3381174,25833.420016249733,Updated 09/02/2022
ClientBrand,Youtube,,Conversion,Large Screen,TruView,Unclassified,EXCLUDING,CTC,2021-08-09,1439399,10468.784957160868,Updated 09/02/2022
ClientBrand,Youtube,,Conversion,Large Screen,TruView,Unclassified,EXCLUDING,CTC,2021-08-16,1214146,10352.9016438648,Updated 09/02/2022
ClientBrand,Youtube,,Conversion,Large Screen,TruView,Unclassified,EXCLUDING,CTC,2021-08-23,2625552,25001.454024786246,Updated 09/02/2022
ClientBrand,Youtube,,Conversion,Large Screen,TruView,Unclassified,EXCLUDING,CTC,2021-08-30,1805935,15452.149304643479,Updated 09/02/2022
ClientBrand,Youtube,,Conversion,Large Screen,TruView,Unclassified,EXCLUDING,CTC,2021-09-06,650191,3453.81965444445,Updated 09/02/2022
ClientBrand,Youtube,,Conversion,Large Screen,TruView,Unclassified,EXCLUDING,CTC,2021-09-13,759672,4436.150844431343,Updated 09/02/2022
ClientBrand,Youtube,,Conversion,Large Screen,TruView,Unclassified,EXCLUDING,CTC,2021-09-20,621080,4467.526943320671,Updated 09/02/2022
ClientBrand,Youtube,,Conversion,Large Screen,TruView,Unclassified,EXCLUDING,CTC,2021-09-27,4316723,31396.82905623838,Updated 09/02/2022
ClientBrand,Youtube,,Conversion,Large Screen,TruView,Unclassified,EXCLUDING,CTC,2021-10-04,224429,1483.4769765172416,Updated 09/02/2022
ClientBrand,Youtube,,Conversion,Large Screen,TruView,Unclassified,EXCLUDING,CTC,2021-10-11,2392669,20867.98272504233,Updated 09/02/2022
ClientBrand,Youtube,,Conversion,Large Screen,TruView,Unclassified,EXCLUDING,CTC,2021-10-18,3601047,30904.324507466456,Updated 09/02/2022
ClientBrand,Youtube,,Conversion,Large Screen,TruView,Unclassified,EXCLUDING,CTC,2021-10-25,1719138,13961.120815967563,Updated 09/02/2022
ClientBrand,Youtube,,Conversion,Large Screen,TruView,Unclassified,EXCLUDING,CTC,2021-11-01,2463408,20607.608374547563,Updated 09/02/2022
ClientBrand,Youtube,,Conversion,Large Screen,TruView,Unclassified,EXCLUDING,CTC,2021-11-08,2872529,27327.584958377916,Updated 09/02/2022
ClientBrand,Youtube,,Conversion,Large Screen,TruView,Unclassified,EXCLUDING,CTC,2021-11-15,2805685,27357.878488927996,Updated 09/02/2022
ClientBrand,Youtube,,Conversion,Large Screen,TruView,Unclassified,EXCLUDING,CTC,2021-11-22,5858620,55563.318714647176,Updated 09/02/2022
ClientBrand,Youtube,,Conversion,Large Screen,TruView,Unclassified,EXCLUDING,CTC,2021-11-29,2044414,20995.238535897028,Updated 09/02/2022
ClientBrand,Youtube,,Conversion,Large Screen,TruView,Unclassified,EXCLUDING,CTC,2021-12-06,982580,10959.698838226206,Updated 09/02/2022
ClientBrand,Youtube,,Conversion,Large Screen,TruView,Unclassified,EXCLUDING,CTC,2021-12-13,1014017,10965.340643665284,Updated 09/02/2022
ClientBrand,Youtube,,Conversion,Large Screen,TruView,Unclassified,EXCLUDING,CTC,2021-12-20,5480990,46685.84757595943,Updated 09/02/2022
ClientBrand,Youtube,,Conversion,Large Screen,TruView,Brand,EXCLUDING,CTC,2021-12-27,1290234,8024.31253054602,Updated 09/02/2022
ClientBrand,Youtube,,Conversion,Large Screen,TruView,Promo,EXCLUDING,CTC,2021-12-27,6733152,34282.29415312531,Updated 09/02/2022
ClientBrand,Youtube,,Conversion,Large Screen,TruView,Brand,EXCLUDING,CTC,2022-01-03,1328277,6055.59493727224,Updated 09/02/2022
ClientBrand,Youtube,,Conversion,Large Screen,TruView,Promo,EXCLUDING,CTC,2022-01-03,7415475,34292.85195201402,Updated 09/02/2022
ClientBrand,Youtube,,Conversion,Large Screen,TruView,Brand,EXCLUDING,CTC,2022-01-10,1129896,6040.103051060199,Updated 09/02/2022
ClientBrand,Youtube,,Conversion,Large Screen,TruView,Promo,EXCLUDING,CTC,2022-01-10,7342260,34345.24814249781,Updated 09/02/2022
ClientBrand,Youtube,,Conversion,Large Screen,TruView,Brand,EXCLUDING,CTC,2022-01-17,1018954,6026.070111614199,Updated 09/02/2022
ClientBrand,Youtube,,Conversion,Large Screen,TruView,Promo,EXCLUDING,CTC,2022-01-17,6377061,34213.63887548314,Updated 09/02/2022
ClientBrand,Youtube,,Conversion,Large Screen,TruView,Brand,EXCLUDING,CTC,2022-01-24,259290,2241.58712846934,Updated 09/02/2022
ClientBrand,Youtube,,Conversion,Large Screen,TruView,Promo,EXCLUDING,CTC,2022-01-24,6362799,34311.16804186692,Updated 09/02/2022
ClientBrand,Youtube,,Conversion,Large Screen,TruView,Brand,EXCLUDING,CTC,2022-01-31,4417499,30267.73739312928,Updated 09/02/2022
ClientBrand,Youtube,,Conversion,Large Screen,TruView,Promo,EXCLUDING,CTC,2022-01-31,4146379,24107.687768424817,Updated 09/02/2022
ClientBrand,Youtube,,Conversion,Large Screen,TruView,Brand,EXCLUDING,CTC,2022-02-07,4748339,32327.39197969306,Updated 20/02/2023
ClientBrand,Youtube,,Conversion,Large Screen,TruView,Promo,EXCLUDING,CTC,2022-02-07,3754104,19779.16851444982,Updated 20/02/2023
ClientBrand,Youtube,,Conversion,Large Screen,TruView,Brand,EXCLUDING,CTC,2022-02-14,788606,30534.27929012388,Updated 20/02/2023
ClientBrand,Youtube,,Conversion,Large Screen,TruView,Brand,EXCLUDING,CTC,2022-02-21,1668388,10176.930270989362,Updated 20/02/2023
ClientBrand,Youtube,,Conversion,Large Screen,TruView,Brand,EXCLUDING,CTC,2022-02-28,2942194,21723.964420986555,Updated 20/02/2023
ClientBrand,Youtube,,Conversion,Large Screen,TruView,Brand,EXCLUDING,CTC,2022-03-07,2200937,21794.004799867893,Updated 20/02/2023
ClientBrand,Youtube,,Conversion,Large Screen,TruView,Brand,EXCLUDING,CTC,2022-03-14,429473,4920.580395931181,Updated 20/02/2023
ClientBrand,Youtube,,Conversion,Large Screen,TruView,Brand,EXCLUDING,CTC,2022-03-21,402464,4926.95950713156,Updated 20/02/2023
ClientBrand,Youtube,,Conversion,Large Screen,TruView,Brand,EXCLUDING,CTC,2022-03-28,494416,4952.154848003841,Updated 20/02/2023
ClientBrand,Youtube,,Conversion,Large Screen,TruView,Brand,EXCLUDING,CTC,2022-04-04,599181,4948.23073960594,Updated 20/02/2023
ClientBrand,Youtube,,Conversion,Large Screen,TruView,Brand,EXCLUDING,CTC,2022-04-11,580669,4958.955265460101,Updated 20/02/2023
ClientBrand,Youtube,,Conversion,Large Screen,TruView,Promo,EXCLUDING,CTC,2022-04-11,5990709,41654.71175518954,Updated 20/02/2023
ClientBrand,Youtube,,Conversion,Large Screen,TruView,Brand,EXCLUDING,CTC,2022-04-18,561605,4919.404483917339,Updated 20/02/2023
ClientBrand,Youtube,,Conversion,Large Screen,TruView,Promo,EXCLUDING,CTC,2022-04-18,5179325,29006.08049135268,Updated 20/02/2023
ClientBrand,Youtube,,Conversion,Large Screen,TruView,Brand,EXCLUDING,CTC,2022-04-25,526392,4941.233912487359,Updated 20/02/2023
ClientBrand,Youtube,,Conversion,Large Screen,TruView,Promo,EXCLUDING,CTC,2022-04-25,7396551,45404.267035513716,Updated 20/02/2023
ClientBrand,Youtube,,Conversion,Large Screen,TruView,Promo,EXCLUDING,CTC,2022-05-02,1516823,8291.93990462328,Updated 20/02/2023
ClientBrand,Youtube,,Conversion,Large Screen,TruView,Promo,EXCLUDING,CTC,2022-05-30,5830252,35033.30854112361,Updated 20/02/2023
ClientBrand,Youtube,,Conversion,Large Screen,TruView,Promo,EXCLUDING,CTC,2022-08-22,3885737,27676.211886958758,Updated 20/02/2023
ClientBrand,Youtube,,Conversion,Large Screen,TruView,Promo,EXCLUDING,CTC,2022-08-29,940173,4997.039347413421,Updated 20/02/2023
ClientBrand,Youtube,,Conversion,Large Screen,TruView,Brand,EXCLUDING,CTC,2022-09-19,1291688,14855.15299873596,Updated 20/02/2023
ClientBrand,Youtube,,Conversion,Large Screen,TruView,Brand,EXCLUDING,CTC,2022-09-26,770881,11730.122592650741,Updated 20/02/2023
ClientBrand,Youtube,,Conversion,Large Screen,TruView,Brand,EXCLUDING,CTC,2022-10-03,1137076,14837.906386065999,Updated 20/02/2023
ClientBrand,Youtube,,Conversion,Large Screen,TruView,Brand,EXCLUDING,CTC,2022-10-10,819092,9935.937739186138,Updated 20/02/2023
ClientBrand,Youtube,,Conversion,Large Screen,TruView,Brand,EXCLUDING,CTC,2022-10-17,794757,9936.60228651804,Updated 20/02/2023
ClientBrand,Youtube,,Conversion,Large Screen,TruView,Promo,EXCLUDING,CTC,2022-10-17,1403371,14864.865229493742,Updated 20/02/2023
ClientBrand,Youtube,,Conversion,Large Screen,TruView,Brand,EXCLUDING,CTC,2022-10-24,621403,7095.89969177184,Updated 20/02/2023
ClientBrand,Youtube,,Conversion,Large Screen,TruView,Promo,EXCLUDING,CTC,2022-10-24,1806828,16649.10086764442,Updated 20/02/2023
ClientBrand,Youtube,,Conversion,Large Screen,TruView,Brand,EXCLUDING,CTC,2022-10-31,1217984,11174.688914552837,Updated 20/02/2023
ClientBrand,Youtube,,Conversion,Large Screen,TruView,Brand,EXCLUDING,CTC,2022-11-07,501551,11145.4,Updated 20/02/2023
ClientBrand,Youtube,,Conversion,Large Screen,TruView,Brand,EXCLUDING,CTC,2022-11-14,596754,13779.81,Updated 20/02/2023
ClientBrand,Youtube,,Conversion,Large Screen,TruView,Brand,EXCLUDING,CTC,2022-11-21,584242,14652.69,Updated 20/02/2023
ClientBrand,Youtube,,Conversion,Large Screen,TruView,Promo,EXCLUDING,CTC,2022-11-21,4651008,39887.63,Updated 20/02/2023
ClientBrand,Youtube,,Conversion,Large Screen,TruView,Brand,EXCLUDING,CTC,2022-11-28,643538,14985.7,Updated 20/02/2023
ClientBrand,Youtube,,Conversion,Large Screen,TruView,Brand,EXCLUDING,CTC,2022-12-05,671145,14933.85,Updated 20/02/2023
ClientBrand,Youtube,,Conversion,Large Screen,TruView,Brand,EXCLUDING,CTC,2022-12-12,682229,15020.75,Updated 20/02/2023
ClientBrand,Youtube,,Conversion,Large Screen,TruView,Brand,EXCLUDING,CTC,2022-12-19,1550560,16015.36,Updated 20/02/2023
ClientBrand,Youtube,,Conversion,Large Screen,TruView,Promo,EXCLUDING,CTC,2022-12-19,4300021,39021.89,Updated 20/02/2023
ClientBrand,Youtube,,Conversion,Large Screen,TruView,Brand,EXCLUDING,CTC,2022-12-26,215876,4055.84,Updated 20/02/2023
ClientBrand,Youtube,,Conversion,Large Screen,TruView,Promo,EXCLUDING,CTC,2022-12-26,11491842,65734.08,Updated 20/02/2023
ClientBrand,Youtube,,Conversion,Large Screen,TruView,Brand,EXCLUDING,CTC,2023-01-02,520864,5851.53,Updated 20/02/2023
ClientBrand,Youtube,,Conversion,Large Screen,TruView,Promo,EXCLUDING,CTC,2023-01-02,10168695,46401.9,Updated 20/02/2023
ClientBrand,Youtube,,Conversion,Large Screen,TruView,Brand,EXCLUDING,CTC,2023-01-09,345529,3986.04,Updated 20/02/2023
ClientBrand,Youtube,,Conversion,Large Screen,TruView,Promo,EXCLUDING,CTC,2023-01-09,8958906,38844.85,Updated 20/02/2023
ClientBrand,Youtube,,Conversion,Large Screen,TruView,Brand,EXCLUDING,CTC,2023-01-16,323987,3984.22,Updated 20/02/2023
ClientBrand,Youtube,,Conversion,Large Screen,TruView,Promo,EXCLUDING,CTC,2023-01-16,5997277,27567.08,Updated 20/02/2023
ClientBrand,Youtube,,Conversion,Large Screen,TruView,Brand,EXCLUDING,CTC,2023-01-23,303542,3850.58,Updated 20/02/2023
ClientBrand,Youtube,,Conversion,Large Screen,TruView,Brand,EXCLUDING,CTC,2023-01-30,324978,3977.76,Updated 20/02/2023
ClientBrand,Youtube,,Conversion,Large Screen,TruView,Promo,EXCLUDING,CTC,2023-01-30,3762319,15064.223811608583,Updated 20/02/2023
ClientBrand,Youtube,,Conversion,Large Screen,TruView,Brand,EXCLUDING,CTC,2023-02-06,301351,3710.26,Updated 20/02/2023
ClientBrand,Youtube,,Conversion,Large Screen,TruView,Promo,EXCLUDING,CTC,2023-02-06,3442715,15013.416574703859,Updated 20/02/2023
